id,slug,title,description,status,category,factsDate,startDate,verdictDate,annee_faits,annee_verdict,duree_procedure,sentence,appeal,politician_id,politician_name,politician_slug,party_short,party_name,position_politique,institution,departmentCode,constituency,age_approx,annee_naissance,isCurrent
cmmt0k2wr0000ryv5r4guuaxm,emploi-fictif-assistant-parlementaire-yann-bompard,Emploi fictif d'assistant parlementaire,"Yann Bompard est condamné pour avoir occupé un emploi fictif d'assistant parlementaire de la députée Marie-France Lorho entre novembre 2022 et février 2023. L'Assemblée nationale, partie civile, estime son préjudice à environ 75 000 euros. Le tribunal correctionnel de Marseille le condamne le 26 janvier 2026 à cinq ans d'inéligibilité avec exécution provisoire et dix-huit mois de prison avec sursis. L'inéligibilité entraîne la perte immédiate de son mandat de maire d'Orange. Yann Bompard et sa co-accusée Marie-France Lorho font appel de la décision.",APPEL_EN_COURS,EMPLOI_FICTIF,2022-11-01T00:00:00.000Z,Non spécifié,2026-01-26T00:00:00.000Z,2022.0,2026.0,,Non spécifié,False,cmmowm65u22hougv5tl0p2p1k,Yann Bompard,yann-bompard,LS,Ligue du Sud,Non spécifié,Non spécifié,Non spécifié,Non spécifié,39.0,1986.0,Non spécifié
cmmnpqavz00009rv5oqh2m09a,francois-grosdidier-detournement-fonds-publics-remuneration-woippy,Detournement de fonds publics pour remuneration irreguliere a Woippy,"Alors qu'il etait maire de Woippy (2001-2017), Francois Grosdidier aurait gonfle les chiffres de population officielle de la commune pour justifier des budgets de personnel plus eleves, permettant la remuneration irreguliere de collaborateurs. Le montant estime des remunerations irregulieres s'eleve a environ 569 000 euros. En 2024, le juge d'instruction a prononce un non-lieu partiel, mais la chambre de l'instruction de la cour d'appel de Paris, saisie par Anticor, a infirme partiellement cette decision : le non-lieu pour favoritisme a ete confirme, mais le renvoi devant le tribunal correctionnel pour detournement de fonds publics a ete ordonne. Grosdidier a forme un pourvoi en cassation, suspendant la procedure dans l'attente de la decision de la Cour de cassation.",RENVOI_TRIBUNAL,DETOURNEMENT_FONDS_PUBLICS,2010-01-01T00:00:00.000Z,2024-01-01T00:00:00.000Z,Non spécifié,2010.0,,,Non spécifié,False,cmlrjqllt0015xh3yhhrc2nk5,François Grosdidier,francois-grosdidier,Non spécifié,Non spécifié,Non spécifié,Non spécifié,Non spécifié,Non spécifié,64.0,1961.0,Non spécifié
cmmno2bms0000iuv58jnwq9ey,nicolas-sansu-plainte-harcelement-decembre-2025,Plainte pour harcelement deposee par une ancienne relation,"Le 22 decembre 2025, une ancienne relation de Nicolas Sansu a depose plainte pour harcelement aupres du parquet de Bourges. Selon la plaignante, le depute se serait presente en etat d'ebriete a ce qu'il pensait etre son domicile (mauvaise adresse), aurait crie et jete un chargeur de telephone contre la fenetre. La plaignante affirme que le harcelement dure depuis plusieurs annees. Le PCF du Cher a suspendu ses droits de parti et lui a demande de se mettre en retrait de toutes ses responsabilites. Sansu conteste les faits, parlant d'une 'mauvaise histoire d'amour'. Une enquete a ete ouverte par le parquet de Bourges.",ENQUETE_PRELIMINAIRE,HARCELEMENT_MORAL,2025-12-22T00:00:00.000Z,2025-12-23T00:00:00.000Z,Non spécifié,2025.0,,,Non spécifié,False,cmkjnz793002uvtv5q1hkxl5y,Nicolas Sansu,nicolas-sansu,PCF,Parti communiste français,Non spécifié,Non spécifié,Non spécifié,Non spécifié,57.0,1968.0,Non spécifié
cmmnm9z3z0000snv52zos284s,valerie-boyer-diffamation-farida-benaouda-mosquee-bleuets-marseille,Poursuites pour diffamation envers Farida Benaouda (mosquee des Bleuets),"Valerie Boyer, ainsi que les conseillers municipaux Catherine Pila et Pierre Robin, ont ete cites a comparaitre devant le tribunal correctionnel de Marseille pour diffamation publique envers Farida Benaouda, elue du Printemps marseillais. Les propos vises ont ete tenus sur X (ex-Twitter) et dans La Provence, concernant la mosquee des Bleuets dans le 13e arrondissement de Marseille. Une premiere audience a eu lieu fin 2024, suivie d'un renvoi. L'audience est fixee au 2 septembre 2025.",PROCES_EN_COURS,DIFFAMATION,2024-06-01T00:00:00.000Z,2024-11-01T00:00:00.000Z,Non spécifié,2024.0,,,Non spécifié,False,cmksfd9up00jfc0v5wemviy6g,Valérie Boyer,valerie-boyer,LR,Les Républicains,Non spécifié,Non spécifié,Non spécifié,Non spécifié,63.0,1962.0,Non spécifié
cmmnk3w3s000064v5r5xj1rvt,christine-engrand-delit-de-fuite-guines-septembre-2025,Enquete pour delit de fuite apres un accident a Guines,"Le 22 septembre 2025, une Volkswagen Beetle blanche appartenant a Christine Engrand a percute un vehicule en stationnement a Guines (Pas-de-Calais), a quelques centaines de metres de son bureau parlementaire, puis a quitte les lieux sans s'arreter. Une plainte a ete deposee le lendemain et l'enquete a ete confiee a l'Unite de police judiciaire de Calais. Le dossier est en cours d'instruction au parquet de Boulogne-sur-Mer. Fait aggravant : le tribunal de Boulogne avait juge en mai 2025 qu'Engrand n'avait pas de permis de conduire valide depuis 2009.",ENQUETE_PRELIMINAIRE,AUTRE,2025-09-22T00:00:00.000Z,2025-09-23T00:00:00.000Z,Non spécifié,2025.0,,,Non spécifié,False,cmkjo0cmb00iovtv5dkkmksfz,Christine Engrand,christine-engrand,Non spécifié,Non spécifié,Non spécifié,Non spécifié,Non spécifié,Non spécifié,70.0,1955.0,Non spécifié
cmmnd91b50006fvv5illj9c55,aurelien-tache-plainte-prefet-diffamation-police-tue,Plainte du prefet du Val-d'Oise pour diffamation envers les forces de l'ordre,"En aout 2025, le prefet du Val-d'Oise a depose plainte pour diffamation contre Aurelien Tache. Le depute avait ecrit sur X que ""la police tue partout"" en reference a la mort de Gabriel Bee, tue par un gendarme dans la nuit du 20-21 mai 2025 a Auge (Val-d'Oise).",ENQUETE_PRELIMINAIRE,DIFFAMATION,2025-08-01T00:00:00.000Z,2025-08-20T00:00:00.000Z,Non spécifié,2025.0,,,Non spécifié,False,cmkjnznbh0090vtv5w5wcsyrx,Aurélien Taché,aurelien-tache,LFI,La France insoumise,Non spécifié,Non spécifié,Non spécifié,Non spécifié,41.0,1984.0,Non spécifié
cmmnd916f0003fvv5w0yre8wm,sebastien-delogu-convocation-police-propos-adama-traore,Convocation policiere pour propos sur la mort d'Adama Traore,"En mars 2026, Sebastien Delogu est convoque par la police a Marseille apres une plainte du prefet de region. Le depute avait declare lors d'une reunion de campagne municipale que ""la police tue partout"", en reference a la mort d'Adama Traore. Le prefet a depose plainte pour diffamation envers les forces de l'ordre.",ENQUETE_PRELIMINAIRE,DIFFAMATION,2026-03-01T00:00:00.000Z,2026-03-05T00:00:00.000Z,Non spécifié,2026.0,,,Non spécifié,False,cmkjo00n800e4vtv5xfq65kxw,Sébastien Delogu,sebastien-delogu,LFI,La France insoumise,Non spécifié,Non spécifié,Non spécifié,Non spécifié,38.0,1987.0,Non spécifié
cmmnd910y0000fvv5erl5iwqf,pascal-markowsky-enquete-banqueroute-liquidation-mpc,Enquete pour banqueroute apres la liquidation judiciaire de MPC,"La societe MPC (Media Publicite Conseil), entreprise d'imprimerie et de signaletique de Pascal Markowsky, a ete placee en liquidation judiciaire le 27 mai 2025 par le tribunal de commerce de La Rochelle. Le parquet de La Rochelle a ouvert une enquete pour banqueroute. Cette affaire est distincte des commandes d'imprimerie surfacturees, et porte specifiquement sur les conditions de la faillite de l'entreprise.",ENQUETE_PRELIMINAIRE,ABUS_BIENS_SOCIAUX,2025-05-27T00:00:00.000Z,2025-06-01T00:00:00.000Z,Non spécifié,2025.0,,,Non spécifié,False,cmkjo0vau00pyvtv5vd33hz5w,Pascal Markowsky,pascal-markowsky,RN,Rassemblement National,Non spécifié,Non spécifié,Non spécifié,Non spécifié,71.0,1954.0,Non spécifié
cmmncz5280003bbv5wtusj6hm,marine-tondelier-relaxe-diffamation-viticulteurs-narbonne,Relaxe pour diffamation envers des viticulteurs de l'Aude,"Des viticulteurs de l'Aude ont depose plainte pour diffamation contre Marine Tondelier a la suite de propos tenus lors d'une visite avec Sandrine Rousseau. Le tribunal correctionnel de Narbonne l'a relaxee le 25 octobre 2024, estimant qu'il n'y avait pas d'intention diffamatoire.",RELAXE,DIFFAMATION,2024-06-01T00:00:00.000Z,Non spécifié,2024-10-25T00:00:00.000Z,2024.0,2024.0,,Non spécifié,False,cmll0vym100002dv57ns6q8wa,Marine Tondelier,marine-tondelier,EELV,Les Écologistes – Europe Écologie Les Verts,Non spécifié,Non spécifié,Non spécifié,Non spécifié,39.0,1986.0,Non spécifié
cmmnbhde30006zlv5ym58e41l,rima-hassan-enquete-apologie-terrorisme-declarations-hamas,Enquete pour apologie du terrorisme apres des declarations sur le Hamas,"En fevrier 2024, Rima Hassan declare sur Sud Radio que ""le Hamas a une action legitime au regard du droit international"". Plusieurs plaintes sont deposees, notamment par le BNVCA. Elle est entendue en audition libre le 17 avril 2025. Selon Europe 1 (mars 2026), un renvoi en correctionnelle serait attendu avant l'ete 2026. L'enquete est en cours.",ENQUETE_PRELIMINAIRE,AUTRE,2024-02-01T00:00:00.000Z,2024-02-15T00:00:00.000Z,Non spécifié,2024.0,,,Non spécifié,False,cmksr6kvq000ra2v58tvsqs4y,Rima Hassan,rima-hassan,LFI,La France insoumise,Non spécifié,Non spécifié,Non spécifié,Non spécifié,33.0,1992.0,Non spécifié
cmmnbhd9n0003zlv5zz81qg1y,rima-hassan-relaxe-injure-publique-anne-pernelle-richardot,Relaxe pour injure publique envers Anne-Pernelle Richardot,"En novembre 2024, Rima Hassan a qualifie la conseillere municipale PS de Strasbourg Anne-Pernelle Richardot d'""islamophobe assumee"" sur le reseau social X, apres que cette derniere a soutenu l'interdiction d'une conference sur la Palestine a l'Universite de Strasbourg. Poursuivie pour injure publique, Rima Hassan a ete relaxee le 4 mars 2026 par le tribunal correctionnel de Strasbourg, qui a juge que les propos s'inscrivaient dans un debat public entre deux elues sans depasser les limites de la liberte d'expression.",RELAXE,DIFFAMATION,2024-11-01T00:00:00.000Z,Non spécifié,2026-03-04T00:00:00.000Z,2024.0,2026.0,,Non spécifié,False,cmksr6kvq000ra2v58tvsqs4y,Rima Hassan,rima-hassan,LFI,La France insoumise,Non spécifié,Non spécifié,Non spécifié,Non spécifié,33.0,1992.0,Non spécifié
cmmnbhd4j0000zlv5e0rmjewy,eric-zemmour-condamnation-diffamation-patrick-klugman,Condamnation definitive pour diffamation envers Patrick Klugman,"La Cour de cassation a rejete en janvier 2025 le pourvoi d'Eric Zemmour contre sa condamnation pour diffamation envers l'avocat Patrick Klugman, rendant la condamnation definitive. L'affaire portait sur des propos tenus par Zemmour a l'encontre de l'avocat.",CONDAMNATION_DEFINITIVE,DIFFAMATION,Non spécifié,Non spécifié,2025-01-15T00:00:00.000Z,,2025.0,,Non spécifié,False,cmkjtm89x001i9lv543xmi66t,Éric Zemmour,eric-zemmour,REC,Reconquête,Non spécifié,Non spécifié,Non spécifié,Non spécifié,67.0,1958.0,Non spécifié
cmmn9blkq0005j5v5n18c1je3,jordan-bardella-plainte-detournement-fonds-publics-media-training,Plainte pour detournement de fonds publics lies a des prestations de media training,"En 2024, une plainte a ete deposee contre Jordan Bardella pour detournement de fonds publics. L'affaire porte sur l'utilisation de fonds parlementaires europeens pour financer des prestations de media training et de communication personnelle, en dehors du cadre de son mandat de depute europeen. L'enquete preliminaire est en cours pour determiner si ces depenses etaient liees a l'activite parlementaire ou a la promotion personnelle du president du Rassemblement national.",ENQUETE_PRELIMINAIRE,DETOURNEMENT_FONDS_PUBLICS,2023-01-01T00:00:00.000Z,2024-06-01T00:00:00.000Z,Non spécifié,2023.0,,,Non spécifié,False,cmksr6uqb005na2v5pguwp1t9,Jordan Bardella,jordan-bardella,RN,Rassemblement National,Non spécifié,Non spécifié,Non spécifié,Non spécifié,30.0,1995.0,Non spécifié
cmmn99f950000snv5rq2gqz40,emmanuel-macron-affaire-mckinsey-information-judiciaire-comptes-de-campagne,Information judiciaire sur les comptes de campagne 2017 et le recours aux cabinets de conseil,"En janvier 2025, le Parquet national financier (PNF) a ouvert une information judiciaire visant des soupcons de financement illegal de la campagne presidentielle de 2017 d'Emmanuel Macron, en lien avec le recours aux cabinets de conseil McKinsey et Accenture. Les investigations portent sur des prestations de conseil qui auraient ete sous-facturees ou non declarees dans les comptes de campagne. L'enquete preliminaire avait ete ouverte en 2022 a la suite du rapport senatorial sur l'influence des cabinets de conseil. Les juges d'instruction examinent les flux financiers entre les cabinets, la campagne, et des intermediaires. Emmanuel Macron beneficie de l'immunite presidentielle pendant la duree de son mandat.",INSTRUCTION,FINANCEMENT_ILLEGAL_CAMPAGNE,2017-04-01T00:00:00.000Z,2022-11-24T00:00:00.000Z,Non spécifié,2017.0,,,Non spécifié,False,cmktqodu30000guv58dd7jbjc,Emmanuel Macron,emmanuel-macron,RE,Renaissance,Non spécifié,Non spécifié,Non spécifié,Non spécifié,48.0,1977.0,Non spécifié
cmmmcvtsd0005wpv5sme66l72,soupcons-emploi-fictif-ministere-economie-2014-2021,Soupcons d'emploi fictif au ministere de l'Economie entre 2014 et 2021,"L'association Anticor a depose le 17 janvier 2025 une plainte avec constitution de partie civile aupres du doyen des juges d'instruction du tribunal judiciaire de Paris. La plainte vise des faits de detournement de fonds, complicite et recel de detournement de fonds. Selon Anticor, Jean-Luc Moudenc a occupe un poste de haut fonctionnaire au ministere de l'Economie entre 2014 et 2021, tout en exercant ses fonctions de maire de Toulouse et de president de Toulouse Metropole, et aurait percu 514 260 euros pour un travail qualifie d'""inexistant"". Deux signalements anterieurs sur les memes faits (a la HATVP et au parquet de Toulouse) avaient ete classes sans suite, Moudenc ayant demontre avoir accompli les formalites requises. Jean-Luc Moudenc qualifie ces accusations d'""attaque politique"" recurrente.",ENQUETE_PRELIMINAIRE,EMPLOI_FICTIF,2014-01-01T00:00:00.000Z,2025-01-17T00:00:00.000Z,Non spécifié,2014.0,,,Non spécifié,False,cmmlazsqn000aksv54429p17s,Jean Luc Moudenc,jean-luc-moudenc,Non spécifié,Non spécifié,Non spécifié,Non spécifié,Non spécifié,Non spécifié,65.0,1960.0,Non spécifié
cmmmcvtn20000wpv5w3woseya,soupcons-detournement-fonds-publics-campagne-municipale-2020,Soupcons de détournement de fonds publics lors de la campagne municipale 2020,"Une enquete preliminaire a ete ouverte par le parquet d'Auch en octobre 2025, a la suite d'une plainte de l'association Anticor deposee le 6 juin 2025. L'association accuse le maire de Toulouse d'avoir mobilise des fonctionnaires municipaux, dont son directeur de cabinet et son adjoint, pour travailler sur sa campagne de reelection 2020 pendant leurs heures de service. Les agents auraient utilise des pseudonymes et des adresses email non identifiables pour rediger des discours, preparer des elements de langage et elaborer des notes de campagne sur les ordinateurs de la mairie. Les directeurs de Tisseo (transports publics) et de l'agence d'urbanisme de Toulouse auraient egalement fourni du contenu exploite a des fins electorales. Cinq adjoints au maire sont nommes comme soupconnes de complicite. Une premiere enquete sur les memes faits avait ete classee sans suite en 2023. Jean-Luc Moudenc qualifie ces accusations d'""attaque politique"".",ENQUETE_PRELIMINAIRE,DETOURNEMENT_FONDS_PUBLICS,2019-09-01T00:00:00.000Z,2025-06-06T00:00:00.000Z,Non spécifié,2019.0,,,Non spécifié,False,cmmlazsqn000aksv54429p17s,Jean Luc Moudenc,jean-luc-moudenc,Non spécifié,Non spécifié,Non spécifié,Non spécifié,Non spécifié,Non spécifié,65.0,1960.0,Non spécifié
cmm84jc21004q04l4sjig7zvz,jocelyn-dessigny-partage-de-contenus-supremacistes-et-antisemites-par-le-depute-dessigny,Partage de contenus suprémacistes et antisémites par le député Dessigny,"[Jocelyn Dessigny](/politiques/jocelyn-dessigny), député [Rassemblement National](/partis/rassemblement-national) de la 5ème circonscription, est visé par une enquête préliminaire pour partage de contenus à caractère suprémaciste et antisémite. Les faits reprochés concernent des publications partagées sur un compte Facebook contenant des propos suprémacistes, antisémites et nostalgiques du régime de Vichy. Les contenus proviendraient notamment de l'association animée par Alain Soral et du Parti de la France. Cette situation n'est pas isolée : l'élu a déjà été signalé en 2024 pour des faits similaires, constituant une récidive dans ce type de comportement. L'enquête préliminaire a été ouverte pour incitation à la haine basée sur l'origine, la religion ou l'ethnie. Cette affaire intervient dans un contexte où plusieurs élus de son parti ont fait l'objet de poursuites ou de signalements pour des contenus ou propos problématiques. Elle s'ajoute à un précédent dossier impliquant [Jocelyn Dessigny](/politiques/jocelyn-dessigny), l'[affaire des emplois familiaux croisés Dessigny-Ménaché](/affaires/jocelyn-dessigny-emplois-familiaux-croises-dessigny-menache), qui relevait d'une autre nature d'infraction. Sous le régime de la présomption d'innocence, l'enquête est en cours pour déterminer les responsabilités exactes dans la diffusion de ces contenus.",ENQUETE_PRELIMINAIRE,INCITATION_HAINE,Non spécifié,Non spécifié,Non spécifié,,,,Non spécifié,False,cmkjnzwq600cmvtv5n10awcqx,Jocelyn Dessigny,jocelyn-dessigny,RN,Rassemblement National,Non spécifié,Non spécifié,Non spécifié,Non spécifié,44.0,1981.0,Non spécifié
cmm76879000001v21kdvafuo8,raphael-arnault-violences-volontaires-en-reunion-raphael-arnault,Condamnation de Raphaël Arnault pour violences volontaires en réunion,"Raphaël Arnault a été condamné pour des violences volontaires en réunion remontant à 2021. Le tribunal correctionnel de Lyon l'a condamné en février 2022 à 4 mois de prison avec sursis. Après avoir interjeté appel, la condamnation est devenue définitive en 2025, comme confirmé par l'article du Figaro qui indique que ""le député élu sous la bannière du parti désormais classé à l'extrême gauche du champ politique a été définitivement condamné à 4 mois de prison avec sursis au chef de violences volontaires en réunion"". Raphaël Arnault, fondateur de la Jeune Garde et collaborateur parlementaire d'un élu du Vaucluse puis député de la première circonscription du Vaucluse sous la bannière LFI, a toujours démenti les faits.",CONDAMNATION_DEFINITIVE,VIOLENCE,2021-04-24T00:00:00.000Z,Non spécifié,2022-02-18T00:00:00.000Z,2021.0,2022.0,,4 mois de prison avec sursis,False,cmkjo18uj00v8vtv5i5jrui85,Raphaël Arnault,raphael-arnault,LFI,La France insoumise,Non spécifié,Non spécifié,Non spécifié,Non spécifié,30.0,1995.0,Non spécifié
cmlvordal00448av5fjso94gi,martine-froger-instruction-judiciaire-visant-martine-froger-pour-abus-de-confiance-et-travail-dissimule,Instruction judiciaire visant Martine Froger pour abus de confiance et travail dissimulé,"Une information judiciaire a été ouverte le 20 octobre 2025 par le parquet de Toulouse visant Martine Froger, députée de l'Ariège, pour abus de confiance, travail dissimulé, abus de biens sociaux, omission de désignation d'un commissaire aux comptes et manquement aux obligations de déclaration à la Haute Autorité pour la Transparence de la Vie Publique. L'enquête, débutée en février 2025 suite à un signalement de Tracfin, porte sur la gestion de deux associations dont elle était directrice salariée ainsi que de la SASU ""Les jardins d'Occitanie"" entre 2019 et 2025. Des perquisitions ont été effectuées fin novembre 2025 à son domicile et dans des sièges associatifs en Ariège. Le Bureau de l'Assemblée nationale a levé son immunité parlementaire le 18 février 2026 pour permettre la poursuite des investigations. La députée, présumée innocente, affirme coopérer pleinement avec la justice.",INSTRUCTION,ABUS_CONFIANCE,2019-01-01T00:00:00.000Z,Non spécifié,Non spécifié,2019.0,,,Non spécifié,False,cmkjo0rri00omvtv59u29go5i,Martine Froger,martine-froger,PS,Socialistes et apparentés,Non spécifié,Non spécifié,Non spécifié,Non spécifié,64.0,1961.0,Non spécifié
cmlv85kch017eemv51vyyn2ns,eric-zemmour-propos-sur-les-trafiquants-de-crack-senegalais,Affaire des propos sur les trafiquants de crack sénégalais,"[Éric Zemmour](/politiques/eric-zemmour), dirigeant de [Reconquête](/partis/reconquete), est renvoyé en mai 2024 devant la XVIIe chambre correctionnelle du tribunal judiciaire de Paris pour des propos tenus entre 2021 et mars 2022 sur le plateau de CNews. **Les faits** Les déclarations incriminées portent sur les trafiquants de crack et établissent un lien direct avec une origine géographique. En 2021, [Zemmour](/politiques/eric-zemmour) aurait affirmé que « tous les trafiquants de cracks sont des Sénégalais ». Une affirmation similaire a été répétée en mars 2022, déclarant que « la plupart des vendeurs de cracks sont Sénégalais clandestins ». **Procédure** Le renvoi en correctionnelle est intervenu en mai 2024 pour des poursuites visant la catégorie d'incitation à la haine et discrimination. Le tribunal saisi est compétent en matière de délits de presse et de discours. Le procès est en cours au moment de ce bilan. **Contexte** Cette affaire s'inscrit dans une trajectoire judiciaire marquée par d'autres poursuites comparables, notamment une [condamnation antérieure pour provocation à la discrimination raciale (2011)](/affaires/eric-zemmour-condamnation-pour-provocation-a-la-discrimination-raciale-france-o-et-canal-2011) et une [condamnation pour injure raciale (Crépol)](/affaires/eric-zemmour-condamnation-pour-injure-raciale-dans-l-affaire-de-crepol). Sous réserve de présomption d'innocence, les éléments de dossier sont actuellement en instruction.",PROCES_EN_COURS,INCITATION_HAINE,2021-01-01T00:00:00.000Z,2025-12-19T00:00:00.000Z,Non spécifié,2021.0,,,Non spécifié,False,cmkjtm89x001i9lv543xmi66t,Éric Zemmour,eric-zemmour,REC,Reconquête,Non spécifié,Non spécifié,Non spécifié,Non spécifié,67.0,1958.0,Non spécifié
cmlv85k7r017bemv5tbefpcn8,eric-zemmour-accusation-de-diffamation-par-cecile-duflot-pour-des-propos-sur-l-affaire-baupin,Accusation de diffamation par Cécile Duflot pour des propos sur l'affaire Baupin,"[Éric Zemmour](/politiques/eric-zemmour), alors intellectuel et chroniqueur, a été poursuivi en diffamation suite à des déclarations publiques concernant l'affaire Denis Baupin et la couverture médiatique de celle-ci. **Contexte et faits** En mai 2016, le site Mediapart publie une enquête révélant des accusations de harcèlement et d'agressions sexuelles contre Denis Baupin, figure historique de La France Insoumise et ancien vice-président de l'Assemblée nationale. Cette publication suscite une controverse publique sur les modalités de révélation. Le 12 mai 2016, lors d'une intervention sur RTL, Zemmour affirme que Mediapart a violé les règles de respect de la vie privée en diffusant les échanges de Baupin. Il allègue également que les journalistes de Mediapart agissent comme « instruments de la vengeance » de Cécile Duflot, ancienne ministre de l'Égalité des territoires, contre Emmanuelle Cosse, autre figure politique écologiste. **Procédure judiciaire** Cécile Duflot, estimant ses paroles diffamatoires, engage des poursuites en justice. L'affaire est jugée devant le tribunal correctionnel de Paris. **Verdict** Le 6 février 2018, le tribunal relaxe Éric Zemmour, jugeant que ses allégations ne constituent pas des imputations de faits précis et déterminés à caractère diffamatoire. La relaxe reconnaît le caractère d'appréciation critique de ses propos, relevant davantage du débat public que de l'imputation factuelle.",RELAXE,DIFFAMATION,2016-05-12T00:00:00.000Z,Non spécifié,2018-02-06T00:00:00.000Z,2016.0,2018.0,,Non spécifié,False,cmkjtm89x001i9lv543xmi66t,Éric Zemmour,eric-zemmour,REC,Reconquête,Non spécifié,Non spécifié,Non spécifié,Non spécifié,67.0,1958.0,Non spécifié
cmlv85k37016temv5cfa7c6y7,eric-zemmour-propos-sur-petain-sauveur-des-juifs-francais,Affaire des propos sur Pétain « sauveur des Juifs français »,"[Éric Zemmour](/politiques/eric-zemmour), dirigeant de [Reconquête](/partis/reconquete), est poursuivi pour contestation de crime contre l'humanité suite à ses propos tenus le 14 octobre 2019 dans l'émission Face à l'info, affirmant que « Pétain avait sauvé les juifs français ». Ces déclarations concernent la politique de collaboration du régime de Vichy envers l'occupation nazi et sa responsabilité dans la déportation de plus de 75 000 juifs de France. La première instance a prononcé une relaxe en février 2021, confirmée en appel en mai 2022. Cependant, la Cour de cassation a cassé cette décision en septembre 2023, estimant que les juges n'avaient pas correctement qualifié les éléments constitutifs de l'infraction, et a ordonné un nouveau procès. Le 2 avril 2025, la cour d'appel de Paris a condamné [Éric Zemmour](/politiques/eric-zemmour) à 10 000 euros d'amende pour contestation de crime contre l'humanité. L'intéressé a annoncé immédiatement se pourvoir en cassation, ce qui maintient le dossier en voie de recours. Sous réserve de confirmation en cassation, cette condamnation s'inscrit dans un contexte judiciaire plus large concernant ce politicien, incluant d'autres poursuites pour provocation à la discrimination et à la haine.",CONDAMNATION_PREMIERE_INSTANCE,AUTRE,2019-10-14T00:00:00.000Z,Non spécifié,2025-04-15T00:00:00.000Z,2019.0,2025.0,,10 000 € d'amende pour contestation de crime contre l'humanité,True,cmkjtm89x001i9lv543xmi66t,Éric Zemmour,eric-zemmour,REC,Reconquête,Non spécifié,Non spécifié,Non spécifié,Non spécifié,67.0,1958.0,Non spécifié
cmlv85jyh016oemv5eivrc9qa,eric-zemmour-condamnation-pour-injure-raciale-dans-l-affaire-de-crepol,Condamnation pour injure raciale dans l'affaire de Crépol,"Le 30 novembre 2023, lors d'une interview en direct sur RMC et BFMTV, Éric Zemmour réagit au meurtre de Thomas Perotto à Crépol en déclarant : « Nous avons aujourd'hui une situation où nous avons deux peuples, deux France, deux jeunesses, celle de Thomas, celle de Chahid ». Il reproche aux « médias » et au « gouvernement » un « écran de fumée » par rapport « au meurtre de Thomas » et aux « dizaines de morts de la main des racailles arabo-musulmanes ». Le 26 mars 2025, le tribunal correctionnel de Paris le condamne à une amende de 9 000 euros pour injure raciale. Le tribunal souligne qu'il tient un « discours essentialiste en déduisant l'origine des individus des prénoms qu'ils portent » et « désigne comme assassins les personnes d'origine arabe et de confession musulmane qu'il traite de racailles ». Éric Zemmour fait appel de cette condamnation.",APPEL_EN_COURS,INCITATION_HAINE,2023-11-30T00:00:00.000Z,Non spécifié,2025-03-26T00:00:00.000Z,2023.0,2025.0,,"9 000 euros d'amende, pouvant donner lieu à incarcération en cas de non-paiement",True,cmkjtm89x001i9lv543xmi66t,Éric Zemmour,eric-zemmour,REC,Reconquête,Non spécifié,Non spécifié,Non spécifié,Non spécifié,67.0,1958.0,Non spécifié
cmlv85jtz016eemv5monnp7xl,eric-zemmour-diatribe-anti-immigration-de-2019,Affaire de la diatribe anti-immigration de 2019,"En septembre 2019, Éric Zemmour tient un discours lors de la convention de la droite avec des propos contre les musulmans et l'immigration. Le tribunal judiciaire de Paris le condamne en première instance en septembre 2020 à 10 000 euros d'amende pour injure et provocation à la haine. Relaxé en appel en 2021, sa relaxe est annulée par la Cour de cassation en février 2023. Rejugé en appel en février 2024, il est condamné à 15 000 euros d'amende pour provocation à la haine contre les migrants et les mineurs isolés et injures publiques. La Cour de cassation confirme cette condamnation en septembre 2025.",CONDAMNATION_DEFINITIVE,INCITATION_HAINE,2019-09-01T00:00:00.000Z,Non spécifié,2025-09-16T00:00:00.000Z,2019.0,2025.0,,15 000 € d'amende pour provocation à la haine raciale et injures racistes,False,cmkjtm89x001i9lv543xmi66t,Éric Zemmour,eric-zemmour,REC,Reconquête,Non spécifié,Non spécifié,Non spécifié,Non spécifié,67.0,1958.0,Non spécifié
cmlv85jgf0164emv55va68nbg,eric-zemmour-provocation-a-la-haine-religieuse-envers-les-musulmans-c-a-vous-2016,"Provocation à la haine religieuse envers les musulmans (C à vous, 2016)","[Éric Zemmour](/politiques/eric-zemmour), alors éditorialiste et figure médiatique proche de la droite identitaire, est condamné définitivement pour provocation à la haine religieuse envers les musulmans. **Contexte et faits** Le 16 septembre 2016, lors de son passage à l'émission C à vous sur France 5 pour promouvoir son ouvrage *Un quinquennat pour rien*, Zemmour tient des propos caractérisés comme des incitations à la haine envers les musulmans. Cette intervention s'inscrit dans une série de prises de position controversées de l'éditorialiste sur les questions migratoires et identitaires. **Procédure judiciaire** L'affaire est portée devant les juridictions. Le tribunal correctionnel condamne Zemmour pour provocation à la haine en raison de son implication directe dans les déclarations publiques. La Cour de cassation confirme cette condamnation en appel. **Verdict et peine** Par décision définitive du 17 septembre 2019, la Cour de cassation maintient la condamnation. Zemmour est condamné au paiement d'une amende de 3 000 euros. Cette condamnation revêt un caractère définitif et s'ajoute à d'autres poursuites judiciaires dans lesquelles l'éditorialiste est impliqué, notamment l'[affaire de provocation à la discrimination raciale France Ô et Canal+ en 2011](/affaires/eric-zemmour-condamnation-pour-provocation-a-la-discrimination-raciale-france-o-et-canal-2011). **Impact** Cette décision judiciaire confirmed que les propos publics de Zemmour dépassent les limites de la liberté d'expression en franchissant le seuil de l'incitation à la haine.",CONDAMNATION_DEFINITIVE,INCITATION_HAINE,2016-09-16T00:00:00.000Z,Non spécifié,2019-09-17T00:00:00.000Z,2016.0,2019.0,,3 000 € d'amende,False,cmkjtm89x001i9lv543xmi66t,Éric Zemmour,eric-zemmour,REC,Reconquête,Non spécifié,Non spécifié,Non spécifié,Non spécifié,67.0,1958.0,Non spécifié
cmlv85jbw015zemv572n1202g,eric-zemmour-condamnation-pour-provocation-a-la-discrimination-raciale-france-o-et-canal-2011,"Condamnation pour provocation à la discrimination raciale (France Ô et Canal+, 2011)","Le 6 mars 2010, Éric Zemmour affirme sur France Ô que les employeurs ""ont le droit de refuser des Arabes ou des Noirs"", et sur Canal+ que ""la plupart des trafiquants sont noirs et arabes"". Après des poursuites de la LICRA, du MRAP, de SOS Racisme et d'autres associations, le tribunal correctionnel de Paris le condamne le 18 février 2011 pour provocation à la discrimination raciale. Il est condamné à 1000 euros d'amende avec sursis et à verser des dommages-intérêts et frais de justice aux parties civiles (total 10 502 euros). Il n'interjette pas appel.",CONDAMNATION_DEFINITIVE,INCITATION_HAINE,2010-03-06T00:00:00.000Z,Non spécifié,2011-02-18T00:00:00.000Z,2010.0,2011.0,,"1 000 € d'amende avec sursis, 10 502 € de dommages-intérêts aux parties civiles",False,cmkjtm89x001i9lv543xmi66t,Éric Zemmour,eric-zemmour,REC,Reconquête,Non spécifié,Non spécifié,Non spécifié,Non spécifié,67.0,1958.0,Non spécifié
cmlv85j7a015semv57jykx3f0,eric-woerth-tapie-avantage-fiscal,Affaire Tapie - Avantage fiscal,"En 2008-2009, alors qu'il est ministre du Budget, Éric Woerth est soupçonné d'avoir accordé un avantage fiscal à Bernard Tapie concernant le règlement du litige avec le Crédit lyonnais. Il aurait permis au Groupe Bernard Tapie de payer seulement 43 millions d'euros de taxes au lieu de 101 millions, et l'administration fiscale dirigée par Woerth aurait renoncé à un appel sur une ristourne de 15 millions d'euros. Mis en examen pour concussion en juillet 2021 par la Cour de justice de la République, un non-lieu a été prononcé le 3 octobre 2022, la CJR estimant qu'il n'y avait pas matière à reprocher quoi que ce soit au ministre.",NON_LIEU,FAVORITISME,2009-01-01T00:00:00.000Z,Non spécifié,Non spécifié,2009.0,,,Non spécifié,False,cmkjnz3eg001cvtv57zxc028k,Éric Woerth,eric-woerth,RE,Renaissance,Non spécifié,Non spécifié,Non spécifié,Non spécifié,69.0,1956.0,Non spécifié
cmlv85j2q015jemv5gfhzmspx,eric-woerth-relaxe-d-eric-woerth-dans-l-affaire-sarkozy-kadhafi,Relaxe d'Éric Woerth dans l'affaire Sarkozy-Kadhafi,"Éric Woerth, trésorier de la campagne présidentielle de Nicolas Sarkozy en 2007, avait été mis en examen en 2018 pour complicité de financement illégal de campagne électorale. Les enquêteurs avaient constaté la circulation d'environ 250 000 euros en espèces dans la campagne, dont Éric Woerth avait reconnu avoir distribué plusieurs dizaines de milliers d'euros à des salariés. Le 25 septembre 2025, le tribunal correctionnel de Paris l'a relaxé, considérant qu'il ne pouvait être jugé complice dès lors que Nicolas Sarkozy n'était pas reconnu coupable de financement illicite. Le parquet a fait appel de cette relaxe, et Éric Woerth sera rejugé en appel début 2026.",APPEL_EN_COURS,FINANCEMENT_ILLEGAL_CAMPAGNE,2006-11-01T00:00:00.000Z,Non spécifié,2025-09-25T00:00:00.000Z,2006.0,2025.0,,Non spécifié,False,cmkjnz3eg001cvtv57zxc028k,Éric Woerth,eric-woerth,RE,Renaissance,Non spécifié,Non spécifié,Non spécifié,Non spécifié,69.0,1956.0,Non spécifié
cmlv85iom015aemv5xc3r5x5r,eric-woerth-hippodrome-de-compiegne-non-lieu-pour-eric-woerth,Affaire de l'hippodrome de Compiègne - Non-lieu pour Éric Woerth,"En mars 2010, Éric Woerth, alors ministre du Budget, a autorisé la vente de 57 hectares de la forêt de Compiègne (incluant un hippodrome et un golf) à la Société des courses de Compiègne pour 2,5 millions d'euros. Cette vente a été contestée pour prix bradé, absence de mise en concurrence et soupçons de favoritisme en raison des liens locaux du ministre. Saisi par des députés socialistes en novembre 2010, la Cour de justice de la République a accordé un non-lieu à Éric Woerth en décembre 2014 pour prise illégale d'intérêts, estimant ne pas disposer d'assez d'éléments pour le poursuivre. Deux de ses anciens collaborateurs (Sébastien Proto et Cédric de Lestrange) ont en revanche été mis en examen en janvier 2017 pour abus d'autorité dans le volet non-ministériel de l'affaire. Un non-lieu de 2015 concernant le volet non-ministériel a été définitivement confirmé en cassation en 2021.",NON_LIEU,PRISE_ILLEGALE_INTERETS,2010-03-16T00:00:00.000Z,Non spécifié,2014-12-11T00:00:00.000Z,2010.0,2014.0,,Non spécifié,False,cmkjnz3eg001cvtv57zxc028k,Éric Woerth,eric-woerth,RE,Renaissance,Non spécifié,Non spécifié,Non spécifié,Non spécifié,69.0,1956.0,Non spécifié
cmlv85i8j014uemv5lnvpcq54,eric-woerth-woerth-bettencourt-relaxe-d-eric-woerth,Affaire Woerth-Bettencourt : relaxe d'Éric Woerth,"Éric Woerth, alors ministre du Travail et trésorier de l'UMP, a été mis en examen en février 2012 pour trafic d'influence passif et recel de financement illicite de parti politique dans l'affaire Bettencourt, qui a éclaté en juin 2010 avec la publication d'enregistrements pirates par Mediapart. Il était soupçonné d'avoir reçu 150 000 euros en liquide via Patrice de Maistre, gestionnaire de fortune de Liliane Bettencourt, pour la campagne présidentielle de 2007. Le 28 mai 2015, le tribunal correctionnel de Bordeaux a prononcé sa relaxe sur les deux chefs d'accusation (trafic d'influence passif et recel d'abus de faiblesse), estimant que la remise d'argent n'était pas totalement acquise et qu'il n'était pas démontré qu'Éric Woerth avait connaissance de l'origine illicite de cette somme et de la vulnérabilité de Liliane Bettencourt. Le tribunal a néanmoins exprimé de fortes suspicions, notant que Woerth n'avait probablement pas rencontré Patrice de Maistre uniquement pour parler de ""l'avenir des petites entreprises"", mais n'a pas trouvé suffisamment d'éléments probants pour une condamnation.",RELAXE,TRAFIC_INFLUENCE,2007-02-07T00:00:00.000Z,Non spécifié,2015-05-28T00:00:00.000Z,2007.0,2015.0,,Non spécifié,False,cmkjnz3eg001cvtv57zxc028k,Éric Woerth,eric-woerth,RE,Renaissance,Non spécifié,Non spécifié,Non spécifié,Non spécifié,69.0,1956.0,Non spécifié
cmlv85hx1014lemv5fwz7jy6c,laurent-wauquiez-emplois-fictifs-a-la-region-auvergne-rhone-alpes,Affaire des emplois fictifs à la région Auvergne-Rhône-Alpes,"En octobre 2023, la cellule investigation de Radio France révèle que quatre collaborateurs de Laurent Wauquiez, président de la région Auvergne-Rhône-Alpes, sont soupçonnés d'occuper des emplois fictifs rémunérés par la collectivité tout en travaillant exclusivement depuis Paris sur des dossiers nationaux en vue de la présidentielle 2027. Parmi eux figurent Nawel G. (5 080 euros net), dont le poste ne figurait dans aucun organigramme selon les services administratifs de la région, Arnaud B. (environ 10 000 euros brut), Charlotte V. (4 000 euros brut) et Roch d. B. Le Parquet national financier, qui menait déjà une enquête ouverte en septembre 2020 sur les collaborateurs de Laurent Wauquiez après un rapport de la Cour régionale des comptes, a étendu son enquête à ces quatre situations. Des perquisitions ont été menées le 27 novembre 2023 dans les bureaux parisiens de la région Auvergne-Rhône-Alpes et de l'association Régions de France. Laurent Wauquiez dénonce des ""informations mensongères, erronées et malhonnêtes"" et affirme que la région justifie ces situations par le recours au télétravail, bien que celui-ci soit plafonné à deux jours par semaine au conseil régional.",ENQUETE_PRELIMINAIRE,EMPLOI_FICTIF,2023-04-01T00:00:00.000Z,Non spécifié,Non spécifié,2023.0,,,Non spécifié,False,cmkjnz2en000yvtv58jk0r7vo,Laurent Wauquiez,laurent-wauquiez,DR,Droite Républicaine,Non spécifié,Non spécifié,Non spécifié,Non spécifié,50.0,1975.0,Non spécifié
cmlv85hia0148emv5cwxfam0n,laurent-wauquiez-condamnation-de-laurent-wauquiez-pour-diffamation-envers-philippe-kaltenbach-2,Condamnation de Laurent Wauquiez pour diffamation envers Philippe Kaltenbach,"En mai 2015, Laurent Wauquiez, député-maire du Puy-en-Velay, est condamné par la cour d'appel de Versailles à 500 euros d'amende et 4 500 euros de dommages et intérêts pour avoir traité Philippe Kaltenbach, maire socialiste de Clamart, de ""crapule"". Cette condamnation pour diffamation intervient alors que Philippe Kaltenbach faisait face à des accusations de corruption passive concernant un échange présumé d'argent contre l'attribution d'un logement social. La condamnation de Wauquiez est prononcée le 30 mai 2015, peu avant le congrès fondateur du parti Les Républicains.",CONDAMNATION_DEFINITIVE,DIFFAMATION,Non spécifié,Non spécifié,2015-05-30T00:00:00.000Z,,2015.0,,Non spécifié,False,cmkjnz2en000yvtv58jk0r7vo,Laurent Wauquiez,laurent-wauquiez,LR,Les Républicains,Non spécifié,Non spécifié,Non spécifié,Non spécifié,50.0,1975.0,Non spécifié
cmlv85hd00143emv57ikwq2du,laurent-wauquiez-diner-des-sommets-finance-par-la-region-aura,Affaire du « dîner des sommets » financé par la région AURA,"[Laurent Wauquiez](/politiques/laurent-wauquiez), actuellement [Député de la 1ère circonscription](/politiques/laurent-wauquiez) et membre des [Républicains](/partis/les-republicains), a été le président de la région Auvergne-Rhône-Alpes (AURA) sous l'étiquette de la [Droite Républicaine](/partis/droite-republicaine) au moment des faits. En juin 2022, Wauquiez a organisé un dîner au château de la Chaize réunissant 90 convives, pour un coût dépassant les 100 000 euros financé par les caisses régionales. L'événement a été révélé par Mediapart en 2022. Des opposants politiques ont dénoncé un détournement présumé d'argent public. En février 2023, le Parquet national financier a ouvert une enquête préliminaire sur les conditions de financement et d'organisation de ce dîner. Plusieurs perquisitions ont été menées au siège de la région. En mai 2024, le Tribunal administratif de Lyon a enjoint Wauquiez à transmettre la liste des invités à l'événement. L'affaire demeure au stade de l'enquête préliminaire. [Laurent Wauquiez](/politiques/laurent-wauquiez) bénéficie de la présomption d'innocence. Cette situation s'inscrit dans un contexte plus large de contrôles judiciaires portant sur sa gestion régionale, notamment l'[Affaire des emplois fictifs à la région Auvergne-Rhône-Alpes](/affaires/laurent-wauquiez-emplois-fictifs-a-la-region-auvergne-rhone-alpes).",ENQUETE_PRELIMINAIRE,DETOURNEMENT_FONDS_PUBLICS,2022-06-01T00:00:00.000Z,Non spécifié,Non spécifié,2022.0,,,Non spécifié,False,cmkjnz2en000yvtv58jk0r7vo,Laurent Wauquiez,laurent-wauquiez,DR,Droite Républicaine,Non spécifié,Non spécifié,Non spécifié,Non spécifié,50.0,1975.0,Non spécifié
cmlv85h8j013zemv5lb6bnwp0,laurent-wauquiez-favoritisme-dans-l-attribution-d-un-marche-public-au-puy-en-velay,Affaire du favoritisme dans l'attribution d'un marché public au Puy-en-Velay,"[Laurent Wauquiez](/politiques/laurent-wauquiez) est maire de Puy-en-Velay jusqu'en mars 2022. En tant que figure de [Droite Républicaine](/partis/droite-republicaine) au niveau régional, il dispose d'une influence notable sur les affaires municipales de sa collectivité. En décembre 2021, la municipalité du Puy-en-Velay procède à l'attribution d'un marché public pour la concession d'une halle alimentaire. Selon les éléments d'enquête, des pressions auraient été exercées par Wauquiez pour influencer cette attribution. Des écoutes téléphoniques révèlent que l'ancien maire aurait cherché à empêcher l'attribution du marché à un candidat issu d'une formation politique adverse, le plaçant délibérément en position de désavantage lors de la procédure. Le Parquet national financier ouvre une enquête préliminaire en mars 2022 pour favoritisme, corruption et trafic d'influence. Cette action judiciaire intervient après le départ de Wauquiez de la mairie et soulève des questions sur la régularité du processus d'adjudication. L'enquête reste en cours, et [Laurent Wauquiez](/politiques/laurent-wauquiez) demeure présumé innocent. Ce dossier s'inscrit dans un contexte marqué par d'autres procédures le concernant, notamment [l'affaire des emplois fictifs à la région Auvergne-Rhône-Alpes](/affaires/laurent-wauquiez-emplois-fictifs-a-la-region-auvergne-rhone-alpes).",ENQUETE_PRELIMINAIRE,FAVORITISME,2021-12-01T00:00:00.000Z,Non spécifié,Non spécifié,2021.0,,,Non spécifié,False,cmkjnz2en000yvtv58jk0r7vo,Laurent Wauquiez,laurent-wauquiez,DR,Droite Républicaine,Non spécifié,Non spécifié,Non spécifié,Non spécifié,50.0,1975.0,Non spécifié
cmlv85gz4013qemv5rso37p2e,alexandre-vincendet-enquete-pour-prise-illegale-d-interets-et-detournement-de-fonds,Enquête pour prise illégale d'intérêts et détournement de fonds,"[Alexandre Vincendet](/politiques/alexandre-vincendet), maire de Rillieux-la-Pape depuis plusieurs années, est affilié aux [Républicains](/partis/les-republicains). En mars 2023, le parquet de Lyon ouvre une enquête préliminaire visant le magistrat pour prise illégale d'intérêts et détournement de fonds. Les faits allégués remontent à 2021, année au cours de laquelle une navette gratuite aurait été mise en place pour l'établissement privé Saint-Charles de Rillieux-la-Pape. L'enquête porte sur les circonstances de cette mise en place et sur l'utilisation des fonds publics à cet effet. Cette affaire s'inscrit dans un contexte judiciaire déjà chargé pour le maire : plusieurs dossiers relatifs à des violences sur mineur sont en cours ou ont abouti à condamnation en 2020, puis ont donné lieu à plainte en 2021. À ce stade d'enquête préliminaire, les éléments restent sous le secret de l'instruction. [Vincendet](/politiques/alexandre-vincendet) bénéficie de la présomption d'innocence. L'enquête du parquet de Lyon déterminera l'existence d'éléments suffisants pour envisager des poursuites ou un classement du dossier.",ENQUETE_PRELIMINAIRE,PRISE_ILLEGALE_INTERETS,2021-01-01T00:00:00.000Z,Non spécifié,Non spécifié,2021.0,,,Non spécifié,False,cmkjtmn3o003v9lv576ymfva9,Alexandre Vincendet,alexandre-vincendet,LR,Les Républicains,Non spécifié,Non spécifié,Non spécifié,Non spécifié,42.0,1983.0,Non spécifié
cmlv85gul013nemv5y84y77js,alexandre-vincendet-plainte-pour-violences-sur-mineur-2021,Plainte pour violences sur mineur (2021),"[Alexandre Vincendet](/politiques/alexandre-vincendet), membre des [Républicains](/partis/les-republicains) et maire de Rillieux-La-Pape, est impliqué dans plusieurs affaires judiciaires liées à des violences sur mineur. En octobre 2021, une plainte est déposée contre lui pour violences sur mineur de moins de quinze ans par une personne ayant autorité. Les faits allégués concerneraient son fils, alors âgé de cinq ans. Cette plainte s'inscrit dans un contexte marqué par d'autres procédures similaires : une [condamnation antérieure pour violences sur mineur en 2020](/affaires/alexandre-vincendet-condamnation-pour-violences-sur-mineur-2020) et une autre [affaire de violences sur mineur par ascendant](/affaires/alexandre-vincendet-violences-sur-mineur-par-ascendant). Concernant cette affaire de 2021, la plainte a été classée sans suite en raison de l'insuffisance de caractérisation des faits. Cette décision signifie que le parquet n'a pas estimé disposer d'éléments suffisants pour engager des poursuites pénales. Le classement sans suite n'implique ni reconnaissance ni négation de culpabilité, mais relève d'une appréciation d'opportunité des poursuites. Au-delà des affaires de violence familiale, [Alexandre Vincendet](/politiques/alexandre-vincendet) fait également l'objet d'une [enquête pour prise illégale d'intérêts et détournement de fonds](/affaires/alexandre-vincendet-enquete-pour-prise-illegale-d-interets-et-detournement-de-fonds), élargissant ainsi le spectre des questions judiciaires le concernant.",CLASSEMENT_SANS_SUITE,VIOLENCE,Non spécifié,2021-10-13T00:00:00.000Z,Non spécifié,,,,Non spécifié,False,cmkjtmn3o003v9lv576ymfva9,Alexandre Vincendet,alexandre-vincendet,LR,Les Républicains,Non spécifié,Non spécifié,Non spécifié,Non spécifié,42.0,1983.0,Non spécifié
cmlv85glg013aemv55aceq2ee,catherine-vautrin-penalites-de-nicolas-sarkozy,Affaire des pénalités de Nicolas Sarkozy,"Le 6 octobre 2014, Catherine Vautrin, en qualité d'ex-trésorière de l'UMP, est mise en examen pour abus de confiance avec Jean-François Copé dans le cadre d'une information judiciaire ouverte par le parquet de Paris. L'affaire concerne le paiement par l'UMP des pénalités infligées à Nicolas Sarkozy suite au rejet de ses comptes de campagne 2012 par le Conseil constitutionnel pour dépassement du plafond autorisé. Un non-lieu est prononcé en 2015 par le juge Renaud Van Ruymbeke pour tous les accusés.",NON_LIEU,ABUS_CONFIANCE,2012-01-01T00:00:00.000Z,Non spécifié,Non spécifié,2012.0,,,Non spécifié,False,cmksfnsla000da4v56hpegrn2,Catherine Vautrin,catherine-vautrin,HOR,Horizons,Non spécifié,Non spécifié,Non spécifié,Non spécifié,65.0,1960.0,Non spécifié
cmlv85ggq0137emv598mpja8g,matthieu-valet-plainte-de-sos-racisme-contre-matthieu-valet-pour-diffusion-de-propos-racistes,Plainte de SOS Racisme contre Matthieu Valet pour diffusion de propos racistes,"[Matthieu Valet](/politiques/matthieu-valet), député européen et porte-parole du [Rassemblement national](/partis/rassemblement-national), est visé par une plainte de l'association SOS Racisme déposée en septembre 2025. Cette plainte porte sur la diffusion de propos racistes sur ses réseaux sociaux, particulièrement sa page Facebook. Selon un article publié par Mediapart le 5 août 2025, de nombreux contenus à caractère raciste ont été publiés par des commentateurs sur la plateforme sociale de l'élu. L'association SOS Racisme a estimé qu'il y avait lieu de dénoncer cette situation aux autorités compétentes. Une enquête préliminaire a été ouverte suite à cette plainte. Elle doit permettre de déterminer les circonstances des faits et les responsabilités éventuelles en matière de diffusion de contenu discriminatoire. [Matthieu Valet](/politiques/matthieu-valet) bénéficie de la présomption d'innocence. Les suites judiciaires de cette enquête, notamment un classement sans suite ou une ouverture d'enquête plus approfondie, seront déterminantes quant à la poursuite de cette affaire.",ENQUETE_PRELIMINAIRE,INCITATION_HAINE,2025-09-01T00:00:00.000Z,Non spécifié,Non spécifié,2025.0,,,Non spécifié,False,cmksr6kps000oa2v5m0zr01la,Matthieu Valet,matthieu-valet,RN,Rassemblement National,Non spécifié,Non spécifié,Non spécifié,Non spécifié,39.0,1986.0,Non spécifié
cmlv85gbw0134emv5k5gki66o,matthieu-valet-detournement-de-bons-sncf,Détournement de bons SNCF,"[Matthieu Valet](/politiques/matthieu-valet), député européen du [Rassemblement National](/partis/rassemblement-national), est soupçonné d'avoir détourné des bons d'achat SNCF appartenant à plusieurs collègues de la BAC de nuit du Val-de-Marne. Les faits auraient eu lieu en 2023. Selon les révélations du Canard enchaîné en novembre 2023, le service de déontologie de la police aurait soulevé des soupçons concernant l'accaparement et le détournement de ces bons. Valet aurait remboursé approximativement mille euros et reçu un blâme de sa hiérarchie. L'affaire demeure au stade de l'enquête préliminaire. Sous le régime de la présomption d'innocence, Matthieu Valet n'a pas été formellement mis en examen. Les circonstances précises du détournement et l'avancée de l'enquête n'ont pas été rendues publiques au-delà de ces éléments initiaux. Cette affaire s'inscrit dans un contexte où plusieurs dossiers judiciaires ou administratifs impliquent le parlementaire, notamment concernant l'utilisation d'un véhicule de service.",ENQUETE_PRELIMINAIRE,DETOURNEMENT_FONDS_PUBLICS,2023-11-01T00:00:00.000Z,Non spécifié,Non spécifié,2023.0,,,Non spécifié,False,cmksr6kps000oa2v5m0zr01la,Matthieu Valet,matthieu-valet,RN,Rassemblement National,Non spécifié,Non spécifié,Non spécifié,Non spécifié,39.0,1986.0,Non spécifié
cmlv85g2j012yemv5s0e6k41s,rody-tolassy-gifle-d-une-opposante-politique,Affaire de la gifle d'une opposante politique,"[Rody Tolassy](/politiques/rody-tolassy), député européen du [Rassemblement National](/partis/rassemblement-national), est impliqué dans un incident de violence datant de mars 2022. En mars 2022, lors d'un déplacement de Marine Le Pen en Guadeloupe, Tolassy a giflé une opposante politique. L'incident a été documenté par vidéo. Les faits relèvent directement de son implication personnelle. L'enquête préliminaire a été ouverte pour déterminer les circonstances exactes et les responsabilités juridiques. Le dossier relève de la catégorie violence. Tolassy bénéficie de la présomption d'innocence en attendant l'issue de la procédure. Cet incident s'inscrit dans le contexte des tensions politiques lors des déplacements de campagne, où la sécurité et le contrôle des interactions avec les opposants constituent des enjeux sensibles.",ENQUETE_PRELIMINAIRE,VIOLENCE,2022-03-01T00:00:00.000Z,Non spécifié,Non spécifié,2022.0,,,Non spécifié,False,cmksr6nkx0023a2v5er6icbxy,Rody Tolassy,rody-tolassy,RN,Rassemblement National,Non spécifié,Non spécifié,Non spécifié,Non spécifié,38.0,1987.0,Non spécifié
cmlv85fy0012vemv52h055tnw,andree-taurinya-condamnation-d-andree-taurinya-pour-diffamation-envers-gerbert-rambaud,Condamnation d'Andrée Taurinya pour diffamation envers Gerbert Rambaud,"Le 5 mai 2025, le tribunal correctionnel de Saint-Étienne condamne Andrée Taurinya, députée La France Insoumise de la deuxième circonscription de la Loire, pour diffamation envers Gerbert Rambaud, vice-président de Debout la France. Les faits remontent au 4 juillet 2024, durant les élections législatives, lorsqu'elle avait publié sur le réseau social X un message qualifiant Gerbert Rambaud de ""candidat RN antisémite de la Loire qui parle d'un grand complot juif"". Le tribunal a estimé que les propos tenus par Gerbert Rambaud en 2020 sur X ne justifiaient pas le qualificatif d'antisémite et que la députée avait admis ne pas avoir vérifié ses informations, se limitant à la lecture d'un article et à la rumeur populaire. Andrée Taurinya écope d'une amende de 2 000 euros avec sursis et doit verser 4 450 euros de dommages et intérêts à Gerbert Rambaud. La députée a annoncé faire appel du jugement.",APPEL_EN_COURS,DIFFAMATION,2024-07-04T00:00:00.000Z,Non spécifié,2025-05-05T00:00:00.000Z,2024.0,2025.0,,Non spécifié,False,cmkjo06z500givtv5grod3c20,Andrée Taurinya,andree-taurinya,LFI,La France insoumise,Non spécifié,Non spécifié,Non spécifié,Non spécifié,62.0,1963.0,Non spécifié
cmlv85ftb012qemv5n5puke6g,emmanuel-tache-condamnation-civile-d-emmanuel-tache-pour-usurpation-de-nom-et-de-particule,Condamnation civile d'Emmanuel Taché pour usurpation de nom et de particule,"En 2022, trois descendantes de la famille Tascher de La Pagerie, grande noblesse du Perche comptant notamment Joséphine de Beauharnais dans leur lignée, assignent en justice Emmanuel Taché, député RN des Bouches-du-Rhône élu en 2022. Elles lui reprochent de s'être fait appeler ""Emmanuel Taché de La Pagerie"" sans lien familial ni droit, estimant que cette usurpation de leur patronyme leur porte préjudice. Le 12 septembre 2025, le tribunal judiciaire de Lille condamne Emmanuel Taché à cesser d'utiliser le nom ""de la Pagerie"" à compter du 1er octobre 2025, sous astreinte de 200 euros par infraction constatée. Il est également condamné à verser 5 000 euros de dommages-intérêts aux plaignantes et à publier le jugement sur sa page Facebook pendant 90 jours. Le jugement est exécutoire immédiatement, même en cas d'appel.",CONDAMNATION_PREMIERE_INSTANCE,AUTRE,2022-01-01T00:00:00.000Z,Non spécifié,2025-09-12T00:00:00.000Z,2022.0,2025.0,,Non spécifié,False,cmkjnzzs600dsvtv57s45g8yi,Emmanuel Taché,emmanuel-tache,RN,Rassemblement National,Non spécifié,Non spécifié,Non spécifié,Non spécifié,50.0,1975.0,Non spécifié
cmlv85foj012memv547lcgnx0,emmanuel-tache-condamnation-par-les-prud-hommes-pour-travail-dissimule,Condamnation par les prud'hommes pour travail dissimulé,"## Contexte politique [Emmanuel Taché](/politiques/emmanuel-tache), député de la 16ème circonscription affilié au [Rassemblement National](/partis/rassemblement-national), a été poursuivi devant les prud'hommes pour des irrégularités liées à l'emploi d'un assistant parlementaire. ## Faits et procédure L'ancien assistant a contesté les conditions de son engagement et de son licenciement. Il a dénoncé une situation de travail dissimulé, alléguant que des heures de travail n'avaient pas été rémunérées. Le litige a porté sur la qualification du contrat, les conditions réelles d'emploi et le montant des compensation dues au titre des heures non payées. Le Conseil de prud'hommes a statué sur ces griefs selon les règles du droit du travail et du droit du travail parlementaire applicable aux assistants élus. ## Verdict Le tribunal des prud'hommes a condamné [Emmanuel Taché](/politiques/emmanuel-tache) à verser 135 000 € à l'ancien assistant, reconnaissance judiciaire des préjudices alegués. Le jugement est devenu définitif au premier degré le 19 février 2026. Cette condamnation s'ajoute aux autres contentieux ayant impliqué le député, notamment une [condamnation civile pour usurpation de nom et de particule](/affaires/emmanuel-tache-condamnation-civile-d-emmanuel-tache-pour-usurpation-de-nom-et-de-particule).",CONDAMNATION_PREMIERE_INSTANCE,AUTRE,Non spécifié,2025-02-09T00:00:00.000Z,2026-02-19T00:00:00.000Z,,2026.0,375.0,Non spécifié,False,cmkjnzzs600dsvtv57s45g8yi,Emmanuel Taché,emmanuel-tache,RN,Rassemblement National,Non spécifié,Non spécifié,Non spécifié,Non spécifié,50.0,1975.0,Non spécifié
cmlv85fek012demv5430gufct,aurelien-tache-condamnation-d-aurelien-tache-pour-outrage-et-violence-en-etat-d-ivresse,Condamnation d'Aurélien Taché pour outrage et violence en état d'ivresse,"En février 2022, Aurélien Taché, député du Val-d'Oise, a été victime d'une agression dans un bar de Niort (Deux-Sèvres). Lors de l'intervention des policiers de la brigade anti-criminalité, il a insulté les agents (""Vous êtes des baqueux de merde"") alors qu'il se trouvait en état d'ivresse. Poursuivi pour outrage et violence par personne en état d'ivresse, il a été condamné le 7 septembre 2022 par le tribunal à 5 000 euros d'amende délictuelle. Sept policiers ont reçu 250 euros de dommages et intérêts chacun, et un autre agent 500 euros. Son avocate Jade Dousselin a évoqué un ""état de sidération lié au choc physique et psychologique"" suite à l'agression.",CONDAMNATION_DEFINITIVE,VIOLENCE,2022-02-01T00:00:00.000Z,Non spécifié,2022-09-07T00:00:00.000Z,2022.0,2022.0,,Non spécifié,False,cmkjnznbh0090vtv5w5wcsyrx,Aurélien Taché,aurelien-tache,EELV,Les Écologistes – Europe Écologie Les Verts,Non spécifié,Non spécifié,Non spécifié,Non spécifié,41.0,1984.0,Non spécifié
cmlv85f9t0129emv536dtk9et,aurelien-tache-condamnation-aux-prud-hommes-pour-violation-du-droit-du-travail,Condamnation aux prud'hommes pour violation du droit du travail,"[Aurélien Taché](/politiques/aurelien-tache), député de la 10e circonscription et membre de [La France insoumise](/partis/la-france-insoumise), a été condamné le 21 décembre 2023 par le conseil des prud'hommes de Paris à verser près de 10 000 euros à son ex-assistante parlementaire pour violation du droit du travail. Le litige portait sur des manquements aux obligations légales de l'employeur envers son salariée. La procédure prud'homale, compétente pour les litiges entre employeurs et salariés, a abouti à une condamnation au titre du droit du travail. Aurélien Taché ne s'était pas présenté au procès, ce qui n'a pas empêché la juridiction de statuer. Cette absence aux débats caractérise une stratégie contentieuse particulière, le défendeur renonçant à présenter sa version des faits en audience. La décision du conseil des prud'hommes est passée en force de chose jugée, constituant une condamnation définitive. Cette affaire prud'homale s'inscrit dans un contexte plus large de difficultés judiciaires rencontrées par l'intéressé, parallèlement à une autre condamnation pour outrage et violence en état d'ivresse.",CONDAMNATION_DEFINITIVE,AUTRE,Non spécifié,2023-10-26T00:00:00.000Z,2023-12-22T00:00:00.000Z,,2023.0,57.0,Non spécifié,False,cmkjnznbh0090vtv5w5wcsyrx,Aurélien Taché,aurelien-tache,LFI,La France insoumise,Non spécifié,Non spécifié,Non spécifié,Non spécifié,41.0,1984.0,Non spécifié
cmlv85f570126emv5nc9haxaw,michele-tabarot-enquete-pour-detournement-de-fonds-publics-visant-philippe-tabarot-assistant-parlementaire-de-michele-tabarot,"Enquête pour détournement de fonds publics visant Philippe Tabarot, assistant parlementaire de Michèle Tabarot","Philippe Tabarot, frère de la députée LR Michèle Tabarot, a été rémunéré comme assistant parlementaire de sa sœur à l'Assemblée nationale entre 2016 et 2018, tout en cumulant simultanément des rémunérations en tant que collaborateur à la mairie du Cannet (où Michèle Tabarot exerçait encore) et comme vice-président du conseil régional de PACA. En 2016, il percevait au total environ 135 000 euros (29 000 euros comme assistant parlementaire, 66 000 euros de la mairie et plus de 40 000 euros du conseil régional). En 2017, sa rémunération totale atteignait 138 000 euros. Après avoir cessé ses fonctions d'assistant parlementaire en 2018, sa rémunération à la mairie du Cannet a augmenté de 50% pour atteindre 94 000 euros. Une enquête pour détournement de fonds publics a été ouverte concernant cette situation.",ENQUETE_PRELIMINAIRE,DETOURNEMENT_FONDS_PUBLICS,2016-01-01T00:00:00.000Z,Non spécifié,Non spécifié,2016.0,,,Non spécifié,False,cmkjnz2ze0016vtv5oh7v2oel,Michèle Tabarot,michele-tabarot,LR,Les Républicains,Non spécifié,Non spécifié,Non spécifié,Non spécifié,63.0,1962.0,Non spécifié
cmlv85f0h0121emv51vwygnv2,philippe-tabarot-enquete-sur-la-remuneration-au-cannet-et-la-prise-illegale-d-interets,Enquête sur la rémunération au Cannet et la prise illégale d'intérêts,"[Philippe Tabarot](/politiques/philippe-tabarot), ministre des Transports et membre des [Républicains](/partis/les-republicains), est visé par une enquête du Parquet national financier portant sur ses rémunérations multiples au cours de la décennie 2010. Une perquisition menée en décembre 2022 à la mairie du Cannet, où Tabarot occupait un poste de collaborateur, a marqué l'ouverture de l'enquête. Les investigations portent sur la réalité du travail effectué en contrepartie des salaires perçus au titre de trois positions simultanées : assistant parlementaire de sa sœur, collaborateur municipal au Cannet et vice-président du conseil régional. L'enjeu central consiste à déterminer si ces rémunérations correspondaient à des services réellement rendus ou constituaient des avantages indus. Début 2025, Tabarot a été formellement visé pour détournement de fonds publics et prise illégale d'intérêts. Cette mise en examen intervient après plusieurs années d'investigations approfondies. Il convient de rappeler la présomption d'innocence applicable à tous les stades de la procédure pénale. Les faits faisant l'objet de l'enquête remontent au début des années 2010. L'affaire demeure au stade de l'enquête préliminaire auprès du Parquet national financier, spécialisé dans la poursuite des délits économiques et financiers impliquant des personnalités publiques.",ENQUETE_PRELIMINAIRE,PRISE_ILLEGALE_INTERETS,2016-01-01T00:00:00.000Z,Non spécifié,Non spécifié,2016.0,,,Non spécifié,False,cmksfnx350026a4v5g9tnpsru,Philippe Tabarot,philippe-tabarot,LR,Les Républicains,Non spécifié,Non spécifié,Non spécifié,Non spécifié,55.0,1970.0,Non spécifié
cmlv85ek9011memv55kw8mji5,francis-szpiner-logement-social,Affaire du logement social,"En octobre 2024, le parquet de Paris ouvre une enquête préliminaire visant Francis Szpiner concernant les conditions d'attribution d'un logement social à une jeune femme. Cette dernière affirme avoir entretenu une relation sexuelle avec Szpiner en échange de cette attribution. Une information judiciaire est ouverte pour corruption active et passive. Des perquisitions ont lieu en avril et juillet 2025 au domicile de Szpiner, dans les locaux du bailleur social et à la mairie du 16e arrondissement. Francis Szpiner conteste formellement les faits.",INSTRUCTION,CORRUPTION,Non spécifié,2025-04-17T00:00:00.000Z,Non spécifié,,,,Non spécifié,False,cmksfdkjj00orc0v5h1fhnv1y,Francis Szpiner,francis-szpiner,LR,Les Républicains,Non spécifié,Non spécifié,Non spécifié,Non spécifié,71.0,1954.0,Non spécifié
cmlv85efp011femv58k7w0r9i,francis-szpiner-tayeb-benabderrahmane-extorsion-presumee,Affaire Tayeb Benabderrahmane - Extorsion présumée,"[Francis Szpiner](/politiques/francis-szpiner), [sénateur de Paris](/politiques/francis-szpiner) membre des [Républicains](/partis/les-republicains), est mis en cause dans une enquête préliminaire pour sa participation présumée à des négociations d'extorsion. En 2022, le lobbyiste Tayeb Benabderrahmane dépose plainte contre Nasser al-Khelaïfi, patron du Paris-Saint-Germain, pour enlèvement, séquestration avec torture, association de malfaiteurs et extorsion en bande organisée. Szpiner, en sa qualité d'avocat d'al-Khelaïfi, serait soupçonné d'avoir participé à des négociations visant à obtenir la remise de fichiers confidentiels détenant par Benabderrahmane, dans le cadre d'un dispositif d'extorsion présumé. Le 27 juin 2023, l'Office central de lutte contre la criminalité organisée (OCLCO) procède à des perquisitions au cabinet et au domicile de Szpiner, en vue de saisir des éléments de preuve. Cette action judiciaire suscite des questions sur le statut d'avocat et les obligations de confidentialité attachées à cette profession. En mars 2025, la Cour de cassation confirme la validité des saisies effectuées, validant ainsi la procédure menée par les enquêteurs. L'enquête préliminaire reste en cours. Szpiner bénéficie de la présomption d'innocence et aucune mise en examen n'a été prononcée à ce stade. Cette affaire s'inscrit dans un contexte d'autres contentieux judiciaires impliquant le sénateur, notamment l'[affaire de la thèse plagiée d'Arash Derambarsh](/affaires/francis-szpiner-these-plagiee-d-arash-derambarsh).",ENQUETE_PRELIMINAIRE,AUTRE,2020-01-01T00:00:00.000Z,Non spécifié,Non spécifié,2020.0,,,Non spécifié,False,cmksfdkjj00orc0v5h1fhnv1y,Francis Szpiner,francis-szpiner,LR,Les Républicains,Non spécifié,Non spécifié,Non spécifié,Non spécifié,71.0,1954.0,Non spécifié
cmlv85eax011bemv52zl1bdwq,francis-szpiner-these-plagiee-d-arash-derambarsh,Affaire de la thèse plagiée d'Arash Derambarsh,"[Francis Szpiner](/politiques/francis-szpiner), alors membre des [Républicains](/partis/les-republicains), a participé en 2015 au jury de thèse d'Arash Derambarsh, dans le contexte d'une thèse soutenue à l'université de Paris I. En 2020, la section disciplinaire du conseil académique de l'université de Paris I a établi que la thèse contenait du plagiat massif, représentant les trois quarts du document. L'instance académique a également constaté que la composition du jury ne respectait pas la régularité requise par les procédures universitaires. Suite à ces conclusions, la thèse a été annulée en avril 2023. Le classement sans suite de cette affaire reflète l'absence de poursuites judiciaires ultérieures, la question restant traitée au niveau disciplinaire et administratif universitaire. Cette affaire s'inscrit dans un contexte plus large d'enjeux d'intégrité académique et de conformité aux règles de fonctionnement des institutions d'enseignement supérieur.",CLASSEMENT_SANS_SUITE,AUTRE,2015-01-01T00:00:00.000Z,Non spécifié,Non spécifié,2015.0,,,Non spécifié,False,cmksfdkjj00orc0v5h1fhnv1y,Francis Szpiner,francis-szpiner,LR,Les Républicains,Non spécifié,Non spécifié,Non spécifié,Non spécifié,71.0,1954.0,Non spécifié
cmlv85e660117emv5o29c2xkv,violette-spillebout-plainte-en-diffamation-de-licia-boudersa-contre-violette-spillebout,Plainte en diffamation de Licia Boudersa contre Violette Spillebout,"[Violette Spillebout](/politiques/violette-spillebout), députée de la 9ème circonscription et membre de [Renaissance](/partis/renaissance), était affiliée à [Ensemble pour la République](/partis/ensemble-pour-la-republique) au moment des faits. En 2023, Spillebout a formulé des accusations publiques contre Martine Aubry, alors maire de Lille, concernant les élections municipales de 2020. Spillebout aurait affirmé qu'Aubry avait proposé un emploi à la boxeuse Licia Boudersa en échange de son soutien politique. Estimant ces déclarations préjudiciables à sa réputation, Licia Boudersa a porté plainte contre Spillebout pour diffamation. Après instruction, le parquet a décidé de classer l'affaire sans suite le 9 mars 2025. Ce classement intervient dans un contexte judiciaire où Spillebout a également fait l'objet d'une [condamnation pour constitution de partie civile abusive](/affaires/violette-spillebout-condamnation-de-violette-spillebout-pour-constitution-de-partie-civile-abusive).",CLASSEMENT_SANS_SUITE,DIFFAMATION,2023-01-01T00:00:00.000Z,Non spécifié,Non spécifié,2023.0,,,Non spécifié,False,cmkjo0ahf00huvtv55ww4lb3m,Violette Spillebout,violette-spillebout,EPR,Ensemble pour la République,Non spécifié,Non spécifié,Non spécifié,Non spécifié,53.0,1972.0,Non spécifié
cmlv85e1e0112emv5tytok17j,violette-spillebout-condamnation-de-violette-spillebout-pour-constitution-de-partie-civile-abusive,Condamnation de Violette Spillebout pour constitution de partie civile abusive,"Violette Spillebout, députée macroniste de la 9e circonscription du Nord, avait porté plainte pour harcèlement sexuel contre Jacques Trentesaux, directeur de la rédaction de Mediacités, l'accusant d'avoir voulu propager des rumeurs autour de photos intimes pendant la campagne municipale de 2020 à Lille. Le 4 juillet 2023, le tribunal judiciaire de Lille relaxe le journaliste et condamne l'élue à 6 000 euros de dommages et intérêts pour constitution de partie civile abusive, ainsi qu'à 3 784,50 euros de frais de justice. En appel, la cour d'appel de Douai confirme fin août 2024 la relaxe du journaliste et annule la condamnation pour constitution abusive, mais maintient la condamnation de Violette Spillebout au remboursement des frais de justice (3 784,50 euros de première instance + 2 000 euros d'appel). La cour conclut qu'aucune faute pénale ou civile n'a été commise par le journaliste, dont la démarche relevait du travail d'investigation journalistique.",RELAXE,AUTRE,2020-03-01T00:00:00.000Z,Non spécifié,2024-08-31T00:00:00.000Z,2020.0,2024.0,,Non spécifié,False,cmkjo0ahf00huvtv55ww4lb3m,Violette Spillebout,violette-spillebout,EPR,Ensemble pour la République,Non spécifié,Non spécifié,Non spécifié,Non spécifié,53.0,1972.0,Non spécifié
cmlv85dmt010temv5xprq0g8r,ersilia-soudais-condamnation-aux-prud-hommes-pour-inegalite-de-traitement,Condamnation aux prud'hommes pour inégalité de traitement,"[Ersilia Soudais](/politiques/ersilia-soudais), députée de la 7ème circonscription et membre de [La France insoumise](/partis/la-france-insoumise), a été condamnée par le Conseil de prud'hommes en janvier 2026 pour inégalité de traitement dans la gestion de son personnel parlementaire. Selon la condamnation, une attachée parlementaire a vu son contrat à durée indéterminée pris fin en période d'essai, tandis que [Ersilia Soudais](/politiques/ersilia-soudais) aurait favorisé un employé étranger étudiant, avec lequel elle entretenait une relation intime depuis un voyage en Jordanie effectué en 2024. Ce traitement différencié aurait constitué une violation des principes d'égalité dans l'accès et le maintien de l'emploi. La juridiction compétente, le Conseil de prud'hommes, s'est prononcée en première instance sur cette affaire relevant du droit du travail et de l'égalité professionnelle. La condamnation de [Ersilia Soudais](/politiques/ersilia-soudais) a validé les réclamations de l'attachée parlementaire lésée.",CONDAMNATION_PREMIERE_INSTANCE,AUTRE,2024-01-01T00:00:00.000Z,Non spécifié,Non spécifié,2024.0,,,Non spécifié,False,cmkjo0kl400lsvtv5biktqox4,Ersilia Soudais,ersilia-soudais,LFI,La France insoumise,Non spécifié,Non spécifié,Non spécifié,Non spécifié,37.0,1988.0,Non spécifié
cmlv85dhx010pemv5cph11z1m,bruno-sido-compte-en-suisse-non-declare,Affaire du compte en Suisse non déclaré,"[Bruno Sido](/politiques/bruno-sido), sénateur de la Haute-Marne et membre des [Républicains](/partis/les-republicains), a été confronté à une affaire de défaut de déclaration d'actifs. En novembre 2014, la Haute Autorité pour la transparence de la vie publique révèle que Sido était propriétaire d'un compte bancaire en Suisse qu'il n'avait pas déclaré conformément à ses obligations de transparence. L'intéressé avait régularisé sa situation en 2013, avant la découverte publique de cette omission. Le 12 avril 2016, le tribunal correctionnel de Paris condamne [Bruno Sido](/politiques/bruno-sido) à titre personnel dans le cadre d'une procédure de comparution avec reconnaissance préalable de culpabilité. La condamnation porte sur six mois d'emprisonnement assortis du sursis et une amende de 60 000 euros. Cette peine reflète le caractère volontaire de l'omission, bien que la régularisation antérieure ait pu être prise en compte. La décision du tribunal correctionnel est définitive en première instance et constitue une condamnation de droit commun pour les faits caractérisés de blanchiment, liés à la non-déclaration d'actifs étrangers. Cette affaire s'inscrit dans un contexte plus large de renforcement du contrôle des déclarations patrimoniales des élus français, particulièrement après les révélations de la crise bancaire suisse.",CONDAMNATION_DEFINITIVE,BLANCHIMENT,Non spécifié,2014-11-13T00:00:00.000Z,2016-04-12T00:00:00.000Z,,2016.0,516.0,Non spécifié,False,cmksfce9l003nc0v5qcbg9swz,Bruno Sido,bruno-sido,LR,Les Républicains,Non spécifié,Non spécifié,Non spécifié,Non spécifié,74.0,1951.0,Non spécifié
cmlv85d8a0104emv5j339m22q,nicolas-sarkozy-bygmalion,Affaire Bygmalion,"En 2014, une information judiciaire est ouverte pour faux et usage de faux, abus de confiance, tentative d'escroquerie et complicité. La société Bygmalion aurait fait des fausses factures pour masquer les dépassements des frais de campagne de Nicolas Sarkozy lors de l'élection présidentielle de 2012. Nicolas Sarkozy est mis en examen en février 2016 pour financement illégal de campagne électorale, puis renvoyé en correctionnelle en février 2017. Il est condamné en première instance le 30 septembre 2021 à un an de prison ferme, puis en appel le 14 février 2024 à un an de prison dont six mois ferme (aménageable en détention à domicile sous surveillance électronique).",CONDAMNATION_DEFINITIVE,FINANCEMENT_ILLEGAL_CAMPAGNE,2012-01-01T00:00:00.000Z,Non spécifié,Non spécifié,2012.0,,,Non spécifié,False,cmkjtm1eq000b9lv5anfquwro,Nicolas Sarkozy,nicolas-sarkozy,LR,Les Républicains,Non spécifié,Non spécifié,Non spécifié,Non spécifié,70.0,1955.0,Non spécifié
cmlv85d3d00zqemv5fl2h4rxp,nicolas-sarkozy-bismuth-affaire-des-ecoutes,Affaire Bismuth / Affaire des écoutes,"En mars 2014, des écoutes judiciaires dans le cadre de l'affaire Sarkozy-Kadhafi révèlent que Nicolas Sarkozy et son avocat Thierry Herzog utilisaient des téléphones sous de faux noms (Paul Bismuth). Ils sont suspectés d'avoir corrompu Gilbert Azibert, avocat général près la Cour de cassation, pour obtenir des informations sur la procédure judiciaire de l'affaire Woerth-Bettencourt, en échange d'un appui pour l'obtention d'un poste à Monaco. Nicolas Sarkozy est mis en examen le 2 juillet 2014 pour corruption active, trafic d'influence et recel de violation du secret professionnel. Le 1er mars 2021, le tribunal correctionnel de Paris le condamne à trois ans de prison dont un an ferme pour corruption et trafic d'influence.",CONDAMNATION_DEFINITIVE,CORRUPTION,2014-03-01T00:00:00.000Z,Non spécifié,Non spécifié,2014.0,,,Non spécifié,False,cmkjtm1eq000b9lv5anfquwro,Nicolas Sarkozy,nicolas-sarkozy,LR,Les Républicains,Non spécifié,Non spécifié,Non spécifié,Non spécifié,70.0,1955.0,Non spécifié
cmlv85cyp00znemv59vngipze,nicolas-sarkozy-coupe-du-monde-2022-qatargate,Affaire de la Coupe du monde 2022 (Qatargate),"[Nicolas Sarkozy](/politiques/nicolas-sarkozy), ancien président de la République et figure majeure des [Républicains](/partis/les-republicains), fait l'objet d'une enquête du Parquet national financier concernant l'attribution de la Coupe du monde de football 2022 au Qatar. Les faits reprochés remontent à 2010, période pendant laquelle Sarkozy exerçait la présidence. Selon la plainte déposée par l'association Anticor en avril 2023, il serait soupçonné de trafic d'influence et de corruption d'un agent public étranger dans le processus de sélection du Qatar comme pays hôte de la compétition mondiale. L'enquête initiée par le Parquet national financier depuis 2019 examine ces accusations. Sarkozy demeure soumis à la présomption d'innocence et aucune décision judiciaire définitive n'a encore été rendue sur le fondement de ces soupçons. Cette affaire s'inscrit dans un contexte plus large de scrutins judiciaires visant l'ancien président, notamment l'[Affaire Woerth-Bettencourt](/affaires/nicolas-sarkozy-woerth-bettencourt) et l'[Affaire Sarkozy-Kadhafi](/affaires/nicolas-sarkozy-sarkozy-kadhafi-2), qui illustrent les différentes procédures contentieuses impliquant sa responsabilité personnelle et celle de son entourage politique.",INSTRUCTION,TRAFIC_INFLUENCE,2010-01-01T00:00:00.000Z,Non spécifié,Non spécifié,2010.0,,,Non spécifié,False,cmkjtm1eq000b9lv5anfquwro,Nicolas Sarkozy,nicolas-sarkozy,LR,Les Républicains,Non spécifié,Non spécifié,Non spécifié,Non spécifié,70.0,1955.0,Non spécifié
cmlv85cu300ziemv5o3g5vosf,nicolas-sarkozy-reso-garantia,Affaire Reso-Garantia,"Ancien président de la République et ancien ministre des Finances, [Nicolas Sarkozy](/politiques/nicolas-sarkozy) du parti [Les Républicains](/partis/les-republicains) fait l'objet d'une enquête préliminaire du Parquet national financier depuis 2020, dans un dossier de soupçons de trafic d'influence et de blanchiment de capitaux. L'affaire porte sur sa rémunération par la société d'assurances russe Reso-Garantia, détenue par deux oligarques russo-arméniens présentés comme proches de Vladimir Poutine. Selon les informations révélées en 2020, Nicolas Sarkozy aurait perçu un paiement de 500 000 euros au titre d'un contrat de conseil valorisé à trois millions d'euros. Cette enquête s'inscrit dans un contexte où plusieurs dossiers judiciaires impliquent ancien chef d'État, notamment l'[Affaire Sarkozy-Kadhafi](/affaires/nicolas-sarkozy-sarkozy-kadhafi-2) concernant les financements de sa campagne présidentielle de 2007, ou encore l'[Affaire des sondages de l'Élysée](/affaires/nicolas-sarkozy-sondages-de-l-elysee) relative à des dépenses électorales. Le dossier Reso-Garantia demeure au stade de l'enquête préliminaire, sans mise en examen à ce stade. Sous le régime de la présomption d'innocence, aucune conclusion n'a été établie quant aux accusations portées.",ENQUETE_PRELIMINAIRE,TRAFIC_INFLUENCE,2020-01-01T00:00:00.000Z,Non spécifié,Non spécifié,2020.0,,,Non spécifié,False,cmkjtm1eq000b9lv5anfquwro,Nicolas Sarkozy,nicolas-sarkozy,LR,Les Républicains,Non spécifié,Non spécifié,Non spécifié,Non spécifié,70.0,1955.0,Non spécifié
cmlv85cp800zfemv5jctpmobo,nicolas-sarkozy-sarkozy-kadhafi-retractation-de-ziad-takieddine,Affaire Sarkozy-Kadhafi - Rétractation de Ziad Takieddine,"[Nicolas Sarkozy](/politiques/nicolas-sarkozy), ancien président de la République et dirigeant des [Républicains](/partis/les-republicains), est mis en examen depuis octobre 2023 dans une affaire portant sur la rétractation du témoin Ziad Takieddine. Cette affaire s'inscrit dans le contexte plus large de l'enquête sur le financement supposé de la campagne présidentielle de 2007 par la Libye. Ziad Takieddine, homme d'affaires français d'origine libanaise, avait initialement déclaré avoir remis des enveloppes contenant des fonds libyen destinés au financement de la campagne. Il a par la suite rétracté ses déclarations, ce qui a suscité des investigations judiciaires approfondies sur les conditions de ce revirement. Nicolas Sarkozy a été mis en examen pour plusieurs chefs d'accusation : recel de subornation de témoin, participation à une association de malfaiteurs visant l'escroquerie au jugement en bande organisée, et participation à une association de malfaiteurs en vue de corruption active de personnel judiciaire étranger au Liban. Il bénéficie également du statut de témoin assisté sur ce dernier point. Cette procédure judiciaire demeure en cours. Conformément au principe de présomption d'innocence, [Nicolas Sarkozy](/politiques/nicolas-sarkozy) n'a pas été reconnu coupable des infractions pour lesquelles il est poursuivi. Cette affaire fait partie d'une série de contentieux judiciaires impliquant l'ancien président.",MISE_EN_EXAMEN,CORRUPTION,Non spécifié,2023-10-06T00:00:00.000Z,Non spécifié,,,,Non spécifié,False,cmkjtm1eq000b9lv5anfquwro,Nicolas Sarkozy,nicolas-sarkozy,LR,Les Républicains,Non spécifié,Non spécifié,Non spécifié,Non spécifié,70.0,1955.0,Non spécifié
cmlv85c6100ymemv5amckelrw,nicolas-sarkozy-sarkozy-kadhafi-2,Affaire Sarkozy-Kadhafi,"Nicolas Sarkozy est soupçonné d'avoir reçu 50 millions d'euros du régime libyen de Mouammar Kadhafi pour financer sa campagne présidentielle de 2007, alors que le montant officiel de sa campagne était de 20 millions d'euros. Il a été mis en examen en 2018 pour corruption passive, financement illicite de campagne électorale et recel de détournement de fonds publics libyens, puis en 2020 pour association de malfaiteurs. Le procès s'est ouvert le 6 janvier 2025 et le parquet a requis le 27 mars 2025 sept ans de prison, 300 000 euros d'amende et cinq ans d'inéligibilité.",APPEL_EN_COURS,FINANCEMENT_ILLEGAL_CAMPAGNE,2007-01-01T00:00:00.000Z,Non spécifié,Non spécifié,2007.0,,,Non spécifié,False,cmkjtm1eq000b9lv5anfquwro,Nicolas Sarkozy,nicolas-sarkozy,LR,Les Républicains,Non spécifié,Non spécifié,Non spécifié,Non spécifié,70.0,1955.0,Non spécifié
cmlv85b3t00xaemv5nydd0t4z,nicolas-sarkozy-woerth-bettencourt,Affaire Woerth-Bettencourt,"[Nicolas Sarkozy](/politiques/nicolas-sarkozy), alors chef de [Les Républicains](/partis/les-republicains), a fait l'objet d'une enquête en 2010 portant sur le financement de sa campagne présidentielle de 2007. Les investigations ont soulevé des soupçons de contributions financières illégales en provenance du couple Bettencourt. Le dossier s'est ouvert après la révélation de versements importants. [Nicolas Sarkozy](/politiques/nicolas-sarkozy) a d'abord été enregistré en tant que témoin assisté le 22 novembre 2012, statut reconnaissant un intérêt dans l'affaire. Le 21 mars 2013, il a été mis en examen pour abus de faiblesse à l'égard de Liliane Bettencourt, en raison de son âge avancé et de sa vulnérabilité présumée lors des transactions en question. L'enquête a porté sur les modalités et la légalité du financement politique reçu, ainsi que sur les circonstances dans lesquelles les versements auraient eu lieu. Les magistrats ont examiné les allégations selon lesquelles Liliane Bettencourt aurait pu être influencée ou exploitée dans ses contributions. Le 7 octobre 2013, le juge d'instruction a rendu une ordonnance de non-lieu, mettant fin à la procédure judiciaire. Cette décision a reconnu l'absence d'éléments suffisants pour soutenir les accusations retenues contre [Nicolas Sarkozy](/politiques/nicolas-sarkozy). Le non-lieu a constitué un classement définitif de l'affaire sans condamnation.",NON_LIEU,FINANCEMENT_ILLEGAL_CAMPAGNE,2007-01-01T00:00:00.000Z,Non spécifié,Non spécifié,2007.0,,,Non spécifié,False,cmkjtm1eq000b9lv5anfquwro,Nicolas Sarkozy,nicolas-sarkozy,LR,Les Républicains,Non spécifié,Non spécifié,Non spécifié,Non spécifié,70.0,1955.0,Non spécifié
cmlv85aui00x2emv5nefli31h,nicolas-sansu-condamnation-de-nicolas-sansu-pour-conduite-en-etat-d-ivresse-et-outrage-a-agents,Condamnation de Nicolas Sansu pour conduite en état d'ivresse et outrage à agents,"Dans la nuit du 27 au 28 février 2023 à Vierzon, le député communiste du Cher Nicolas Sansu a conduit en état d'ivresse et a outragé trois policiers lors d'un contrôle routier, déclarant notamment ""Vous me cassez les couilles, vous feriez mieux d'arrêter les voleurs, moi je connais Darmanin"". Placé en garde à vue les 4 et 5 mars 2023, il a reconnu les faits et présenté ses excuses publiques. Le 2 mai 2023, le tribunal judiciaire de Bourges l'a condamné dans le cadre d'une procédure de comparution sur reconnaissance préalable de culpabilité (CRPC) à deux mois de prison avec sursis, quatre mois de suspension du permis de conduire, 300 euros d'amende et 500 euros de dommages-intérêts à chacun des trois policiers outragés. Il s'agissait de sa deuxième affaire pour outrage envers des forces de l'ordre, après des faits similaires commis en mai 2021 alors qu'il était maire de Vierzon.",CONDAMNATION_PREMIERE_INSTANCE,AUTRE,2023-02-28T00:00:00.000Z,Non spécifié,2023-05-02T00:00:00.000Z,2023.0,2023.0,,Non spécifié,False,cmkjnz793002uvtv5q1hkxl5y,Nicolas Sansu,nicolas-sansu,GDR,Gauche Démocrate et Républicaine,Non spécifié,Non spécifié,Non spécifié,Non spécifié,57.0,1968.0,Non spécifié
cmlv85aps00wyemv5zt90ilhw,nicolas-sansu-outrage-a-agents-mai-2021,Outrage à agents (mai 2021),"[Nicolas Sansu](/politiques/nicolas-sansu), alors membre de la [Gauche Démocrate et Républicaine](/partis/gauche-democrate-et-republicaine), est actuellement député de la 2ème circonscription. Il adhère désormais au [Parti communiste français](/partis/parti-communiste-francais). Le 19 mai 2021, lors d'un contrôle du respect des restrictions sanitaires liées à la Covid-19, deux policiers interviennent à la terrasse d'un bar de Vierzon pour faire respecter les jauges d'occupation imposées. Sansu proteste et invective les deux agents. Un policier porte plainte pour outrage à personne dépositaire de l'autorité publique. L'affaire suit son cours judiciaire pendant près de deux ans. Le 23 mars 2023, elle aboutit à un classement sans suite moyennant le versement d'une contribution citoyenne de 300€ et de 800€ de dommages-intérêts. Cette issue permet la clôture du dossier sans condamnation pénale définitive. Sansu bénéficie de la présomption d'innocence pour cet incident, qui s'inscrit dans le contexte des tensions sociales générées par les mesures sanitaires du printemps 2021. Il convient de noter qu'une [autre affaire d'outrage à agents](/affaires/nicolas-sansu-condamnation-de-nicolas-sansu-pour-conduite-en-etat-d-ivresse-et-outrage-a-agents) concernant Sansu a également donné lieu à une condamnation distinct.",CLASSEMENT_SANS_SUITE,AUTRE,2021-05-19T00:00:00.000Z,Non spécifié,Non spécifié,2021.0,,,Non spécifié,False,cmkjnz793002uvtv5q1hkxl5y,Nicolas Sansu,nicolas-sansu,GDR,Gauche Démocrate et Républicaine,Non spécifié,Non spécifié,Non spécifié,Non spécifié,57.0,1968.0,Non spécifié
cmlv85al200wuemv5k8gi8nc4,julien-sanchez-mesures-discriminatoires-contre-les-magasins-ouverts-la-nuit,Affaire des mesures discriminatoires contre les magasins ouverts la nuit,"[Julien Sanchez](/politiques/julien-sanchez), alors maire de Beaucaire et membre du [Rassemblement National](/partis/rassemblement-national), a adopté en 2016 des mesures restrictrives concernant l'ouverture de commerces la nuit dans sa commune. Ces mesures ont été contestées comme potentiellement discriminatoires, notamment en raison de leur impact sur certaines catégories de commerçants. Poursuivi devant la justice pour discrimination, [Julien Sanchez](/politiques/julien-sanchez) a dû défendre sa décision d'ordre réglementaire. Le tribunal a examiné le bien-fondé des accusations portées contre lui, au regard du droit de la non-discrimination et des pouvoirs de police municipale. Le 15 décembre 2016, la juridiction a rendu son jugement en relaxant [Julien Sanchez](/politiques/julien-sanchez) de tous les faits de discrimination qui lui étaient reprochés. Cette décision a clos la procédure sur ce fondement, reconnaissant l'absence de culpabilité sur les griefs en question. Actuellement député européen, [Julien Sanchez](/politiques/julien-sanchez) a été impliqué dans d'autres contentieux, notamment une [condamnation par la CEDH pour incitation à la haine](/affaires/julien-sanchez-incitation-a-la-haine-raciale).",RELAXE,AUTRE,2016-01-01T00:00:00.000Z,Non spécifié,Non spécifié,2016.0,,,Non spécifié,False,cmkjtmy7w004z9lv5v2viiczo,Julien Sanchez,julien-sanchez,RN,Rassemblement National,Non spécifié,Non spécifié,Non spécifié,Non spécifié,42.0,1983.0,Non spécifié
cmlv85ag900wiemv5qgu9vh7v,fabien-roussel-soupcons-d-emploi-fictif-comme-assistant-parlementaire,Soupçons d'emploi fictif comme assistant parlementaire,"Une enquête préliminaire est ouverte en mars 2022 par le Parquet national financier sur des soupçons d'emploi fictif. Mediapart affirme que Fabien Roussel aurait bénéficié d'un emploi fictif comme attaché parlementaire de Jean-Jacques Candelier entre 2009 et 2014, pour un salaire mensuel de 3000 euros, en se basant sur un enregistrement, des témoignages et des documents montrant son absence de l'organigramme de l'équipe parlementaire. Fabien Roussel nie les accusations et affirme avoir réellement travaillé pour suivre des conflits dans le Douaisis.",ENQUETE_PRELIMINAIRE,EMPLOI_FICTIF,2009-01-01T00:00:00.000Z,Non spécifié,Non spécifié,2009.0,,,Non spécifié,False,cmll0vyox00022dv5afpwz04c,Fabien Roussel,fabien-roussel,PCF,Parti communiste français,Non spécifié,Non spécifié,Non spécifié,Non spécifié,53.0,1972.0,Non spécifié
cmlv85a1x00w6emv5x7w0nvov,stephane-ravier-favoritisme-partage-de-marche-public,Affaire de favoritisme (partage de marché public),"[Stéphane Ravier](/politiques/stephane-ravier), sénateur des Bouches-du-Rhône et alors sans affiliation partisane, a été jugé en première instance pour favoritisme dans l'exercice de ses fonctions de maire de secteur. Les faits remontent à 2016 et concernent le partage d'un marché public entre deux sociétés appartenant à une même personne. Cette pratique lui aurait permis d'éviter la mise en place d'une procédure d'appel d'offres obligatoire. Le jugement a lieu dix ans après les faits incriminés. Par jugement du 17 février 2026, le tribunal correctionnel le condamne à trois mois de prison avec sursis, une année d'inéligibilité et une amende de 5 000 euros. Cette condamnation intervient en première instance, ce qui signifie qu'une procédure d'appel reste possible. Cette affaire s'inscrit dans un contexte plus large d'enjeux de gestion publique et de respect des règles de transparence administrative. Elle s'ajoute à plusieurs autres procédures impliquant le sénateur, parmi lesquelles [l'affaire de prise illégale d'intérêts](/affaires/stephane-ravier-prise-illegale-d-interets-embauche-du-fils), relative à l'embauche de son fils.",CONDAMNATION_PREMIERE_INSTANCE,FAVORITISME,2016-01-01T00:00:00.000Z,Non spécifié,Non spécifié,2016.0,,,Non spécifié,False,cmksfe7k8010fc0v5cmc7g8bq,Stéphane Ravier,stephane-ravier,NI,Non-inscrits,Non spécifié,Non spécifié,Non spécifié,Non spécifié,56.0,1969.0,Non spécifié
cmlv859wz00w3emv5f8po8hi9,stephane-ravier-favoritisme-marches-publics-site-internet,Affaire de favoritisme (marchés publics site internet),"[Stéphane Ravier](/politiques/stephane-ravier), sénateur des Bouches-du-Rhône et membre du groupe [Non-inscrits](/partis/non-inscrits), fait l'objet d'une enquête préliminaire ouverte en août 2021 par le parquet de Marseille pour des soupçons de favoritisme et recel de favoritisme dans la gestion de marchés publics. Les faits allégués concernent l'attribution de marchés publics pour la création du site internet de sa mairie de secteur. Cette procédure relève de la catégorie du favoritisme, délit caractérisé par l'attribution avantageuse de contrats publics sans respect des principes de transparence et de concurrence. L'enquête préliminaire a été diligentée par le parquet de Marseille suivant le protocole standard pour les affaires présumées de déviation de deniers publics. À ce stade de la procédure, aucune mise en examen n'a été signalée et [Stéphane Ravier](/politiques/stephane-ravier) bénéficie de la présomption d'innocence. Aucune information n'est actuellement disponible sur l'avancement ou l'issue de cette enquête. Ce dossier s'inscrit dans un contexte judiciaire plus large impliquant [Stéphane Ravier](/politiques/stephane-ravier), notamment des affaires de [prise illégale d'intérêts](/affaires/stephane-ravier-prise-illegale-d-interets-embauche-du-fils) relatifs à la gestion de son office public.",ENQUETE_PRELIMINAIRE,FAVORITISME,Non spécifié,2022-02-01T00:00:00.000Z,Non spécifié,,,,Non spécifié,False,cmksfe7k8010fc0v5cmc7g8bq,Stéphane Ravier,stephane-ravier,NI,Non-inscrits,Non spécifié,Non spécifié,Non spécifié,Non spécifié,56.0,1969.0,Non spécifié
cmlv8596h00vwemv55qdkqfu5,stephane-ravier-prise-illegale-d-interets-embauche-du-fils,Affaire de prise illégale d'intérêts (embauche du fils),"[Stéphane Ravier](/politiques/stephane-ravier), sénateur des Bouches-du-Rhône et alors non-inscrit, a été poursuivi pour prise illégale d'intérêts suite au recrutement de son fils Thomas dans sa mairie de secteur pendant trois ans et demi. Le 29 mai 2024, le tribunal correctionnel de Marseille le condamne à six mois de prison avec sursis et un an d'inéligibilité pour cette infraction. Son fils, poursuivi conjointement, est cependant acquitté en première instance. En appel, la cour d'appel confirme le 17 février 2026 la condamnation du sénateur, maintenant la peine de six mois avec sursis et l'inéligibilité d'un an. Thomas Ravier voit sa condamnation infirmée en appel et obtient sa relaxe. Cette affaire s'inscrit dans un contexte plus large de contentieux judiciaires ayant émaillé la trajectoire de [Stéphane Ravier](/politiques/stephane-ravier), notamment l'[affaire de favoritisme concernant des marchés publics](/affaires/stephane-ravier-favoritisme-marches-publics-site-internet). La décision de justice définitive confirme que le recrutement du fils constituait bien un détournement de pouvoir public à titre personnel, distinct de toute faute personnelle de ce dernier dans les conditions de son embauche.",APPEL_EN_COURS,PRISE_ILLEGALE_INTERETS,Non spécifié,2024-05-29T00:00:00.000Z,2026-02-10T00:00:00.000Z,,2026.0,622.0,Non spécifié,False,cmksfe7k8010fc0v5cmc7g8bq,Stéphane Ravier,stephane-ravier,NI,Non-inscrits,Non spécifié,Non spécifié,Non spécifié,Non spécifié,56.0,1969.0,Non spécifié
cmlv8591p00vremv52bxuo7t2,stephane-ravier-diffamation-envers-sos-mediterranee,Affaire de diffamation envers SOS Méditerranée,"[Stéphane Ravier](/politiques/stephane-ravier), sénateur des Bouches-du-Rhône, non-inscrit à l'époque des faits, a été poursuivi pour diffamation publique suite à des accusations portées en 2018 contre l'ONG SOS Méditerranée. Il reprochait à l'organisation d'être « complice du trafic d'êtres humains », des propos tenus dans un contexte de débat public sur les migrations et le sauvetage en mer Méditerranée. Le tribunal correctionnel de Marseille a statué le 23 février 2024, le condamnant à 3 000 euros d'amende ainsi qu'au versement de 1 euro de préjudice moral et 3 000 euros de frais de procédure à l'ONG. Cette condamnation pour diffamation reconnaissait le caractère dommageable des accusations envers SOS Méditerranée. En mai 2025, la cour d'appel a prononcé une relaxe en raison de la prescription de l'action publique. Cette décision, fondée sur le délai écoulé entre les faits (2018) et la mise en examen, a invalidé les poursuites. L'ONG a envisagé un recours en pourvoi en cassation pour contester cette relaxe. Cette affaire s'inscrit dans une série de contentieux judiciaires impliquant le sénateur, notamment [l'injure sexiste envers Samia Ghali](/affaires/stephane-ravier-injure-sexiste-envers-samia-ghali) et [le tweet sur l'immigration et le meurtre en Seine-et-Marne](/affaires/stephane-ravier-tweet-sur-l-immigration-et-le-meurtre-en-seine-et-marne), qui révèlent un profil de figure publique régulièrement impliquée dans des litiges de parole.",RELAXE,DIFFAMATION,2018-01-01T00:00:00.000Z,Non spécifié,Non spécifié,2018.0,,,Non spécifié,False,cmksfe7k8010fc0v5cmc7g8bq,Stéphane Ravier,stephane-ravier,NI,Non-inscrits,Non spécifié,Non spécifié,Non spécifié,Non spécifié,56.0,1969.0,Non spécifié
cmlv858wy00vmemv56vjmnonq,stephane-ravier-injure-publique-envers-un-avocat-lyonnais,Affaire de l'injure publique envers un avocat lyonnais,"[Stéphane Ravier](/politiques/stephane-ravier), sénateur [non-inscrit](/partis/non-inscrits) des Bouches-du-Rhône, a été poursuivi pour injure publique après avoir traité un avocat lyonnais de ""raclure"". Cette qualification visait le conseil qui avait assuré la défense d'un homme condamné pour un homicide routier commis en juillet 2020 à Lyon. La critique de M. Ravier s'attaquait ainsi à l'exercice de la fonction d'avocat plutôt qu'aux faits de l'espèce. Le tribunal correctionnel de Lyon a statué en décembre 2023. Il a condamné le sénateur à une amende de 10 000 euros, assorti d'une astreinte de 1 000 euros par jour en cas de non-publication de la décision sur ses réseaux sociaux, et au versement de 10 000 euros de dommages et intérêts au plaignant. Cette condamnation s'inscrit dans un contexte plus large de contentieux judiciaires impliquant M. Ravier. L'action publique s'est toutefois éteinte par prescription en octobre 2024, ce qui met fin à la procédure avant toute exécution définitive. Cette prescription intervient conformément aux délais légaux applicables aux délits d'injure publique.",PRESCRIPTION,INJURE,Non spécifié,2023-12-19T00:00:00.000Z,Non spécifié,,,,Non spécifié,False,cmksfe7k8010fc0v5cmc7g8bq,Stéphane Ravier,stephane-ravier,NI,Non-inscrits,Non spécifié,Non spécifié,Non spécifié,Non spécifié,56.0,1969.0,Non spécifié
cmlv858sc00viemv5txfisoyt,stephane-ravier-tweet-sur-l-immigration-et-le-meurtre-en-seine-et-marne,Affaire du tweet sur l'immigration et le meurtre en Seine-et-Marne,"[Stéphane Ravier](/politiques/stephane-ravier), alors inscrit au groupe [Non-inscrits](/partis/non-inscrits) au Sénat, publie le 1er juillet 2021 un tweet commentant le meurtre d'un jeune homme en Seine-et-Marne : « Théo, 18 ans, assassiné par un Sénégalais à Claye-Souilly. L'immigration tue la jeunesse de France ». Le message relie directement l'origine nationale de l'auteur de l'infraction à une critique générale de l'immigration. Le parquet de Marseille poursuit [Stéphane Ravier](/politiques/stephane-ravier) pour diffamation raciale. En mai 2023, une amende pénale de 1 000 euros est requise devant le tribunal correctionnel. La juridiction donne raison au sénateur en le relaxant en juillet 2023, jugeant que ses propos ne constituent pas une diffamation au sens de la loi. Cette relaxe intervient dans un contexte récurrent : plusieurs autres contentieux judiciaires impliquent [Stéphane Ravier](/politiques/stephane-ravier), notamment l'[affaire de diffamation envers SOS Méditerranée](/affaires/stephane-ravier-diffamation-envers-sos-mediterranee) et l'[affaire d'injure sexiste envers Samia Ghali](/affaires/stephane-ravier-injure-sexiste-envers-samia-ghali). La relaxation de juillet 2023 clôt cette procédure sans condamnation.",RELAXE,DIFFAMATION,2021-07-01T00:00:00.000Z,Non spécifié,Non spécifié,2021.0,,,Non spécifié,False,cmksfe7k8010fc0v5cmc7g8bq,Stéphane Ravier,stephane-ravier,NI,Non-inscrits,Non spécifié,Non spécifié,Non spécifié,Non spécifié,56.0,1969.0,Non spécifié
cmlv858nq00veemv5mxfnqpmd,stephane-ravier-injure-sexiste-envers-samia-ghali,Affaire de l'injure sexiste envers Samia Ghali,"[Stéphane Ravier](/politiques/stephane-ravier), sénateur des Bouches-du-Rhône non-inscrit, a été poursuivi pour injure sexiste après des propos tenus lors d'une réunion publique en avril 2019. Le sénateur avait déclaré à propos de la sénatrice Samia Ghali : « La sénatrice Samia G., c'est le point G. de Marseille ! », une formule exploitant à connotation sexuelle le patronyme de l'élue. Le tribunal correctionnel de Marseille a condamné [Stéphane Ravier](/politiques/stephane-ravier) en mai 2021 à 1500 euros d'amende pour injure sexiste, estimant que les propos constituaient une atteinte à la dignité de la victime. Cependant, la cour d'appel d'Aix-en-Provence a infirmé ce jugement en mars 2022. Elle a relaxé le sénateur, considérant que les propos en question ne revêtaient pas le caractère d'une injure au sens de la loi. Cette décision représente le jugement définitif de l'affaire. [Stéphane Ravier](/politiques/stephane-ravier) a par ailleurs été impliqué dans plusieurs autres affaires judiciaires, notamment [l'affaire de prise illégale d'intérêts](/affaires/stephane-ravier-prise-illegale-d-interets-embauche-du-fils) et [l'affaire de favoritisme](/affaires/stephane-ravier-favoritisme-marches-publics-site-internet).",RELAXE,INJURE,2019-04-01T00:00:00.000Z,Non spécifié,Non spécifié,2019.0,,,Non spécifié,False,cmksfe7k8010fc0v5cmc7g8bq,Stéphane Ravier,stephane-ravier,NI,Non-inscrits,Non spécifié,Non spécifié,Non spécifié,Non spécifié,56.0,1969.0,Non spécifié
cmlv858ed00v2emv5qpkjfih6,jean-hugues-ratenon-diffamation-et-injures-tract-2009,Affaire de diffamation et injures (tract 2009),"[Jean-Hugues Ratenon](/politiques/jean-hugues-ratenon), alors membre de [Rézistan's Égalité 974](/partis/rezistan-s-egalite-974) et actuellement député de la 5ème circonscription au sein de [La France insoumise](/partis/la-france-insoumise), a été poursuivi pour diffamation et injures publiques. En décembre 2009, Ratenon distribue un tract via son association « Agir pou nout tout » contenant des critiques virulentes envers Daniel Gonthier, maire de sa circonscription. Le tract utilisait des expressions péjoratives dont « comportement de voyou » et « gros blanc ». Gonthier, considéré comme citoyen chargé d'un mandat public, a déposé plainte pour diffamation et injures. L'affaire a été soumise au tribunal correctionnel. En décembre 2010, le tribunal a jugé la plainte irrecevable, décision fondée sur un vice de procédure : la consignation financière obligatoire n'avait pas été versée dans les délais prévus par la loi. Gonthier a interjeté appel, mais la cour d'appel a confirmé cette décision en avril 2011, maintenant l'irrecevabilité de l'action en justice. Cette irrecevabilité a abouti à une relaxe judiciaire de Ratenon, qui a pu continuer son engagement politique sans condamnation au fond. Cette affaire intervient en parallèle d'autres poursuites dont il a fait l'objet au cours de sa carrière politique.",RELAXE,DIFFAMATION,2009-12-11T00:00:00.000Z,Non spécifié,Non spécifié,2009.0,,,Non spécifié,False,cmkjnzo6y009cvtv5e7a2ndfb,Jean-Hugues Ratenon,jean-hugues-ratenon,RÉ974,Rézistan's Égalité 974,Non spécifié,Non spécifié,Non spécifié,Non spécifié,58.0,1967.0,Non spécifié
cmlv8589m00uxemv5bm1cjmq9,julien-rancoule-plainte-de-sandrine-rousseau-contre-julien-rancoule-pour-pose-devant-une-pancarte-sexiste,Plainte de Sandrine Rousseau contre Julien Rancoule pour pose devant une pancarte sexiste,"Le 26 janvier 2024, Julien Rancoule, député RN de l'Aude, pose avec deux autres élus RN (Christophe Barthes et Frédéric Falcon) devant une pancarte affichant l'inscription « Va faire la soupe salope », ciblant les élues écologistes Sandrine Rousseau et Marine Tondelier. Cette inscription fait référence à une insulte lancée par un vigneron aux deux élues le 13 juin 2023. Le 29 janvier 2024, Sandrine Rousseau dépose une demande de sanction auprès de la présidence de l'Assemblée nationale et engage une procédure judiciaire. Julien Rancoule se défend en affirmant qu'il s'agit d'un ""cri de colère de paysans"" et qu'ils n'auraient pas utilisé ces termes eux-mêmes.",ENQUETE_PRELIMINAIRE,INJURE,2024-01-26T00:00:00.000Z,Non spécifié,Non spécifié,2024.0,,,Non spécifié,False,cmkjnzy2a00d4vtv5u6dxs34z,Julien Rancoule,julien-rancoule,RN,Rassemblement National,Non spécifié,Non spécifié,Non spécifié,Non spécifié,32.0,1993.0,Non spécifié
cmlv8585300utemv5q8daripy,adrien-quatennens-plainte-en-diffamation-de-gerald-darmanin-contre-adrien-quatennens,Plainte en diffamation de Gérald Darmanin contre Adrien Quatennens,"Le 13 décembre 2022, Gérald Darmanin, ministre de l'Intérieur, annonce porter plainte en diffamation contre Adrien Quatennens, député La France insoumise du Nord. Cette action fait suite aux propos tenus par Quatennens dans une interview à La Voix du Nord, où il affirme que sa condamnation pour violences conjugales aurait été « orchestrée depuis le ministère de l'Intérieur » et que les fuites de la procédure seraient d'origine politique. Darmanin qualifie ces accusations de « propos calomnieux » et dépose plainte le 14 décembre 2022. Le ministre réfute catégoriquement toute implication de son ministère dans la procédure judiciaire visant Quatennens et défie ce dernier de publier ses preuves.",ENQUETE_PRELIMINAIRE,DIFFAMATION,2022-12-13T00:00:00.000Z,Non spécifié,Non spécifié,2022.0,,,Non spécifié,False,cmkjtmd4q002a9lv5cbi7xd5c,Adrien Quatennens,adrien-quatennens,LFI,La France insoumise,Non spécifié,Non spécifié,Non spécifié,Non spécifié,35.0,1990.0,Non spécifié
cmlv857vt00udemv5w3h9djic,adrien-quatennens-condamnation-d-adrien-quatennens-pour-violences-conjugales-2,Condamnation d'Adrien Quatennens pour violences conjugales,"Le 13 décembre 2022, le député Adrien Quatennens (LFI) a été condamné par le tribunal judiciaire de Lille à quatre mois de prison avec sursis et 2 000 euros de dommages et intérêts pour préjudice moral, dans le cadre d'une comparution sur reconnaissance préalable de culpabilité (plaider-coupable). Il a été reconnu coupable de violences sans incapacité commises par conjoint entre octobre et décembre 2021 (une gifle) et d'envoi régulier et malveillant de messages à son ex-épouse par SMS et WhatsApp entre août et septembre 2022. Son épouse avait dénoncé des violences physiques et psychologiques exercées depuis plusieurs années, évoquant les colères et crises de son mari. Suite à cette condamnation, le groupe LFI-Nupes l'a radié pour quatre mois (jusqu'au 13 avril 2023), conditionnant son retour à un stage de responsabilisation sur les violences faites aux femmes.",CONDAMNATION_DEFINITIVE,VIOLENCE,2021-10-01T00:00:00.000Z,Non spécifié,2022-12-13T00:00:00.000Z,2021.0,2022.0,,Non spécifié,False,cmkjtmd4q002a9lv5cbi7xd5c,Adrien Quatennens,adrien-quatennens,LFI,La France insoumise,Non spécifié,Non spécifié,Non spécifié,Non spécifié,35.0,1990.0,Non spécifié
cmlv857r900u7emv5pe0u5mlp,aurelien-pradie-accusations-d-homophobie-a-l-assemblee-nationale-2022,Accusations d'homophobie à l'Assemblée nationale (2022),"[Aurélien Pradié](/politiques/aurelien-pradie), député de la 1ère circonscription et membre des [Républicains](/partis/les-republicains), est au cœur d'une controverse relative à des propos tenus lors d'une séance de questions au gouvernement. Le 3 août 2022, lors de débats parlementaires portant sur la variole du singe, Pradié aurait commenté une intervention de Sandrine Rousseau par la remarque : « c'est surtout une honte pour les singes ». Cette phrase, retranscrite dans le compte rendu officiel de la séance, a été interprétée comme une allusion homophobe, le contexte de la discussion portant sur une maladie disproportionnément affectant certaines communautés. Pradié a formellement démenti tenir ces propos, malgré leur présence dans la documentation officielle de l'Assemblée. Sandrine Rousseau a saisi l'instance parlementaire en déposant un recours au titre de l'homophobie manifeste, enclenchant un processus de traitement interne à l'Assemblée nationale. Sur le plan judiciaire, la situation s'est cristallisée autour d'un enjeu d'immunité parlementaire. Les poursuites judiciaires potentielles ont été écartées en raison de la protection constitutionnelle dont bénéficient les parlementaires pour leurs paroles en séance. L'affaire a connu un classement sans suite, le cadre judiciaire ne permettant pas de poursuivre les faits allégués. Cette affaire intervient dans un contexte où Pradié avait précédemment fait l'objet de sanctions électorales.",CLASSEMENT_SANS_SUITE,INCITATION_HAINE,2022-08-03T00:00:00.000Z,Non spécifié,Non spécifié,2022.0,,,Non spécifié,False,cmkjnzj8r007gvtv5sozt9lbu,Aurélien Pradié,aurelien-pradie,LR,Les Républicains,Non spécifié,Non spécifié,Non spécifié,Non spécifié,39.0,1986.0,Non spécifié
cmlv857mr00u4emv5015va3p9,aurelien-pradie-ineligibilite-pour-compte-de-campagne-deficitaire-legislatives-2012,Inéligibilité pour compte de campagne déficitaire (législatives 2012),"[Aurélien Pradié](/politiques/aurelien-pradie), membre du groupe [Les Républicains](/partis/les-republicains), s'est présenté aux élections législatives de juin 2012 dans la 1ère circonscription. Lors de l'enregistrement du compte de campagne relatif à ces élections, le dossier a présenté un déficit significatif. Selon les éléments analysés, l'apport personnel déclaré par le candidat a été qualifié de fictif par les autorités compétentes, compromettant ainsi l'équilibre du financement de la campagne électorale. En février 2013, le Conseil constitutionnel a prononcé une décision définitive déclarant [Aurélien Pradié](/politiques/aurelien-pradie) inéligible pour une durée d'un an. Cette inéligibilité constituait la sanction de l'irrégularité du financement de campagne. La qualification de l'apport personnel comme fictif relevait d'une violation de la législation encadrant le financement des campagnes électorales. Cette condamnation définitive s'inscrit dans la jurisprudence du Conseil constitutionnel en matière de respect des règles de transparence et d'équilibre des comptes de campagne. L'inéligibilité temporaire représentait une mesure restrictive des droits politiques du candidat concerné.",CONDAMNATION_DEFINITIVE,FINANCEMENT_ILLEGAL_CAMPAGNE,2012-06-01T00:00:00.000Z,Non spécifié,Non spécifié,2012.0,,,Non spécifié,False,cmkjnzj8r007gvtv5sozt9lbu,Aurélien Pradié,aurelien-pradie,LR,Les Républicains,Non spécifié,Non spécifié,Non spécifié,Non spécifié,39.0,1986.0,Non spécifié
cmlv8573w00tpemv5q8zn15o1,jean-vincent-place-mise-en-examen-pour-agression-sexuelle-a-l-etranger,Mise en examen pour agression sexuelle à l'étranger,"[Jean-Vincent Placé](/politiques/jean-vincent-place), député du [Parti radical de gauche](/partis/parti-radical-de-gauche) à l'époque des faits, est mis en examen le 6 septembre 2024 pour agression sexuelle sur une deuxième femme. Les faits reprochés remonteraient à octobre 2017 et auraient été commis à l'étranger. Cette mise en examen intervient dans un contexte judiciaire déjà chargé pour l'homme politique. Il fait l'objet de plusieurs procédures parallèles : une [condamnation pour harcèlement sexuel sur une gendarme](/affaires/jean-vincent-place-condamnation-pour-harcelement-sexuel-sur-une-gendarme) et une [mise en examen pour agressions et harcèlement sexuels](/affaires/jean-vincent-place-mise-en-examen-pour-agressions-et-harcelement-sexuels-ancienne-collaboratrice) mettant en cause une ancienne collaboratrice. Le statut de mise en examen signifie que le magistrat instructeur a rassemblé des éléments suffisants pour justifier des poursuites, sans pour autant préjuger de la culpabilité du mis en examen. La présomption d'innocence s'applique jusqu'au jugement définitif. Cette affaire s'inscrit dans une série d'accusations de nature sexuelle formulées contre [Jean-Vincent Placé](/politiques/jean-vincent-place) depuis plusieurs années, marquant un tournant significatif dans sa trajectoire politique.",RENVOI_TRIBUNAL,AGRESSION_SEXUELLE,2017-10-01T00:00:00.000Z,Non spécifié,Non spécifié,2017.0,,,Non spécifié,False,cmlj9hmdx0347zav578ec0mhm,Jean-Vincent Placé,jean-vincent-place,PRG,Parti radical de gauche,Non spécifié,Non spécifié,Non spécifié,Non spécifié,57.0,1968.0,Non spécifié
cmlv856ze00tjemv5sd5xaw6u,jean-vincent-place-mise-en-examen-pour-agressions-et-harcelement-sexuels-ancienne-collaboratrice,Mise en examen pour agressions et harcèlement sexuels (ancienne collaboratrice),"[Jean-Vincent Placé](/politiques/jean-vincent-place), ancien sénateur du [Parti radical de gauche](/partis/parti-radical-de-gauche), fait l'objet d'une mise en examen pour agressions sexuelles et harcèlement sexuel à partir de mars 2022. Une ancienne collaboratrice accuse le politicien de faits de harcèlement et agressions sexuelles commis entre 2012 et 2016. À la suite de cette plainte, Placé est placé en garde à vue le 28 mars 2022. Il est mis en examen le 29 mars 2022 pour agressions sexuelles et harcèlement sexuel, puis placé sous contrôle judiciaire. L'affaire a été renvoyée devant un tribunal pour jugement. Sous le régime de la présomption d'innocence, les accusations doivent être établies par la justice. Cette mise en examen intervient dans un contexte où Placé fait face à plusieurs autres procédures judiciaires, notamment une [condamnation antérieure pour harcèlement sexuel sur une gendarme](/affaires/jean-vincent-place-condamnation-pour-harcelement-sexuel-sur-une-gendarme). Les conditions de mise sous contrôle judiciaire encadrent la liberté du mis en examen en attente de jugement. L'issue définitive de cette affaire sera déterminée par la juridiction compétente lors du procès.",RENVOI_TRIBUNAL,AGRESSION_SEXUELLE,2012-01-01T00:00:00.000Z,Non spécifié,Non spécifié,2012.0,,,Non spécifié,False,cmlj9hmdx0347zav578ec0mhm,Jean-Vincent Placé,jean-vincent-place,PRG,Parti radical de gauche,Non spécifié,Non spécifié,Non spécifié,Non spécifié,57.0,1968.0,Non spécifié
cmlv856uj00tgemv59klc5ru6,jean-vincent-place-condamnation-pour-harcelement-sexuel-sur-une-gendarme,Condamnation pour harcèlement sexuel sur une gendarme,"[Jean-Vincent Placé](/politiques/jean-vincent-place), alors secrétaire d'État du [Parti radical de gauche](/partis/parti-radical-de-gauche), a été condamné en 2021 pour harcèlement sexuel commis durant ses fonctions gouvernementales. Les faits reprochés concernent une gendarme affectée à la sécurité de son logement de fonction. La militaire assurait des missions de surveillance à l'entrée du bâtiment lorsque les comportements harcelants se sont produits. Le tribunal a retenu la culpabilité de [Jean-Vincent Placé](/politiques/jean-vincent-place) et l'a condamné au paiement d'une amende de 5 000 euros. Cette condamnation est devenue définitive et ne peut faire l'objet d'aucun appel. Cette décision intervient dans un contexte d'accusations plus larges contre l'ancien élu. [Jean-Vincent Placé](/politiques/jean-vincent-place) fait également l'objet de [mise en examen pour agressions et harcèlement sexuels auprès d'une ancienne collaboratrice](/affaires/jean-vincent-place-mise-en-examen-pour-agressions-et-harcelement-sexuels-ancienne-collaboratrice) et de [mise en examen pour agression sexuelle à l'étranger](/affaires/jean-vincent-place-mise-en-examen-pour-agression-sexuelle-a-l-etranger), dont les procédures restent en cours.",CONDAMNATION_DEFINITIVE,HARCELEMENT_SEXUEL,Non spécifié,2021-03-15T00:00:00.000Z,Non spécifié,,,,Non spécifié,False,cmlj9hmdx0347zav578ec0mhm,Jean-Vincent Placé,jean-vincent-place,PRG,Parti radical de gauche,Non spécifié,Non spécifié,Non spécifié,Non spécifié,57.0,1968.0,Non spécifié
cmlv856pz00tcemv50qafuss8,jean-vincent-place-infractions-routieres-impayees,Affaire des infractions routières impayées,"[Jean-Vincent Placé](/politiques/jean-vincent-place), membre du [Parti radical de gauche](/partis/parti-radical-de-gauche), a accumulé entre 2004 et 2010 une centaine d'infractions routières commises avec un véhicule de fonction du conseil régional d'Île-de-France. Ces infractions concernaient principalement des stationnements interdits et des excès de vitesse. Les procès-verbaux correspondants n'ont pas été réglés au moment de leur émission. Le conseil régional d'Île-de-France a adressé à Placé une réclamation portant sur 133 amendes, pour un montant total de 18 161 euros. Cette dette administrativement établie a alimenté un contentieux entre l'élu et la région. Placé a déclaré avoir régularisé sa situation en avril 2014, en acquittant la somme réclamée. Après vérification et arrangement du dossier, les poursuites ont été abandonnées sans suite. La procédure a été classée sans suite en raison du règlement amiable intervenu.",CLASSEMENT_SANS_SUITE,AUTRE,2004-01-01T00:00:00.000Z,Non spécifié,Non spécifié,2004.0,,,Non spécifié,False,cmlj9hmdx0347zav578ec0mhm,Jean-Vincent Placé,jean-vincent-place,PRG,Parti radical de gauche,Non spécifié,Non spécifié,Non spécifié,Non spécifié,57.0,1968.0,Non spécifié
cmlv856lb00t8emv590m4po9h,stephane-piednoir-prise-illegale-d-interets,Affaire de prise illégale d'intérêts,"[Stéphane Piednoir](/politiques/stephane-piednoir), sénateur Maine-et-Loire et membre des [Républicains](/partis/les-republicains), a été condamné le 24 janvier 2025 pour prise illégale d'intérêts. Les faits remontent à juin 2016. En sa qualité de maire, [Piednoir](/politiques/stephane-piednoir) a signé un permis de construire pour un bien immobilier dans lequel il détenait des parts de propriété, constituant une violation de ses obligations légales d'impartialité. La procédure judiciaire s'est déroulée en plusieurs étapes : levée de l'immunité parlementaire en novembre 2020, puis placement en garde à vue en décembre 2020. L'affaire a été examinée par le tribunal correctionnel d'Angers, juridiction compétente. Le tribunal a prononcé une condamnation le 24 janvier 2025, infligeant à [Piednoir](/politiques/stephane-piednoir) des amendes pour cette infraction. Cette décision se distingue des réquisitions du ministère public : aucune peine d'emprisonnement avec sursis ni mesure d'inéligibilité n'a été retenue, le tribunal ayant ainsi opté pour une sanction moins sévère que celle sollicitée par le procureur. Cette affaire illustre les règles de prévention des conflits d'intérêts auxquelles sont soumis les élus dans l'exercice de leurs fonctions exécutives.",CONDAMNATION_PREMIERE_INSTANCE,PRISE_ILLEGALE_INTERETS,2016-06-01T00:00:00.000Z,Non spécifié,2025-01-24T00:00:00.000Z,2016.0,2025.0,,Non spécifié,False,cmksfd8q900ivc0v5sowa2enp,Stéphane Piednoir,stephane-piednoir,LR,Les Républicains,Non spécifié,Non spécifié,Non spécifié,Non spécifié,55.0,1970.0,Non spécifié
cmlv856gl00t0emv54i69w6ea,annick-petrus-tabac-de-contrebande-a-l-aeroport-de-roissy,Affaire du tabac de contrebande à l'aéroport de Roissy,"[Annick Petrus](/politiques/annick-petrus), sénatrice de Saint-Martin membre des [Républicains](/partis/les-republicains), a été interpellée le 4 mai 2025 à l'aéroport de Roissy lors d'un contrôle douanier. Elle était en possession de 22 kilos de cigarettes non déclarées, composées de 110 cartouches de marques Marlboro et Philip Morris, d'une valeur totale de 14 250 euros. La sénateur a reconnu l'infraction de contrebande et n'a pas contesté les constatations des autorités douanières. Face à cette situation, l'administration des douanes a proposé un arrangement transactionnel, procédure permettant de résoudre l'affaire sans saisine de la justice pénale. [Annick Petrus](/politiques/annick-petrus) a accepté cet arrangement et s'est engagée à verser une amende de 4 900 euros. La marchandise saisie a été détruite conformément à la réglementation applicable aux produits illicites. L'affaire n'a donc pas donné lieu à des poursuites judiciaires formelles. Le classement sans suite, formalisé à l'issue de cette transaction, met un terme à la procédure administrative.",CLASSEMENT_SANS_SUITE,AUTRE,2025-05-04T00:00:00.000Z,Non spécifié,Non spécifié,2025.0,,,Non spécifié,False,cmksfdwud00v3c0v59sjq4e5b,Annick Petrus,annick-petrus,LR,Les Républicains,Non spécifié,Non spécifié,Non spécifié,Non spécifié,64.0,1961.0,Non spécifié
cmlv856by00ssemv5tqb72uy6,jean-marie-le-pen-assistants-parlementaires-du-front-national-au-parlement-europeen,Affaire des assistants parlementaires du Front national au Parlement européen,"Jean-Marie Le Pen est mis en examen en 2019 pour détournement de fonds publics et complicité de ce délit dans le cadre de l'affaire des assistants parlementaires européens du Front national. Selon l'accusation, il aurait mis en place un système de détournement de fonds consistant à rémunérer des permanents du parti avec l'argent du Parlement européen sous couvert de contrats fictifs d'assistants parlementaires. Le procès en première instance devait se tenir de septembre à novembre 2024, mais le tribunal judiciaire de Paris a jugé en juillet 2024 que Jean-Marie Le Pen n'était pas apte à y assister en raison de ses facultés considérablement altérées. En première instance (mars 2025), le tribunal correctionnel a condamné 25 prévenus dont Marine Le Pen, considérée comme l'instigatrice ""à la suite de son père"" d'un système ayant permis de détourner 1,4 million d'euros. Un procès en appel s'est tenu en janvier-février 2026 devant la cour d'appel de Paris, lors duquel le parquet a requis la condamnation de tous les prévenus, dont Jean-Marie Le Pen bien que sa présence n'ait pas été mentionnée.",CLASSEMENT_SANS_SUITE,DETOURNEMENT_FONDS_PUBLICS,2013-01-01T00:00:00.000Z,Non spécifié,2025-03-31T00:00:00.000Z,2013.0,2025.0,,Non spécifié,False,cmkjtn2jg005p9lv59qp3rdy4,Jean-Marie Le Pen,jean-marie-le-pen,FN,Front national,Non spécifié,Non spécifié,Non spécifié,Non spécifié,97.0,1928.0,Non spécifié
cmlv8560t00snemv53wsi06b2,jean-marie-le-pen-frais-de-mandat-indus-de-jean-marie-le-pen-au-parlement-europeen,Affaire des frais de mandat indus de Jean-Marie Le Pen au Parlement européen,"Le Parlement européen réclame à Jean-Marie Le Pen le remboursement de 303 200,99 euros pour des dépenses personnelles indûment facturées comme frais de mandat durant ses trois décennies en tant qu'eurodéputé (jusqu'en 2019). Selon un rapport de l'Office européen de lutte antifraude (OLAF), il aurait fait rembourser via la ""ligne budgétaire 400"" des achats personnels incluant 129 bouteilles de vin, cravates, horloges, balances de cuisine, lunettes de réalité virtuelle et autres objets sans lien avec son mandat. Le secrétaire général du Parlement européen a notifié cette demande de remboursement en juillet 2024. Après le décès de Jean-Marie Le Pen le 7 janvier 2025, ses trois filles (Marine, Yann et Marie-Caroline) ont poursuivi le recours en tant qu'héritières, mais le tribunal de l'Union européenne a rejeté ce recours le 16 juillet 2025. Un pourvoi devant la Cour de justice de l'UE reste possible dans un délai de deux mois et dix jours.",CONDAMNATION_PREMIERE_INSTANCE,DETOURNEMENT_FONDS_PUBLICS,Non spécifié,Non spécifié,2025-07-16T00:00:00.000Z,,2025.0,,Non spécifié,False,cmkjtn2jg005p9lv59qp3rdy4,Jean-Marie Le Pen,jean-marie-le-pen,FN,Front national,Non spécifié,Non spécifié,Non spécifié,Non spécifié,97.0,1928.0,Non spécifié
cmlv855w600sjemv5abge43xw,jean-marie-le-pen-mise-en-examen-de-jean-marie-le-pen-pour-diffamation-a-caractere-raciste,Mise en examen de Jean-Marie Le Pen pour diffamation à caractère raciste,"En septembre 2018, Jean-Marie Le Pen est mis en examen pour diffamation publique a caractere raciste suite a des propos tenus le 2 septembre 2009 sur RTL, ou il avait declare que ""90% des faits divers ont a leur origine soit un immigre soit une personne d'origine immigree"". Cette procedure a ete initiee par le parquet de Paris a la suite d'une plainte deposee par SOS Racisme. Le Parlement europeen avait leve son immunite parlementaire en juin 2017 pour permettre les poursuites. La procedure s'est eteinte avec le deces de Jean-Marie Le Pen le 7 janvier 2025, l'action publique s'eteignant par la mort du prevenu (article 6 du code de procedure penale).",CLASSEMENT_SANS_SUITE,DIFFAMATION,2009-09-02T00:00:00.000Z,Non spécifié,Non spécifié,2009.0,,,Non spécifié,False,cmkjtn2jg005p9lv59qp3rdy4,Jean-Marie Le Pen,jean-marie-le-pen,FN,Front national,Non spécifié,Non spécifié,Non spécifié,Non spécifié,97.0,1928.0,Non spécifié
cmlv855rd00sfemv5700lwk8k,jean-marie-le-pen-relaxe-de-jean-marie-le-pen-pour-ses-propos-sur-la-fournee,"Relaxe de Jean-Marie Le Pen pour ses propos sur la ""fournée""","Le 6 juin 2014, Jean-Marie Le Pen prononce à propos du chanteur Patrick Bruel la phrase ""Ça ne m'étonne pas, écoutez, on fera une fournée la prochaine fois"" dans son journal de bord audiovisuel. Ces propos suscitent un tollé immédiat et le Front national retire la vidéo de son site internet à la demande de Marine Le Pen. Poursuivi pour provocation à la haine raciale, Jean-Marie Le Pen, alors âgé de 93 ans, comparaît le 1er septembre 2021 devant le tribunal correctionnel de Paris (absent à l'audience). Le tribunal reconnaît que le mot ""fournée"" renvoie à l'extermination systématique des juifs d'Europe et que les propos visaient la communauté juive, mais relaxe néanmoins Jean-Marie Le Pen le 29 octobre 2021. Le parquet général interjette appel de cette décision.",RELAXE,INCITATION_HAINE,2014-06-06T00:00:00.000Z,Non spécifié,2021-10-29T00:00:00.000Z,2014.0,2021.0,,Non spécifié,False,cmkjtn2jg005p9lv59qp3rdy4,Jean-Marie Le Pen,jean-marie-le-pen,FN,Front national,Non spécifié,Non spécifié,Non spécifié,Non spécifié,97.0,1928.0,Non spécifié
cmlv855ln00sbemv552g5pq5j,jean-marie-le-pen-relaxe-de-jean-marie-le-pen-pour-les-affiches-non-a-l-islamisme,"Relaxe de Jean-Marie Le Pen pour les affiches ""Non à l'islamisme""","En février 2010, lors de la campagne des élections régionales, le mouvement de jeunesse du Front national diffuse en région PACA et sur internet des affiches intitulées ""Non à l'islamisme"" représentant une femme intégralement voilée à côté d'une carte de France recouverte du drapeau algérien avec des minarets en forme de missiles. Jean-Marie Le Pen est poursuivi pour incitation à la haine raciale par la Licra et SOS-Racisme devant le tribunal correctionnel de Paris, qui le relaxe le 2 décembre 2010 pour des raisons de forme sans juger le fond. Le Mrap saisit ensuite le tribunal correctionnel de Nanterre, qui relaxe également Jean-Marie Le Pen le 5 avril 2011, cette fois sur le fond, estimant que le contexte électoral autorise des propos parfois exagérés et que les islamistes ne constituent pas juridiquement un groupe de personnes au regard de la loi de 1881.",RELAXE,INCITATION_HAINE,2010-02-01T00:00:00.000Z,Non spécifié,2011-04-05T00:00:00.000Z,2010.0,2011.0,,Non spécifié,False,cmkjtn2jg005p9lv59qp3rdy4,Jean-Marie Le Pen,jean-marie-le-pen,FN,Front national,Non spécifié,Non spécifié,Non spécifié,Non spécifié,97.0,1928.0,Non spécifié
cmlv855gw00s7emv5uitwpp25,jean-marie-le-pen-condamnation-de-jean-marie-le-pen-pour-contestation-de-crime-contre-l-humanite-chambres-a-gaz-detail-de-l-histoire-2015,Condamnation de Jean-Marie Le Pen pour contestation de crime contre l'humanité (chambres à gaz « détail de l'histoire » - 2015),"En avril 2015, Jean-Marie Le Pen réitère ses propos controversés en affirmant maintenir que les chambres à gaz constituent « un détail » de l'Histoire de la Seconde Guerre mondiale. Le 1er mars 2017, la cour d'appel de Paris le condamne à 30 000 euros d'amende pour contestation de crime contre l'humanité. Le 27 mars 2018, la Cour de cassation rejette son pourvoi, rendant la condamnation définitive. Cette affaire s'inscrit dans une série de condamnations similaires, Jean-Marie Le Pen ayant déjà été condamné pour des propos analogues en 1991, 1999 et d'autres occasions.",CONDAMNATION_DEFINITIVE,AUTRE,2015-04-01T00:00:00.000Z,Non spécifié,2018-03-27T00:00:00.000Z,2015.0,2018.0,,Non spécifié,False,cmkjtn2jg005p9lv59qp3rdy4,Jean-Marie Le Pen,jean-marie-le-pen,FN,Front national,Non spécifié,Non spécifié,Non spécifié,Non spécifié,97.0,1928.0,Non spécifié
cmlv855c800s3emv5pkcoy7qf,jean-marie-le-pen-detail-reiteration-1997,Affaire du « détail » (réitération 1997),"[Jean-Marie Le Pen](/politiques/jean-marie-le-pen), président du [Front national](/partis/front-national), est à l'origine de plusieurs affaires judiciaires liées à ses déclarations publiques. En 1997, il réitère sa formule controversée du « détail » concernant l'Holocauste et les chambres à gaz, propos déjà sanctionnés précédemment. Cette déclaration fait l'objet de plaintes émanant de onze associations de défense des droits humains et de mémoire. La Cour d'appel de Versailles examine l'affaire et rend son jugement le 10 septembre 1999. Le Pen est condamné à verser des dommages-intérêts aux plaignants, avec une condamnation pécuniaire comprise entre un franc symbolique et 5000 francs selon les associations poursuivantes. Cette affaire s'inscrit dans un contexte de responsabilité civile pour des propos tenus publiquement. La juridiction reconnaît le préjudice causé aux associations plaignantes, bien que le quantum des dommages demeure modéré. Cette décision fait suite à d'autres poursuites contre le politicien, notamment pour [contestation de crime contre l'humanité sur les propos des chambres à gaz](/affaires/jean-marie-le-pen-condamnation-de-jean-marie-le-pen-pour-contestation-de-crime-contre-l-humanite-propos-sur-les-chambres-a-gaz). La condamnation en appel confirme la responsabilité civile sans préjuger de poursuites pénales antérieures ou ultérieures.",CONDAMNATION_DEFINITIVE,AUTRE,1997-01-01T00:00:00.000Z,Non spécifié,Non spécifié,1997.0,,,Non spécifié,False,cmkjtn2jg005p9lv59qp3rdy4,Jean-Marie Le Pen,jean-marie-le-pen,FN,Front national,Non spécifié,Non spécifié,Non spécifié,Non spécifié,97.0,1928.0,Non spécifié
cmlv854o500rhemv546100j84,jean-marie-le-pen-condamnation-de-jean-marie-le-pen-pour-ses-propos-sur-le-detail-de-l-histoire,"Condamnation de Jean-Marie Le Pen pour ses propos sur le ""détail de l'histoire""","Le 13 septembre 1987, Jean-Marie Le Pen, alors député FN, déclare que les chambres à gaz sont ""un point de détail de l'histoire de la seconde guerre mondiale"", provoquant un scandale national. Il est condamné en référé le 28 janvier 1988 par la cour d'appel de Versailles à verser un franc symbolique à dix parties civiles dont le MRAP et la Licra. Il sera condamné à nouveau en 1991 pour banalisation de crimes contre l'humanité, puis en 1999, après avoir réitéré ces propos en 1997, 2008, 2009 et 2015. Cette dernière réitération en 2015 lui vaudra son exclusion du Front national par sa fille Marine Le Pen.",CONDAMNATION_DEFINITIVE,AUTRE,1987-09-13T00:00:00.000Z,Non spécifié,1988-01-28T00:00:00.000Z,1987.0,1988.0,,Non spécifié,False,cmkjtn2jg005p9lv59qp3rdy4,Jean-Marie Le Pen,jean-marie-le-pen,FN,Front national,Non spécifié,Non spécifié,Non spécifié,Non spécifié,97.0,1928.0,Non spécifié
cmlv854jd00rcemv55s0i5757,jean-marie-le-pen-condamnation-pour-apologie-de-crime-de-guerre-disque-de-chants-nazis,Condamnation pour apologie de crime de guerre (disque de chants nazis),"[Jean-Marie Le Pen](/politiques/jean-marie-le-pen), fondateur du [Front national](/partis/front-national), est condamné par la cour d'appel de Paris le 19 novembre 1969 pour apologie de crime de guerre. Les faits remontent à 1969 et concernent un disque de chants nazis édité par la Serp, société dirigée par Le Pen. Le texte figurant au dos du disque présente la montée au pouvoir d'Adolf Hitler comme un mouvement populaire et démocratique, ce qui constitue une apologie des crimes de guerre du régime nazi. La cour d'appel de Paris estime que le contenu du disque enfreint la législation sur l'apologie de crime de guerre. Cette condamnation est définitive et s'ajoute à une série d'autres poursuites judiciaires contre Le Pen au cours de sa carrière politique, notamment pour des propos contestant le génocide, des déclarations jugées diffamatoires ou discriminatoires. Cette affaire exemplifie les limites légales imposées en France à la liberté d'expression lorsqu'elle touche à la glorification des crimes nazis et de la Seconde Guerre mondiale. La condamnation reflète le cadre juridique français qui sanctionne pénalement les apologies de crimes de guerre et les crimes contre l'humanité.",CONDAMNATION_DEFINITIVE,AUTRE,1969-01-01T00:00:00.000Z,Non spécifié,Non spécifié,1969.0,,,Non spécifié,False,cmkjtn2jg005p9lv59qp3rdy4,Jean-Marie Le Pen,jean-marie-le-pen,FN,Front national,Non spécifié,Non spécifié,Non spécifié,Non spécifié,97.0,1928.0,Non spécifié
cmlv8544q00r2emv5w4v07c4z,jean-marie-le-pen-propos-monseigneur-ebola-sur-l-immigration,Affaire des propos « Monseigneur Ebola » sur l'immigration,"Le 20 mai 2014, lors d'une réunion publique à Marseille, Jean-Marie Le Pen tient des propos sur l'explosion démographique et le « risque de submersion » de la France par l'immigration, déclarant que « Monseigneur Ebola peut régler ça en trois mois », en référence à l'épidémie d'Ebola qui sévissait alors en Afrique. Ces propos, tenus initialement lors d'un cocktail de presse avant son discours public, sont confirmés par plusieurs témoignages de journalistes présents. Interrogé par Canal+, Jean-Marie Le Pen tente de justifier ses déclarations en affirmant qu'il parlait de surpopulation mondiale et non d'immigration, mais les articles confirment qu'il a bien lié les deux sujets. Les sources ne mentionnent pas de condamnation judiciaire spécifique pour ces propos d'Ebola, bien que d'autres déclarations de Jean-Marie Le Pen aient fait l'objet de poursuites pour provocation à la haine raciale.",CLASSEMENT_SANS_SUITE,INCITATION_HAINE,2014-05-20T00:00:00.000Z,Non spécifié,Non spécifié,2014.0,,,Non spécifié,False,cmkjtn2jg005p9lv59qp3rdy4,Jean-Marie Le Pen,jean-marie-le-pen,FN,Front national,Non spécifié,Non spécifié,Non spécifié,Non spécifié,97.0,1928.0,Non spécifié
cmlv853zq00qyemv5h7tvhbm0,jean-marie-le-pen-propos-sur-les-sidaiques-de-jean-marie-le-pen,Affaire des propos sur les « sidaïques » de Jean-Marie Le Pen,"Le 6 mai 1987, lors de l'emission ""L'Heure de verite"" sur Antenne 2, Jean-Marie Le Pen qualifie les malades du sida de ""sidaiques"" et les compare a des lepreux, declarant qu'ils sont contagieux par la transpiration, les larmes et la salive. Il plaide pour leur placement dans des centres medicaux specialises, diffusant de fausses informations sur les modes de contamination du VIH. Ces propos provoquent un scandale national dans le contexte de l'epidemie de sida. Aucune condamnation judiciaire specifique pour ces propos n'est documentee dans les sources disponibles. A noter : la condamnation de Jean-Marie Le Pen par la cour d'appel de Lyon le 23 mai 1991 concerne un incident distinct, le slogan de campagne ""SIDA = Socialisme, Immigration, Drogue, Affairisme"" de 1990.",CLASSEMENT_SANS_SUITE,DIFFAMATION,1987-05-06T00:00:00.000Z,Non spécifié,Non spécifié,1987.0,,,Non spécifié,False,cmkjtn2jg005p9lv59qp3rdy4,Jean-Marie Le Pen,jean-marie-le-pen,FN,Front national,Non spécifié,Non spécifié,Non spécifié,Non spécifié,97.0,1928.0,Non spécifié
cmlv853q300qremv5ahvprttl,jean-marie-le-pen-condamnation-de-jean-marie-le-pen-pour-coups-et-blessures-volontaires-1960,Condamnation de Jean-Marie Le Pen pour coups et blessures volontaires (1960),"[Jean-Marie Le Pen](/politiques/jean-marie-le-pen), fondateur et leader du [Front national](/partis/front-national), a été condamné en 1964 pour coups et blessures volontaires commis le 24 février 1960 sur le boulevard Saint-Germain à Paris. Cette affaire intervient au début de sa trajectoire politique, avant son accession à la tête du mouvement d'extrême droite. Les faits ont causé à la victime une dent cassée et une arcade sourcilière fendue. Le jugement définitif rendu en 1964 a établi la culpabilité de Le Pen pour ces violences. Cette condamnation s'inscrit dans un ensemble de démêlés judiciaires qui marqueront sa carrière publique. Bien que cette affaire soit de nature pénale classique liée à la violence personnelle, elle demeure l'une des premières condamnations judiciaires du politicien. Elle précède de plusieurs années les multiples condamnations ultérieures pour ses propos et déclarations, notamment concernant [les propos sur les « sidaïques »](/affaires/jean-marie-le-pen-propos-sur-les-sidaiques-de-jean-marie-le-pen), [les chambres à gaz](/affaires/jean-marie-le-pen-condamnation-de-jean-marie-le-pen-pour-contestation-de-crime-contre-l-humanite-propos-sur-les-chambres-a-gaz) ou [le « détail de l'histoire »](/affaires/jean-marie-le-pen-condamnation-de-jean-marie-le-pen-pour-ses-propos-sur-le-detail-de-l-histoire), qui domineront la vie judiciaire du leader nationaliste dans les décennies suivantes.",CONDAMNATION_DEFINITIVE,VIOLENCE,1960-02-24T00:00:00.000Z,Non spécifié,1964-01-01T00:00:00.000Z,1960.0,1964.0,,Non spécifié,False,cmkjtn2jg005p9lv59qp3rdy4,Jean-Marie Le Pen,jean-marie-le-pen,FN,Front national,Non spécifié,Non spécifié,Non spécifié,Non spécifié,97.0,1928.0,Non spécifié
cmlv853l700qoemv5zbtty8g2,guillaume-peltier-utilisation-de-fonds-publics-pour-des-micro-partis,Affaire de l'utilisation de fonds publics pour des micro-partis,"[Guillaume Peltier](/politiques/guillaume-peltier), députée européenne, est impliquée dans une affaire concernant l'utilisation de fonds publics au bénéfice de micro-partis politiques. À l'époque des faits, elle était affiliée au parti [Identité-Libertés](/partis/identite-libertes). Le 24 janvier 2022, le procureur de Blois a ouvert une enquête préliminaire suite aux révélations publiées par le journal d'investigation Mediapart. Cette enquête porte sur des détournements présumés de fonds publics utilisés pour financer ses micro-partis politiques. L'affaire est actuellement en phase d'enquête préliminaire. En vertu de la présomption d'innocence, aucune mise en examen n'a été prononcée à ce stade, et les faits restent à caractériser lors de l'instruction judiciaire. Cette affaire s'inscrit dans un contexte plus large de contrôle des financements politiques en France, notamment concernant les mécanismes d'allocation des fonds publics aux partis et formations politiques. Les révélations de Mediapart ont relancé le débat public sur la transparence et l'utilisation des deniers publics dans le secteur politique.",ENQUETE_PRELIMINAIRE,DETOURNEMENT_FONDS_PUBLICS,Non spécifié,2022-01-24T00:00:00.000Z,Non spécifié,,,,Non spécifié,False,cmksr6o94002fa2v5mebfjv0r,Guillaume Peltier,guillaume-peltier,IDL,Identité-Libertés,Non spécifié,Non spécifié,Non spécifié,Non spécifié,49.0,1976.0,Non spécifié
cmlv853gb00qlemv5wm3dkkmv,caroline-parmentier-condamnation-pour-diffamation-publique-raciale,Condamnation pour diffamation publique raciale,"[Caroline Parmentier](/politiques/caroline-parmentier), alors membre du [Rassemblement National](/partis/rassemblement-national), occupait une position publique en tant que journaliste et politique. En 1995, elle a publié un article dans le journal *Présent* contenant des propos à caractère racial. L'article en question qualifiait les immigrés de « voyous ethniques désœuvrés » et imputait aux immigrés maghrébins la responsabilité des « violences et vandalismes ». Ces déclarations ont constitué, aux yeux de la justice, une diffamation publique revêtant une dimension raciale. Le tribunal correctionnel de Paris a rendu un jugement de condamnation contre Parmentier. Cette décision a été confirmée tant en appel qu'à la Cour de cassation, établissant ainsi une condamnation définitive. L'exhaustion des voies de recours signifie que le jugement n'est plus susceptible de révision. Cette affaire s'inscrit dans un contexte d'accusations répétées envers Parmentier concernant ses propos sur des questions d'immigration et de sécurité, le journal *Présent* étant une publication identifiée aux mouvements de droite radicale. La condamnation définitive pour diffamation raciale constitue une marque judiciaire significative dans son parcours politique et journalistique.",CONDAMNATION_DEFINITIVE,DIFFAMATION,1995-01-01T00:00:00.000Z,Non spécifié,Non spécifié,1995.0,,,Non spécifié,False,cmkjo0bwx00ievtv5h2b7p38j,Caroline Parmentier,caroline-parmentier,RN,Rassemblement National,Non spécifié,Non spécifié,Non spécifié,Non spécifié,60.0,1965.0,Non spécifié
cmlv853bl00qhemv5lbbvg5d4,jean-jacques-panunzi-marches-publics-condamnation-pour-favoritisme,Affaire des marchés publics - condamnation pour favoritisme,"[Jean-Jacques Panunzi](/politiques/jean-jacques-panunzi), sénateur de Corse-du-Sud, membre des [Républicains](/partis/les-republicains) à l'époque des faits, a été condamné en première instance pour favoritisme dans l'attribution de marchés publics. En 2017, le tribunal correctionnel a reconnu [Jean-Jacques Panunzi](/politiques/jean-jacques-panunzi) coupable de favoritisme et d'infraction au code du travail lors de procédures d'attribution de marchés publics. Il a été condamné conjointement avec François Colonna, co-inculpé dans cette affaire. La peine prononcée a consisté en une condamnation à un an de prison avec sursis et au versement d'une amende de 5 000 euros. Cette condamnation intervient le 24 janvier 2017 en première instance. La sentence reflète les constats établis par le tribunal concernant le non-respect des procédures de transparence et d'égalité d'accès aux marchés publics, ainsi que les violations relevées du code du travail associées à ces attributions. Condamné en première instance, [Jean-Jacques Panunzi](/politiques/jean-jacques-panunzi) conserve la présomption d'innocence en cas de poursuite en appel. Le caractère avec sursis de la peine d'emprisonnement signifie qu'aucune incarcération n'a été mise à exécution immédiatement.",CONDAMNATION_PREMIERE_INSTANCE,FAVORITISME,Non spécifié,2016-10-18T00:00:00.000Z,2017-01-24T00:00:00.000Z,,2017.0,98.0,Non spécifié,False,cmksfclcx0073c0v52rghx6u7,Jean-Jacques Panunzi,jean-jacques-panunzi,LR,Les Républicains,Non spécifié,Non spécifié,Non spécifié,Non spécifié,69.0,1956.0,Non spécifié
cmlv8536r00qcemv5t0kye3ae,mathilde-panot-enquete-pour-apologie-du-terrorisme-visant-mathilde-panot-classee-sans-suite,Enquête pour apologie du terrorisme visant Mathilde Panot classée sans suite,"Le 23 avril 2024, Mathilde Panot, présidente du groupe La France insoumise à l'Assemblée nationale, est convoquée par la police judiciaire de Paris dans le cadre d'une enquête pour apologie du terrorisme. Cette enquête fait suite à un communiqué publié par son groupe parlementaire le 7 octobre 2023, jour de l'attaque du Hamas contre Israël, qui mettait en parallèle cette attaque qualifiée d'« offensive armée de forces palestiniennes » et « l'intensification de la politique d'occupation israélienne ». Elle est entendue le 30 avril 2024 par la police judiciaire. La plainte à l'origine de cette enquête a été déposée par l'Organisation juive européenne (OJE). L'enquête a finalement été classée sans suite en janvier 2025.",CLASSEMENT_SANS_SUITE,AUTRE,2023-10-07T00:00:00.000Z,Non spécifié,2025-01-30T00:00:00.000Z,2023.0,2025.0,,Non spécifié,False,cmkjnzn64008yvtv59324jejw,Mathilde Panot,mathilde-panot,LFI,La France insoumise,Non spécifié,Non spécifié,Non spécifié,Non spécifié,36.0,1989.0,Non spécifié
cmlv8531v00q4emv5xeqf7b4h,karl-olive-condamnation-de-karl-olive-pour-prise-illegale-d-interets-a-poissy,Condamnation de Karl Olive pour prise illégale d'intérêts à Poissy,"Karl Olive, ancien maire LR de Poissy (Yvelines) devenu député macroniste, a été condamné le 18 novembre 2024 par le tribunal judiciaire de Versailles à huit mois de prison avec sursis pour prise illégale d'intérêts. La justice lui reprochait d'avoir favorisé, par un montage juridique, le recrutement du fils d'un ami au poste de directeur de la jeunesse et des sports de la ville en 2014, ainsi que d'avoir sous-évalué la redevance du logement de fonction du père. La procureure avait dénoncé ""une forme de népotisme"" motivée par les liens d'amitié entre les prévenus. Karl Olive, qui assure avoir fait confiance à son équipe administrative, a annoncé faire appel de cette décision. Aucune peine d'inéligibilité n'a été prononcée.",APPEL_EN_COURS,PRISE_ILLEGALE_INTERETS,2014-01-01T00:00:00.000Z,Non spécifié,2024-11-18T00:00:00.000Z,2014.0,2024.0,,Non spécifié,False,cmkjo0me900mivtv5bb9c0m7s,Karl Olive,karl-olive,RE,Renaissance,Non spécifié,Non spécifié,Non spécifié,Non spécifié,56.0,1969.0,Non spécifié
cmlv852i300piemv5lgtdtpzv,julien-odoul-propos-de-julien-odoul-envers-la-journaliste-nassira-el-moaddem,Propos de Julien Odoul envers la journaliste Nassira El Moaddem,"Le 1er mai 2024, le député RN Julien Odoul déclare sur CNews dans l'émission de Jean-Marc Morandini ""Si elle n'est pas contente, qu'elle se casse"" en réaction à un tweet de la journaliste Nassira El Moaddem, française d'origine marocaine. Ces propos, perçus comme une référence à ses origines étrangères, déclenchent une campagne de cyberharcèlement raciste contre la journaliste sur l'ensemble de ses réseaux sociaux. L'affaire suscite une vague de soutien de nombreuses rédactions, sociétés de journalistes et personnalités politiques. Aucune procédure judiciaire formelle n'est mentionnée dans les articles, bien que des plaintes soient évoquées comme en cours de rédaction.",ENQUETE_PRELIMINAIRE,INCITATION_HAINE,2024-05-01T00:00:00.000Z,Non spécifié,Non spécifié,2024.0,,,Non spécifié,False,cmkjo0lah00m2vtv584664kt8,Julien Odoul,julien-odoul,RN,Rassemblement National,Non spécifié,Non spécifié,Non spécifié,Non spécifié,40.0,1985.0,Non spécifié
cmlv852dc00peemv5a1sujexa,julien-odoul-condamnation-de-julien-odoul-pour-atteinte-a-la-presomption-d-innocence-envers-tariq-ramadan,Condamnation de Julien Odoul pour atteinte à la présomption d'innocence envers Tariq Ramadan,"Le 13 juillet 2020, Julien Odoul, élu du Rassemblement national au conseil régional de Bourgogne-Franche-Comté, qualifie Tariq Ramadan de ""violeur"" sur le plateau de LCI et relaye ses propos sur Twitter. Tariq Ramadan, alors mis en examen pour plusieurs viols qu'il conteste, attaque l'élu en justice pour atteinte à la présomption d'innocence. Le 30 novembre 2020, un juge des référés du tribunal de Paris condamne Julien Odoul à verser 10 000 euros à Tariq Ramadan, dont 8 000 euros de dommages et intérêts. La juge considère que ces propos, tenus par un homme politique élu, ont nécessairement causé un préjudice moral en présentant publiquement Tariq Ramadan comme coupable.",CONDAMNATION_PREMIERE_INSTANCE,DIFFAMATION,2020-07-13T00:00:00.000Z,Non spécifié,2020-11-30T00:00:00.000Z,2020.0,2020.0,,Non spécifié,False,cmkjo0lah00m2vtv584664kt8,Julien Odoul,julien-odoul,RN,Rassemblement National,Non spécifié,Non spécifié,Non spécifié,Non spécifié,40.0,1985.0,Non spécifié
cmlv8528t00paemv5pchq5fzl,julien-odoul-accusation-d-emploi-fictif-en-bourgogne-franche-comte,Accusation d'emploi fictif en Bourgogne-Franche-Comté,"[Julien Odoul](/politiques/julien-odoul), député de la 3ème circonscription et membre du [Rassemblement National](/partis/rassemblement-national), fait l'objet d'une enquête préliminaire pour accusation d'emploi fictif en Bourgogne-Franche-Comté. Le 4 juin 2021, Libération révèle que sept conseillers ou ex-conseillers régionaux du [Rassemblement National](/partis/rassemblement-national) ont adressé un signalement auprès du procureur de la République de Dijon. Ces derniers accusent [Julien Odoul](/politiques/julien-odoul) d'avoir employé pendant plusieurs mois une assistante fictive. L'accusation suscite une réaction politique immédiate : Marine Le Pen dénonce des « boules puantes » et des « manipulations », pointant le calendrier de la révélation intervenant deux semaines avant les élections régionales. L'enquête est en cours au moment de la divulgation publique de l'affaire. La présomption d'innocence s'applique pleinement à ce stade préliminaire de la procédure. Cette situation intervient dans un contexte de précédentes condamnations du politicien, notamment pour [recel de détournement de fonds publics dans l'affaire des assistants parlementaires du FN](/affaires/julien-odoul-condamnation-de-julien-odoul-pour-recel-de-detournement-de-fonds-publics-dans-l-affaire-des-assistants-parlementaires-du-fn).",ENQUETE_PRELIMINAIRE,EMPLOI_FICTIF,Non spécifié,2021-06-06T00:00:00.000Z,Non spécifié,,,,Non spécifié,False,cmkjo0lah00m2vtv584664kt8,Julien Odoul,julien-odoul,RN,Rassemblement National,Non spécifié,Non spécifié,Non spécifié,Non spécifié,40.0,1985.0,Non spécifié
cmlv8524400ozemv528761wp5,julien-odoul-condamnation-de-julien-odoul-pour-recel-de-detournement-de-fonds-publics-dans-l-affaire-des-assistants-parlementaires-du-fn,Condamnation de Julien Odoul pour recel de détournement de fonds publics dans l'affaire des assistants parlementaires du FN,"Julien Odoul a été condamné en première instance en mars 2025 à huit mois de prison avec sursis et un an d'inéligibilité, sans exécution provisoire, pour recel de détournement de fonds publics. Il est accusé d'avoir perçu entre 2014 et 2015 un salaire du Parlement européen en tant qu'assistant parlementaire de l'eurodéputée Mylène Troszczynski, alors qu'il travaillait en réalité pour le Front national auprès de Marine Le Pen comme conseiller spécial. Lors du procès en appel qui se tient en janvier 2026, Julien Odoul a peiné à justifier son travail pour l'eurodéputée, admettant qu'elle ne lui donnait pas de travail et qu'il s'était ""rendu utile au siège du FN"". Les enquêteurs ont retrouvé de nombreuses preuves de son activité pour Marine Le Pen (mails signés ""conseiller spécial"", CV mentionnant uniquement ce poste) et des échanges montrant qu'il ne connaissait pas son employeuse officielle quatre mois après son recrutement.",APPEL_EN_COURS,RECEL,2014-10-01T00:00:00.000Z,Non spécifié,2025-03-31T00:00:00.000Z,2014.0,2025.0,,Non spécifié,False,cmkjo0lah00m2vtv584664kt8,Julien Odoul,julien-odoul,RN,Rassemblement National,Non spécifié,Non spécifié,Non spécifié,Non spécifié,40.0,1985.0,Non spécifié
cmlv851up00osemv5t75jxuso,patricia-miralles-notes-de-frais,Affaire des notes de frais,"[Patricia Mirallès](/politiques/patricia-miralles), députée [Renaissance](/partis/renaissance), a été au cœur d'une controverse portant sur l'utilisation de ses notes de frais parlementaires. En mai 2022, le journal Mediapart révèle que plusieurs dépenses personnelles ont été facturées aux frais de mandat : le déménagement de son fils, la réparation du disque dur de sa fille et un séjour à l'hôtel en couple. Ces dépenses, initialement contestées par l'élue, ont finalement fait l'objet d'un examen par les services de l'Assemblée nationale. Face aux conclusions des services administratifs, [Patricia Mirallès](/politiques/patricia-miralles) procède au remboursement de l'intégralité de ces dépenses personnelles en septembre 2022. Cette démarche met fin à la controverse administrative relative à la gestion de son indemnité représentative de frais de mandat (IRFM). L'affaire n'a donné lieu à aucune poursuites judiciaire formelle et a été classée sans suite par les autorités compétentes. Le remboursement effectué par la députée clôt ainsi le dossier sur le plan administratif et judiciaire.",CLASSEMENT_SANS_SUITE,DETOURNEMENT_FONDS_PUBLICS,2022-01-01T00:00:00.000Z,Non spécifié,Non spécifié,2022.0,,,Non spécifié,False,cmksfnwp60021a4v5jy70v8ci,Patricia Mirallès,patricia-miralles,RE,Renaissance,Non spécifié,Non spécifié,Non spécifié,Non spécifié,58.0,1967.0,Non spécifié
cmlv851pz00opemv5zzokrhil,yael-menache-contournement-de-l-interdiction-d-embauche-familiale-par-yael-menache-et-jocelyn-dessigny,Contournement de l'interdiction d'embauche familiale par Yaël Ménaché et Jocelyn Dessigny,"En juillet-août 2025, Yaël Ménaché, députée RN de la Somme, a embauché comme collaboratrice parlementaire la fille de son collègue Jocelyn Dessigny, député RN de l'Aisne, pour un job d'été du 7 juillet au 9 août. Simultanément, Jocelyn Dessigny a recruté la propre fille de Yaël Ménaché sur la même période. Cette pratique permet de contourner la loi de 2017 qui interdit aux parlementaires d'embaucher des membres de leur famille comme collaborateurs, sans être techniquement illégale. L'affaire a été révélée par Mediapart en septembre 2025. Les deux députés, élus dans des circonscriptions voisines et connus pour leur proximité, justifient ces embauches par le besoin de remplacements estivaux et la volonté de ""mettre en valeur les jeunes"".",CLASSEMENT_SANS_SUITE,AUTRE,2025-07-07T00:00:00.000Z,Non spécifié,Non spécifié,2025.0,,,Non spécifié,False,cmkjo0n3f00msvtv51lk2a9u7,Yaël Ménaché,yael-menache,RN,Rassemblement National,Non spécifié,Non spécifié,Non spécifié,Non spécifié,40.0,1985.0,Non spécifié
cmlv851ld00okemv5y97rn941,yael-menache-verbalisation-de-yael-menache-pour-defaut-d-assurance-automobile,Verbalisation de Yaël Ménaché pour défaut d'assurance automobile,"Dans la nuit du 14 au 15 décembre 2024 vers 3 heures du matin, la députée RN de la Somme Yaël Ménaché est contrôlée par la gendarmerie dans l'Aisne à bord d'un véhicule non assuré dont elle est propriétaire. Bien qu'elle soit passagère du véhicule, elle est verbalisée pour défaut d'assurance en tant que propriétaire. Selon le rapport de police consulté par Politico, l'élue, qui a déclaré avoir consommé de l'alcool, aurait adopté un comportement verbal irrespectueux envers les gendarmes et aurait présenté sa carte de députée en affirmant bénéficier d'une immunité parlementaire. Il s'agit d'une infraction administrative au code de la route, sanctionnée par une amende.",CONDAMNATION_DEFINITIVE,AUTRE,2024-12-14T00:00:00.000Z,Non spécifié,2024-12-14T00:00:00.000Z,2024.0,2024.0,,Non spécifié,False,cmkjo0n3f00msvtv51lk2a9u7,Yaël Ménaché,yael-menache,RN,Rassemblement National,Non spécifié,Non spécifié,Non spécifié,Non spécifié,40.0,1985.0,Non spécifié
cmlv851gr00oaemv53omfc8bg,jean-luc-melenchon-condamnation-de-jean-luc-melenchon-pour-rebellion-et-intimidation-lors-de-la-perquisition-d-octobre-2018,Condamnation de Jean-Luc Mélenchon pour rébellion et intimidation lors de la perquisition d'octobre 2018,"Le 16 octobre 2018, lors d'une perquisition menée par des policiers et magistrats au siège de La France insoumise dans le cadre d'enquêtes sur les comptes de campagne 2017 et les emplois d'assistants d'eurodéputés, Jean-Luc Mélenchon s'est opposé aux forces de l'ordre. Il a bousculé un représentant du parquet et un policier, appelé ses lieutenants à ""enfoncer la porte"" pour entrer dans les locaux et proféré des déclarations comme ""la République c'est moi"" et ""ma personne est sacrée"". Le 9 décembre 2019, le tribunal correctionnel de Bobigny l'a condamné à trois mois d'emprisonnement avec sursis et 8 000 euros d'amende pour ""rébellion, provocation directe à la rébellion et intimidation envers des magistrats et des dépositaires de l'autorité publique"". Jean-Luc Mélenchon a déclaré porter cette condamnation comme ""une décoration de rebelle"" et a laissé entendre qu'il ne ferait pas appel.",CONDAMNATION_DEFINITIVE,AUTRE,2018-10-16T00:00:00.000Z,Non spécifié,2019-12-09T00:00:00.000Z,2018.0,2019.0,,Non spécifié,False,cmlj8zbal0283zav56eehg3ja,Jean-Luc Mélenchon,jean-luc-melenchon,LFI,La France insoumise,Non spécifié,Non spécifié,Non spécifié,Non spécifié,74.0,1951.0,Non spécifié
cmlv8517700o3emv5it0h9ody,jean-luc-melenchon-condamnation-de-jean-luc-melenchon-pour-absence-de-mentions-legales-sur-melenchon-fr,Condamnation de Jean-Luc Mélenchon pour absence de mentions légales sur melenchon.fr,"Jean-Luc Mélenchon a été condamné en première instance par le tribunal de Paris pour l'insuffisance des mentions légales de son site internet melenchon.fr. Cette affaire fait suite à la plainte de Paulo Paranaguá, journaliste du Monde, qui avait attaqué le dirigeant de La France insoumise pour l'absence à l'époque de mentions légales sur son site, notamment l'absence du nom d'un directeur de publication jusqu'en 2017. Les juges ont considéré cette absence comme une « faute » et relevé des « manquements à la loi ». Cette omission avait empêché le journaliste d'engager une procédure au civil pour diffamation. Jean-Luc Mélenchon a été condamné à verser un euro symbolique de dommages et intérêts ainsi que 2000 euros pour les frais de justice.",CONDAMNATION_PREMIERE_INSTANCE,AUTRE,2016-01-01T00:00:00.000Z,Non spécifié,2019-07-10T00:00:00.000Z,2016.0,2019.0,,Non spécifié,False,cmlj8zbal0283zav56eehg3ja,Jean-Luc Mélenchon,jean-luc-melenchon,LFI,La France insoumise,Non spécifié,Non spécifié,Non spécifié,Non spécifié,74.0,1951.0,Non spécifié
cmlv850xv00ntemv5pawhzv5e,jean-luc-melenchon-assistants-parlementaires-europeens-de-jean-luc-melenchon,Affaire des assistants parlementaires européens de Jean-Luc Mélenchon,"En juillet 2017, à la suite d'un signalement de la députée européenne Sophie Montel (alors FN), le parquet de Paris ouvre une enquête préliminaire sur les conditions d'emploi d'assistants parlementaires européens de Jean-Luc Mélenchon, eurodéputé entre 2009 et 2017. Une information judiciaire est ouverte en novembre 2018 pour détournements de fonds publics, abus de confiance et recel. En mai 2022, deux anciens assistants (Laurent Maffeïs et Aigline de Causans) sont placés sous le statut de témoin assisté, indiquant l'absence d'indices graves et concordants à leur encontre. Selon un rapport de l'Office européen de lutte antifraude (OLAF), le préjudice s'élèverait à 500 000 euros. À ce jour, aucune mise en examen n'a été prononcée dans ce dossier qui, selon les sources, ""s'étire en longueur"".",INSTRUCTION,EMPLOI_FICTIF,2009-01-01T00:00:00.000Z,Non spécifié,Non spécifié,2009.0,,,Non spécifié,False,cmlj8zbal0283zav56eehg3ja,Jean-Luc Mélenchon,jean-luc-melenchon,LFI,La France insoumise,Non spécifié,Non spécifié,Non spécifié,Non spécifié,74.0,1951.0,Non spécifié
cmlv850t400npemv5pt6jq88q,jean-luc-melenchon-condamnation-de-jean-luc-melenchon-pour-injure-publique-et-diffamation-envers-radio-france,Condamnation de Jean-Luc Mélenchon pour injure publique et diffamation envers Radio France,"Le 11 janvier 2022, Jean-Luc Mélenchon a été condamné par le tribunal correctionnel de Paris pour injure publique et diffamation envers Radio France. Le chef de file de La France insoumise avait traité en octobre 2018 les journalistes de la cellule investigation de Franceinfo d'«abrutis», de «menteurs» et de «tricheurs» dans une vidéo Facebook, après la diffusion d'une enquête sur des soupçons de surfacturation lors de sa campagne présidentielle de 2017. Il a été condamné à 500 euros d'amende avec sursis et 3 000 euros de dommages et intérêts à verser à Radio France. Son avocat, Matthieu Davy, a annoncé faire appel de cette décision.",APPEL_EN_COURS,INJURE,2018-10-19T00:00:00.000Z,Non spécifié,2022-01-11T00:00:00.000Z,2018.0,2022.0,,Non spécifié,False,cmlj8zbal0283zav56eehg3ja,Jean-Luc Mélenchon,jean-luc-melenchon,LFI,La France insoumise,Non spécifié,Non spécifié,Non spécifié,Non spécifié,74.0,1951.0,Non spécifié
cmlv850of00niemv5dm45zc3s,jean-luc-melenchon-condamnation-de-jean-luc-melenchon-pour-diffamation-envers-paulo-paranagua,Condamnation de Jean-Luc Mélenchon pour diffamation envers Paulo Paranagua,"En novembre 2016, Jean-Luc Mélenchon, alors candidat à la présidentielle, a publié un billet sur son blog ""L'ère du peuple"" dans lequel il qualifiait Paulo Paranagua, journaliste spécialiste de l'Amérique latine au Monde, d'""assassin repenti"". Le journaliste a déposé plainte en février 2017. Le 24 septembre 2021, le tribunal correctionnel de Paris a condamné Jean-Luc Mélenchon pour diffamation publique à une amende de 500 euros avec sursis, ainsi qu'à verser 1000 euros de dommages et intérêts et 3500 euros au titre des frais de procédure. En juin 2022, la condamnation a été confirmée en appel.",CONDAMNATION_DEFINITIVE,DIFFAMATION,2016-11-30T00:00:00.000Z,Non spécifié,2021-09-24T00:00:00.000Z,2016.0,2021.0,,Non spécifié,False,cmlj8zbal0283zav56eehg3ja,Jean-Luc Mélenchon,jean-luc-melenchon,LFI,La France insoumise,Non spécifié,Non spécifié,Non spécifié,Non spécifié,74.0,1951.0,Non spécifié
cmlv850jm00naemv57furcgu1,max-mathiasin-detournement-de-fonds-de-la-caisse-des-ecoles-de-pointe-a-pitre,Affaire du détournement de fonds de la caisse des écoles de Pointe-à-Pitre,"[Max Mathiasin](/politiques/max-mathiasin), député de la 3ème circonscription et membre du [Libertés, Indépendants, Outre-mer et Territoires](/partis/libertes-independants-outre-mer-et-territoires) à l'époque des faits, a occupé le poste de directeur de la caisse des écoles de Pointe-à-Pitre jusqu'en 2016. En novembre 2019, une enquête est ouverte pour détournement de fonds publics d'un montant supérieur à 600 000 euros. Les fonds détournés proviennent de la caisse des écoles lors de sa gestion. En septembre 2020, Mathiasin est mis en examen pour abus de confiance et détournement de bien public. Le 19 novembre 2024, le tribunal correctionnel de première instance le condamne à douze mois d'emprisonnement avec sursis et à une amende de 5 000 euros pour abus de confiance. Cette condamnation définitive en première instance met fin à la procédure initiale engagée quatre ans plus tôt. La peine de sursis signifie que l'emprisonnement n'est pas exécuté immédiatement, à condition que le condamné ne commette pas d'infraction durant le délai d'épreuve.",CONDAMNATION_PREMIERE_INSTANCE,ABUS_CONFIANCE,2016-01-01T00:00:00.000Z,Non spécifié,2024-11-19T00:00:00.000Z,2016.0,2024.0,,Non spécifié,False,cmkjnznls0094vtv5nq9el1fe,Max Mathiasin,max-mathiasin,LIOT,"Libertés, Indépendants, Outre-mer et Territoires",Non spécifié,Non spécifié,Non spécifié,Non spécifié,69.0,1956.0,Non spécifié
cmlv850et00n5emv55kzqridd,elisa-martin-concussion-visant-elisa-martin-et-eric-piolle-a-grenoble,Affaire de concussion visant Élisa Martin et Éric Piolle à Grenoble,"Le 5 juin 2024, le parquet de Grenoble a ouvert une enquête préliminaire pour ""concussion"" et ""recel de ce délit"" visant Éric Piolle, maire EELV de Grenoble, et Élisa Martin, députée LFI et ex-première adjointe. L'affaire repose sur les accusations d'Enzo Lesourt, ancien collaborateur au cabinet du maire, qui affirme avoir obtenu en 2016 une augmentation de 600 euros mensuels à condition de rétrocéder 400 euros par mois en liquide à Élisa Martin. Au total, 16 800 euros auraient été versés sur trois ans et demi. Le 24 mars 2025, l'enquête a été délocalisée au parquet de Valence pour garantir l'impartialité. Plusieurs personnes ont déjà été entendues, mais Élisa Martin et Éric Piolle n'auraient pas encore été auditionnés selon les sources. Élisa Martin a déclaré avoir été ""abasourdie"" par ces accusations et avoir pris un avocat.",ENQUETE_PRELIMINAIRE,AUTRE,2016-01-01T00:00:00.000Z,Non spécifié,Non spécifié,2016.0,,,Non spécifié,False,cmkjnz5xw002cvtv5hi8uotg7,Élisa Martin,elisa-martin,LFI,La France insoumise,Non spécifié,Non spécifié,Non spécifié,Non spécifié,53.0,1972.0,Non spécifié
cmlv850a300n2emv548pjmg9x,pascal-markowsky-commandes-d-imprimerie-de-pascal-markowsky,Affaire des commandes d'imprimerie de Pascal Markowsky,"En avril 2025, le média Les Jours révèle que Pascal Markowsky, député RN de Charente-Maritime, commanderait des prestations d'imprimerie (affiches, cartes de vœux, calendriers) à sa propre entreprise MPC (Média Publicité Conseil) située à Saint-Pierre-d'Oléron, avec l'argent de son mandat parlementaire. L'enquête journalistique affirme que l'entreprise, officiellement gérée par son épouse Séverine Werbrouck (eurodéputée), tirerait des marges confortables de ces commandes, avec des soupçons de surfacturation payée par l'argent public. Le couple conteste vigoureusement ces accusations, qualifiant l'enquête de ""calomnieuse"", et affirme disposer de tous les documents prouvant leur transparence. Le procureur de La Rochelle a confirmé qu'aucune action judiciaire n'a été engagée à ce stade. Pascal Markowsky envisage de porter plainte pour diffamation contre le média.",ENQUETE_PRELIMINAIRE,PRISE_ILLEGALE_INTERETS,2024-07-01T00:00:00.000Z,Non spécifié,Non spécifié,2024.0,,,Non spécifié,False,cmkjo0vau00pyvtv5vd33hz5w,Pascal Markowsky,pascal-markowsky,RN,Rassemblement National,Non spécifié,Non spécifié,Non spécifié,Non spécifié,71.0,1954.0,Non spécifié
cmlv8505d00myemv5akoaoor4,pascal-markowsky-frais-kilometriques-surevalues-de-pascal-markowsky,Affaire des frais kilométriques surévalués de Pascal Markowsky,"Lors de la campagne législative de 2024 en Charente-Maritime (4e circonscription), Pascal Markowsky, député RN élu, a déclaré 25 000 kilomètres parcourus et réclamé le remboursement de 22 423 euros de frais de campagne, dont 11 971 euros pour les déplacements de son équipe et 4 700 euros de frais d'essence personnels. La Commission nationale des comptes de campagne et des financements politiques (CNCCFP) a conclu à une surévaluation des déplacements, jugeant le kilométrage déclaré anormalement élevé (équivalent à 32 trajets Paris-Marseille en trois semaines). Le candidat a justifié ces déplacements par des ""destructions systématiques et quotidiennes"" de ses affiches dans les 164 communes de sa circonscription, mais la CNCCFP a refusé une partie du remboursement et déduit 3 500 euros du montant demandé. Aucune procédure judiciaire n'a été engagée à ce stade.",CLASSEMENT_SANS_SUITE,AUTRE,2024-06-30T00:00:00.000Z,Non spécifié,Non spécifié,2024.0,,,Non spécifié,False,cmkjo0vau00pyvtv5vd33hz5w,Pascal Markowsky,pascal-markowsky,RN,Rassemblement National,Non spécifié,Non spécifié,Non spécifié,Non spécifié,71.0,1954.0,Non spécifié
cmlv8500n00muemv51vix4zum,pascal-markowsky-appartenance-de-pascal-markowsky-a-un-groupe-facebook-contenant-des-propos-racistes,Appartenance de Pascal Markowsky à un groupe Facebook contenant des propos racistes,"Pascal Markowsky, député RN de la 4e circonscription de Charente-Maritime, a été membre entre 2017 et 2024 d'un groupe Facebook privé « * Rassemblement National * (direction 2027 ! ) » contenant des messages racistes, antisémites, homophobes et islamophobes, selon une enquête des Jours publiée en décembre 2024. Le groupe, qui comptait 6 500 membres, affichait une description explicitement islamophobe et menaçante. Le député affirme n'avoir jamais posté de commentaires problématiques et avoir simplement « liké une fois une photo de Jordan Bardella », expliquant suivre environ 80 groupes à l'époque sans tous les surveiller. Suite à la révélation, le député LFI Thomas Portes a saisi le 18 décembre 2024 la procureure de la République de Paris pour appel au meurtre, provocation à la haine raciale et injures à caractère raciste. Selon Sud Ouest, le procureur de La Rochelle déclarait en avril 2025 n'avoir été saisi d'aucune plainte ni poursuite à l'encontre du député.",ENQUETE_PRELIMINAIRE,INCITATION_HAINE,2017-01-01T00:00:00.000Z,Non spécifié,Non spécifié,2017.0,,,Non spécifié,False,cmkjo0vau00pyvtv5vd33hz5w,Pascal Markowsky,pascal-markowsky,RN,Rassemblement National,Non spécifié,Non spécifié,Non spécifié,Non spécifié,71.0,1954.0,Non spécifié
cmlv84zvz00msemv5y6eqmstx,matthieu-marchio-condamnation-de-matthieu-marchio-aux-prud-hommes-pour-indemnites-de-teletravail-et-d-occupation-de-logement,Condamnation de Matthieu Marchio aux prud'hommes pour indemnités de télétravail et d'occupation de logement,"Caroline Varlet, conseillère municipale d'opposition à Douchy-les-Mines, a été assistante parlementaire de Sébastien Chenu puis de Matthieu Marchio entre juin 2021 et octobre 2022. Suite à la rupture de son contrat, elle a saisi le conseil des prud'hommes en décembre 2024 contre les deux députés RN. En juin 2025, le conseil des prud'hommes a condamné Matthieu Marchio à verser des indemnités d'occupation de logement, de télétravail et de procédure pour un montant total d'environ 209 euros. Le conseil a toutefois jugé la rupture du contrat conforme au code du travail.",CONDAMNATION_PREMIERE_INSTANCE,AUTRE,2021-06-01T00:00:00.000Z,Non spécifié,2025-06-30T00:00:00.000Z,2021.0,2025.0,,Non spécifié,False,cmkjo0awo00i0vtv5t6oeu8ma,Matthieu Marchio,matthieu-marchio,RN,Rassemblement National,Non spécifié,Non spécifié,Non spécifié,Non spécifié,32.0,1993.0,Non spécifié
cmlv84zri00mqemv53xnrl3qg,matthieu-marchio-condamnation-de-matthieu-marchio-aux-prud-hommes-pour-violation-de-l-obligation-de-securite,Condamnation de Matthieu Marchio aux Prud'hommes pour violation de l'obligation de sécurité,"Matthieu Marchio, député RN, a licencié sa suppléante Anne-Sophie Leclerc qu'il avait embauchée comme assistante parlementaire en mai 2023. Celle-ci s'est plainte de conditions de travail dégradées, incluant des semaines de 50 heures rémunérées 500 euros par mois sur un CDI de 18 heures, ainsi que de brimades et humiliations. En mars 2025, le conseil des Prud'hommes a condamné le député à verser plus de 10 000 euros de rappels de salaire et 5 000 euros de dommages et intérêts pour violation de l'obligation de sécurité, et a requalifié le CDI à temps partiel en temps complet. En décembre 2025, l'appel du député a été déclaré caduc, rendant la condamnation définitive.",CONDAMNATION_DEFINITIVE,HARCELEMENT_MORAL,2023-05-01T00:00:00.000Z,Non spécifié,2025-03-31T00:00:00.000Z,2023.0,2025.0,,Non spécifié,False,cmkjo0awo00i0vtv5t6oeu8ma,Matthieu Marchio,matthieu-marchio,RN,Rassemblement National,Non spécifié,Non spécifié,Non spécifié,Non spécifié,32.0,1993.0,Non spécifié
cmlv84zmz00mmemv54o6gvk8x,laurent-marcangeli-condamnation-par-la-cour-des-comptes-pour-non-execution-de-decisions-de-justice,Condamnation par la Cour des comptes pour non-exécution de décisions de justice,"[Laurent Marcangeli](/politiques/laurent-marcangeli), député [Horizons](/partis/horizons) de la 1ère circonscription, a été condamné par la Cour des comptes en mai 2023 pour manquement aux obligations légales en tant que maire d'Ajaccio. La commune, sous son autorité, n'avait pas respecté l'exécution de plusieurs jugements du tribunal administratif. Spécifiquement, un ancien salarié n'avait pas reçu dans les délais légaux les indemnités, astreintes et intérêts auxquels il avait droit selon ces décisions de justice. La Cour des comptes a établi cette responsabilité dans ses attributions de contrôle de la gestion publique locale. Marcangeli a été condamné au paiement d'une amende de 10 000 euros pour cette non-exécution caractérisée. Cette condamnation est devenue définitive, sans recours possible. Elle illustre les obligations de mise en conformité qui pèsent sur les autorités locales face aux décisions judiciaires, notamment en matière de droits des salariés publics.",CONDAMNATION_DEFINITIVE,AUTRE,Non spécifié,2023-05-31T00:00:00.000Z,2023-05-31T00:00:00.000Z,,2023.0,0.0,Non spécifié,False,cmkjnz7ec002wvtv5diuzfify,Laurent Marcangeli,laurent-marcangeli,HOR,Horizons,Non spécifié,Non spécifié,Non spécifié,Non spécifié,45.0,1980.0,Non spécifié
cmlv84zi900mhemv5760db1wf,sylvain-maillard-pandora-papers-societe-offshore-unik-deal-limited,Affaire des Pandora Papers - Société offshore Unik Deal Limited,"En octobre 2021, les Pandora Papers révèlent que Sylvain Maillard, député LREM de Paris, apparaît comme propriétaire à hauteur de 25% d'une société offshore immatriculée aux Seychelles en septembre 2010, Unik Deal Limited, qui servait de ""base arrière financière"" à la vente de contrefaçons de toupies Beyblade en France. Son associé Florian Deloppinot a été condamné en 2014 à payer 60.000 euros pour contrefaçon et préjudice commercial à Hasbro, tandis que Sylvain Maillard n'a pas été poursuivi par la justice. Le député se défend en affirmant être victime d'une usurpation d'identité, version confirmée par Deloppinot qui reconnaît avoir créé la société et utilisé le passeport de Maillard sans le prévenir, bien qu'il lui ait attribué 25% des parts. Suite aux révélations, le ministre de l'Économie Bruno Le Maire annonce que Bercy lance des vérifications concernant la présence de résidents fiscaux français dans les Pandora Papers.",ENQUETE_PRELIMINAIRE,AUTRE,2010-09-01T00:00:00.000Z,Non spécifié,Non spécifié,2010.0,,,Non spécifié,False,cmkjnzcy00052vtv5p4innlw1,Sylvain Maillard,sylvain-maillard,RE,Renaissance,Non spécifié,Non spécifié,Non spécifié,Non spécifié,51.0,1974.0,Non spécifié
cmlv84yzw00lwemv5kypkngpl,veronique-louwagie-condamnation-pour-licenciement-abusif-et-discrimination,Condamnation pour licenciement abusif et discrimination,"Le 13 décembre 2022, le conseil de prud'hommes condamne Véronique Louwagie à verser 15 635,43 euros à son ancienne femme de ménage. Elle avait employé cette personne sans contrat de travail, sans durée de travail définie et sans planning déterminé, puis l'avait licenciée alors qu'elle était en arrêt de travail, reconnue travailleuse handicapée, souffrant d'affections reconnues comme accident du travail et maladie professionnelle. Le conseil de prud'hommes a considéré que la démarche pouvait s'apparenter à une tentative de se soustraire aux conséquences d'un possible licenciement pour inaptitude.",CONDAMNATION_PREMIERE_INSTANCE,AUTRE,Non spécifié,2024-12-24T00:00:00.000Z,Non spécifié,,,,Non spécifié,False,cmkjnz8ts003gvtv5u762c14v,Véronique Louwagie,veronique-louwagie,LR,Les Républicains,Non spécifié,Non spécifié,Non spécifié,Non spécifié,64.0,1961.0,Non spécifié
cmlv84yv900llemv5na02apfr,marie-france-lorho-condamnation-de-marie-france-lorho-pour-emploi-fictif-de-yann-bompard,Condamnation de Marie-France Lorho pour emploi fictif de Yann Bompard,"Marie-France Lorho, députée RN du Vaucluse, a été condamnée le 26 janvier 2026 par le tribunal correctionnel de Marseille pour détournement de fonds publics et subornation de témoin. Elle est accusée d'avoir employé Yann Bompard, actuel maire d'Orange, comme collaborateur parlementaire entre novembre 2021 et février 2023, alors qu'il n'effectuait plus son travail après être devenu maire. Le tribunal a prononcé une peine de 18 mois de prison avec sursis, 10 000 euros d'amende et 5 ans d'inéligibilité avec exécution provisoire. L'Assemblée nationale, partie civile, évalue le préjudice à 75 000 euros que Marie-France Lorho devra rembourser. Des écoutes du 5 septembre 2023 ont révélé des tentatives d'incitation au mensonge pour couvrir l'affaire.",APPEL_EN_COURS,DETOURNEMENT_FONDS_PUBLICS,2021-11-01T00:00:00.000Z,Non spécifié,2026-01-26T00:00:00.000Z,2021.0,2026.0,,Non spécifié,False,cmkjnzrst00aqvtv55ya44mn3,Marie-France Lorho,marie-france-lorho,RN,Rassemblement National,Non spécifié,Non spécifié,Non spécifié,Non spécifié,61.0,1964.0,Non spécifié
cmlv84ym600leemv50ezsie5r,stephane-le-rudulier-depenses-personnelles-sur-fonds-publics-de-la-mairie-de-rognac,Dépenses personnelles sur fonds publics de la mairie de Rognac,"[Stéphane Le Rudulier](/politiques/stephane-le-rudulier), sénateur des Bouches-du-Rhône et membre de [Les Républicains](/partis/les-republicains), était à l'époque des faits maire de Rognac. En 2024, le journal Marsactu révèle que des dépenses s'élevant à plusieurs dizaines de milliers d'euros annuels ont été engagées aux frais de la municipalité sans lien apparent avec ses activités. Ces dépenses auraient été effectuées par l'ancien maire Le Rudulier et par sa successeuse. Le parquet d'Aix-en-Provence ouvre une enquête préliminaire le 17 avril 2024 pour examiner la nature de ces dépenses et établir si elles correspondent à un détournement de fonds publics. L'enquête vise à déterminer les responsabilités respectives des deux édiles et à vérifier le bien-fondé de chaque transaction incriminée. Sous le régime de la présomption d'innocence, aucune mise en examen n'a pour l'heure été prononcée. Les investigations en cours doivent permettre au parquet de qualifier précisément les faits et de décider des suites judiciaires appropriées. Cette affaire s'inscrit dans un contexte plus large de questions de gouvernance municipale et de gestion des deniers publics locaux.",ENQUETE_PRELIMINAIRE,DETOURNEMENT_FONDS_PUBLICS,Non spécifié,2024-05-28T00:00:00.000Z,Non spécifié,,,,Non spécifié,False,cmksfdx2k00v7c0v5bjrx1vde,Stéphane Le Rudulier,stephane-le-rudulier,LR,Les Républicains,Non spécifié,Non spécifié,Non spécifié,Non spécifié,52.0,1973.0,Non spécifié
cmlv84yd300l6emv5fewsdas5,marine-le-pen-outrage-a-agents-publics-incident-du-16e-arrondissement,Outrage à agents publics (incident du 16e arrondissement),"Le 20 février 2003, lors d'une soirée chez Frédéric Chatillon, Marine Le Pen aurait proféré des injures à l'encontre de policiers appelés pour tapage nocturne, incluant des propos racistes selon Le Canard Enchaîné. Elle a été poursuivie pour outrage à agents publics. Marine Le Pen a porté plainte contre le journal pour diffamation, mais a été déboutée en première instance, en appel, puis définitivement par la Cour de cassation en mars 2016, la justice ayant retenu la bonne foi du Canard Enchaîné.",CONDAMNATION_DEFINITIVE,DIFFAMATION,2003-02-20T00:00:00.000Z,Non spécifié,Non spécifié,2003.0,,,Non spécifié,False,cmkjnzm01008ivtv5kzxhh9wm,Marine Le Pen,marine-le-pen,RN,Rassemblement National,Non spécifié,Non spécifié,Non spécifié,Non spécifié,57.0,1968.0,Non spécifié
cmlv84y8j00l1emv59sezuvml,marine-le-pen-relaxe-de-marine-le-pen-pour-injure-publique-envers-une-etudiante-voilee,Relaxe de Marine Le Pen pour injure publique envers une étudiante voilée,"En mars 2019, durant la campagne des élections européennes, Marine Le Pen avait commenté sur le réseau social X la photo de Yasmine Ouirhane, ancienne étudiante de Sciences Po Bordeaux désignée ""jeune européenne de l'année 2019"", en la qualifiant de promotion de l'""islam radical"". L'étudiante, qui portait le voile sur la photo, avait déposé plainte pour injure publique en raison de l'origine, l'ethnie, la nation, la race ou la religion. Le 20 janvier 2026, le tribunal correctionnel de Paris (17e chambre) a relaxé Marine Le Pen, estimant que le terme ""islam radical"" ne renvoie pas de manière évidente au jihadisme ou au terrorisme, mais à une pratique rigoriste de la religion, et qu'associer une personne à une telle pratique ne revêt pas un caractère injurieux dans le cadre d'un débat d'idées.",RELAXE,INJURE,2019-03-31T00:00:00.000Z,Non spécifié,2026-01-20T00:00:00.000Z,2019.0,2026.0,,Non spécifié,False,cmkjnzm01008ivtv5kzxhh9wm,Marine Le Pen,marine-le-pen,RN,Rassemblement National,Non spécifié,Non spécifié,Non spécifié,Non spécifié,57.0,1968.0,Non spécifié
cmlv84y3v00kkemv5ngd9xxe6,marine-le-pen-condamnation-de-marine-le-pen-pour-detournement-de-fonds-publics-dans-l-affaire-des-assistants-parlementaires-europeens-du-fn,Condamnation de Marine Le Pen pour détournement de fonds publics dans l'affaire des assistants parlementaires européens du FN,"Marine Le Pen est accusée d'avoir organisé et dirigé un système frauduleux d'embauche d'assistants parlementaires européens du Front National qui travaillaient en réalité pour le parti entre 2004 et 2016, détournant environ 1,4 million d'euros de fonds publics européens. En mars 2025, elle est condamnée en première instance par le tribunal correctionnel de Paris à quatre ans de prison dont deux ferme sous bracelet électronique, cinq ans d'inéligibilité avec exécution provisoire et 100 000 euros d'amende. En appel, le parquet général a requis en février 2026 une peine de quatre ans d'emprisonnement dont un ferme, cinq ans d'inéligibilité sans exécution provisoire et 100 000 euros d'amende. Le procès en appel, qui s'est tenu de janvier à février 2026 devant la cour d'appel de Paris, implique également dix autres prévenus dont Louis Aliot, Nicolas Bay, Bruno Gollnisch et Catherine Griset. La décision de la cour d'appel est attendue à l'été 2026.",APPEL_EN_COURS,DETOURNEMENT_FONDS_PUBLICS,Non spécifié,Non spécifié,2025-03-31T00:00:00.000Z,,2025.0,,Non spécifié,False,cmkjnzm01008ivtv5kzxhh9wm,Marine Le Pen,marine-le-pen,RN,Rassemblement National,Non spécifié,Non spécifié,Non spécifié,Non spécifié,57.0,1968.0,Non spécifié
cmlv84xv500kgemv5eww3y3m6,marine-le-pen-riwal-financement-des-campagnes-legislatives-fn-2012,Affaire Riwal - Financement des campagnes législatives FN 2012,"Cette affaire concerne le financement des campagnes législatives du Front National en 2012, impliquant la société Riwal de Frédéric Chatillon, principal prestataire du parti. En 2017, treize personnes sont mises en examen, dont Marine Le Pen à qui il est reproché d'avoir employé fictivement deux de ses conseillers (Nicolas Bay et David Rachline) en CDD pendant sa campagne, rémunérés par Riwal plutôt que par le FN. Le 16 juin 2020, le tribunal correctionnel de Paris relaxe le parti de l'accusation principale de surfacturation des kits de campagne, mais condamne le Rassemblement national (RN) à 18 750 euros d'amende pour recel d'abus de biens sociaux. Le parquet fait appel de ce jugement. En 2024, la Cour de cassation rejette les pourvois du RN et de proches de Marine Le Pen, rendant définitive la condamnation du parti.",CONDAMNATION_DEFINITIVE,FINANCEMENT_ILLEGAL_CAMPAGNE,2012-06-01T00:00:00.000Z,Non spécifié,2020-06-16T00:00:00.000Z,2012.0,2020.0,,Non spécifié,False,cmkjnzm01008ivtv5kzxhh9wm,Marine Le Pen,marine-le-pen,RN,Rassemblement National,Non spécifié,Non spécifié,Non spécifié,Non spécifié,57.0,1968.0,Non spécifié
cmlv84xqi00k1emv5tdiipji3,marine-le-pen-jeanne-condamnation-definitive-du-rassemblement-national-pour-recel-d-abus-de-biens-sociaux,Affaire Jeanne : condamnation définitive du Rassemblement national pour recel d'abus de biens sociaux,"En 2010, des proches de Marine Le Pen créent le micro-parti Jeanne qui reçoit 9 millions d'euros en 2012. Une information judiciaire est ouverte en avril 2014 pour escroquerie en bande organisée concernant les activités financières de cette structure, utilisée dans le cadre des kits de campagne pour les élections législatives de 2012. En première instance en juin 2020, le Front national (devenu Rassemblement national) a été condamné à une amende de 18 750 euros pour recel d'abus de biens sociaux et relaxé de la principale accusation de surfacturation. Le 19 juin 2024, la Cour de cassation a confirmé le jugement d'appel, condamnant définitivement le RN à une amende de 250 000 euros, rendant cette condamnation définitive. L'affaire concerne un montage complexe visant à détourner les remboursements de frais de campagne électorale au profit du microparti Jeanne.",CONDAMNATION_DEFINITIVE,RECEL,2012-06-01T00:00:00.000Z,Non spécifié,2024-06-19T00:00:00.000Z,2012.0,2024.0,,Non spécifié,False,cmkjnzm01008ivtv5kzxhh9wm,Marine Le Pen,marine-le-pen,RN,Rassemblement National,Non spécifié,Non spécifié,Non spécifié,Non spécifié,57.0,1968.0,Non spécifié
cmlv84xlz00jwemv5fow9xvg5,marine-le-pen-condamnation-de-marine-le-pen-pour-diffamation-envers-la-cimade-2,Condamnation de Marine Le Pen pour diffamation envers la Cimade,"En janvier 2022, lors d'un entretien sur BFMTV en pleine campagne présidentielle, Marine Le Pen accuse les associations humanitaires d'être ""parfois complices des passeurs"" et vise directement la Cimade, l'accusant d'organiser ""la filière d'immigration clandestine en provenance des Comores"" à Mayotte. La Cimade, association engagée contre la xénophobie et l'exclusion des personnes immigrées, porte plainte pour diffamation. Marine Le Pen est condamnée en première instance, puis la condamnation est confirmée en appel par la cour d'appel de Paris le 11 septembre 2024 à 500 euros d'amende avec sursis. Le 16 décembre 2025, la Cour de cassation rejette le pourvoi de Marine Le Pen et rend la condamnation définitive, jugeant que ""les limites de la liberté d'expression ont été dépassées"".",CONDAMNATION_DEFINITIVE,DIFFAMATION,2022-01-01T00:00:00.000Z,Non spécifié,2025-12-16T00:00:00.000Z,2022.0,2025.0,,Non spécifié,False,cmkjnzm01008ivtv5kzxhh9wm,Marine Le Pen,marine-le-pen,RN,Rassemblement National,Non spécifié,Non spécifié,Non spécifié,Non spécifié,57.0,1968.0,Non spécifié
cmlv84wyo00j7emv56rvg2bx3,marine-le-pen-condamnation-de-marine-le-pen-pour-diffamation-envers-christian-baeckeroot,Condamnation de Marine Le Pen pour diffamation envers Christian Baeckeroot,"Marine Le Pen et Louis Aliot ont été condamnés en appel le 27 janvier 2011 pour diffamation envers Christian Baeckeroot, ancien membre du Front National. L'affaire concernait des accusations portées en 2008 par le FN envers Baeckeroot, qui aurait qualifié Carl Lang (alors vice-président du parti) de ""merde"", ""ordure"" et ""salopard"". Marine Le Pen a été condamnée à 1.500 euros d'amende avec sursis et 1.000 euros de dommages et intérêts. Le pourvoi en cassation a été rejeté le 11 octobre 2011, rendant la condamnation définitive.",CONDAMNATION_DEFINITIVE,DIFFAMATION,2008-01-01T00:00:00.000Z,Non spécifié,2011-01-27T00:00:00.000Z,2008.0,2011.0,,Non spécifié,False,cmkjnzm01008ivtv5kzxhh9wm,Marine Le Pen,marine-le-pen,RN,Rassemblement National,Non spécifié,Non spécifié,Non spécifié,Non spécifié,57.0,1968.0,Non spécifié
cmlv84wk200isemv5ojbdwaau,bastien-lachaud-mise-en-examen-de-bastien-lachaud-dans-l-affaire-des-comptes-de-campagne-de-jean-luc-melenchon-2017,Mise en examen de Bastien Lachaud dans l'affaire des comptes de campagne de Jean-Luc Mélenchon 2017,"Le 22 septembre 2021, Bastien Lachaud, député LFI de Seine-Saint-Denis, est mis en examen pour prêt illicite de main-d'œuvre, faux, escroquerie et tentative d'escroquerie dans le cadre de l'enquête judiciaire sur les comptes de la campagne présidentielle de Jean-Luc Mélenchon en 2017. Il était salarié et trésorier de l'association L'Ère du Peuple qui l'a rétribué 29 000 euros brut en treize mois, prestation facturée pour près de 130 000 euros au mandataire de campagne, permettant à l'association de dégager une marge de 59 à 66%. La Commission nationale des comptes de campagne avait relevé une différence de 152 688 euros entre les salaires versés et les montants facturés, refusant de rembourser cette marge et signalant les faits à la justice. Le 16 juin 2022, la chambre de l'instruction de la cour d'appel de Paris confirme sa mise en examen et rejette sa requête en annulation des poursuites.",MISE_EN_EXAMEN,FINANCEMENT_ILLEGAL_CAMPAGNE,2017-01-01T00:00:00.000Z,Non spécifié,2021-09-22T00:00:00.000Z,2017.0,2021.0,,Non spécifié,False,cmkjnzn0w008wvtv5ihg3vept,Bastien Lachaud,bastien-lachaud,LFI,La France insoumise,Non spécifié,Non spécifié,Non spécifié,Non spécifié,45.0,1980.0,Non spécifié
cmlv84wfi00imemv5owuam7jn,bastien-lachaud-condamnation-de-bastien-lachaud-pour-trouble-a-l-ordre-public-lors-de-la-perquisition-au-siege-de-lfi,Condamnation de Bastien Lachaud pour trouble à l'ordre public lors de la perquisition au siège de LFI,"Le 16 octobre 2018, lors d'une perquisition menée par l'OCLCIFF dans les locaux de La France insoumise à Paris dans le cadre d'enquêtes sur les comptes de campagne 2017 et les emplois présumés fictifs au Parlement européen, Bastien Lachaud participe à des altercations avec les forces de l'ordre et la magistrature. Le député de Seine-Saint-Denis est poursuivi pour rébellion, provocation et actes d'intimidation. Après un procès en septembre 2019 au tribunal correctionnel de Bobigny, il est condamné le 9 décembre 2019 à une amende de 6 000 euros. Jean-Luc Mélenchon, également présent lors de la perquisition, a été condamné dans la même affaire à trois mois de prison avec sursis et 8 000 euros d'amende.",CONDAMNATION_DEFINITIVE,AUTRE,2018-10-16T00:00:00.000Z,Non spécifié,2019-12-09T00:00:00.000Z,2018.0,2019.0,,Non spécifié,False,cmkjnzn0w008wvtv5ihg3vept,Bastien Lachaud,bastien-lachaud,LFI,La France insoumise,Non spécifié,Non spécifié,Non spécifié,Non spécifié,45.0,1980.0,Non spécifié
cmlv84waq00igemv5wkz1ud09,andy-kerbrat-andy-kerbrat-utilisation-presumee-de-frais-de-mandat-pour-des-depenses-personnelles,Affaire Andy Kerbrat : utilisation présumée de frais de mandat pour des dépenses personnelles,"Le député LFI de Loire-Atlantique Andy Kerbrat, âgé de 34 ans, est soupçonné d'avoir utilisé son avance de frais de mandat (AFM) pour des dépenses personnelles, incluant potentiellement l'achat de stupéfiants. Selon Mediapart, il aurait effectué des virements de son compte AFM vers son compte personnel pour environ 25 000 euros, dans un contexte d'addiction à des drogues de synthèse. Le député reconnaît avoir ""fait n'importe quoi"" avec ses frais de mandat et affirme avoir remboursé les dépenses interdites. La présidente de l'Assemblée nationale Yaël Braun-Pivet a saisi le déontologue de l'institution le 15 novembre 2024 pour un contrôle de ses dépenses et indiqué qu'elle saisirait la justice si les faits étaient avérés. Une association anti-corruption a déposé plainte contre le député, qui est actuellement visé par une procédure judiciaire pour usage de stupéfiants et en arrêt maladie.",ENQUETE_PRELIMINAIRE,DETOURNEMENT_FONDS_PUBLICS,2024-10-17T00:00:00.000Z,Non spécifié,Non spécifié,2024.0,,,Non spécifié,False,cmkjo07f000govtv5fscpnpbt,Andy Kerbrat,andy-kerbrat,LFI,La France insoumise,Non spécifié,Non spécifié,Non spécifié,Non spécifié,35.0,1990.0,Non spécifié
cmlv84w6400icemv5nfks801s,andy-kerbrat-interpellation-d-andy-kerbrat-pour-achat-de-stupefiants,Interpellation d'Andy Kerbrat pour achat de stupéfiants,"Andy Kerbrat, député La France Insoumise de Loire-Atlantique, est interpellé en flagrant délit mi-octobre 2024 lors de l'achat de 1,35 gramme de 3-MMC (drogue de synthèse) à un mineur dans le métro parisien. L'élu reconnaît immédiatement les faits et sa consommation régulière de drogue, qu'il lie à des problèmes d'addiction et à des pratiques de chemsex, débutées fin 2022 après le décès de sa mère. Une enquête de Mediapart révèle en novembre 2024 qu'il aurait utilisé son avance de frais de mandat (AFM) pour effectuer des retraits et virements vers son compte personnel à hauteur d'environ 25 000 euros en 2023, qu'il affirme avoir remboursés. Le député, actuellement en arrêt maladie, est poursuivi pour usage de stupéfiants et fait l'objet d'une saisine du déontologue de l'Assemblée nationale concernant l'usage présumé de fonds publics.",CONDAMNATION_PREMIERE_INSTANCE,AUTRE,2024-10-17T00:00:00.000Z,Non spécifié,Non spécifié,2024.0,,,Non spécifié,False,cmkjo07f000govtv5fscpnpbt,Andy Kerbrat,andy-kerbrat,LFI,La France insoumise,Non spécifié,Non spécifié,Non spécifié,Non spécifié,35.0,1990.0,Non spécifié
cmlv84w1j00i9emv5i1j719dl,philippe-juvin-plainte-pour-harcelement-moral-et-discrimination-syndicale,Plainte pour harcèlement moral et discrimination syndicale,"[Philippe Juvin](/politiques/philippe-juvin), membre du groupe [Les Républicains](/partis/les-republicains), a été maire de La Garenne-Colombes avant de devenir [Député de la 3ème circonscription](https://fr.wikipedia.org/wiki/Circonscriptions_législatives_du_Val-d%27Oise). Il a quitté ses fonctions municipales en juillet 2022. Le 25 avril 2023, l'interco-CFDT des Hauts-de-Seine et un élu syndical déposent plainte contre [Philippe Juvin](/politiques/philippe-juvin) pour harcèlement moral, entrave à un processus de signalement et discrimination syndicale. La plainte vise également Monique Raimbault, qui a succédé à Juvin à la mairie en juillet 2022. Selon l'organisation syndicale, des représentants du personnel auraient subi des mesures de rétorsion — notamment des restrictions d'accès ou des isolements professionnels — après avoir dénoncé les conditions de travail dégradées des employés municipaux. La CFDT soutient que ces représailles constituent une discrimination syndicale visant à dissuader les activités de défense des droits des travailleurs. L'enquête préliminaire a été ouverte afin d'examiner les fondements de ces accusations. À ce stade de la procédure, la présomption d'innocence s'applique aux personnes mises en cause. L'issue de cette enquête déterminera si des poursuites pourront être engagées.",ENQUETE_PRELIMINAIRE,HARCELEMENT_MORAL,Non spécifié,2023-05-05T00:00:00.000Z,Non spécifié,,,,Non spécifié,False,cmkjnz6ds002ivtv5myn6lv1s,Philippe Juvin,philippe-juvin,LR,Les Républicains,Non spécifié,Non spécifié,Non spécifié,Non spécifié,61.0,1964.0,Non spécifié
cmlv84vwz00i4emv57op4rxiq,philippe-juvin-transaction-financiere-suite-a-l-auto-recours-de-philippe-juvin,Affaire de la transaction financière suite à l'auto-recours de Philippe Juvin,"En mars 2017, un permis de construire pour une résidence de trois étages à La Garenne-Colombes est délivré par délégation du maire Philippe Juvin. Le 5 mai 2017, Philippe Juvin attaque à titre personnel ce permis devant le tribunal administratif de Cergy-Pontoise, invoquant des nuisances et une perte de valeur de sa propre maison située à proximité du projet. Le 30 octobre 2017, un protocole d'accord confidentiel est signé entre le maire et le promoteur immobilier franco-suisse (groupe Promogim), prévoyant une indemnisation de 6 à 7% de la valeur de sa maison, soit environ 97 500 euros. Philippe Juvin se désiste de son recours le 13 novembre 2017 et l'affaire est abandonnée le 1er décembre 2017. L'affaire est révélée par Mediapart en novembre 2019.",CLASSEMENT_SANS_SUITE,CONFLIT_INTERETS,2017-03-08T00:00:00.000Z,Non spécifié,2017-12-01T00:00:00.000Z,2017.0,2017.0,,Non spécifié,False,cmkjnz6ds002ivtv5myn6lv1s,Philippe Juvin,philippe-juvin,LR,Les Républicains,Non spécifié,Non spécifié,Non spécifié,Non spécifié,61.0,1964.0,Non spécifié
cmlv84vni00hqemv50jh282gy,sandrine-josso-ineligibilite-de-sandrine-josso-pour-retard-de-comptes-de-campagne-municipale,Inéligibilité de Sandrine Josso pour retard de comptes de campagne municipale,"En 2021, Sandrine Josso est condamnée par le tribunal administratif de Nantes à un an d'inéligibilité pour avoir présenté avec plusieurs jours de retard ses comptes de campagne des élections municipales de La Baule en 2020, qu'elle avait perdues. Le tribunal administratif estime que cette faute est totalement imputable à la candidate, sans pour autant révéler une volonté de fraude ou un manquement d'une particulière gravité. Cette peine d'inéligibilité ne concerne que les mandats locaux et n'affecte pas son mandat de députée. Sandrine Josso n'a pas fait appel de cette décision.",CONDAMNATION_DEFINITIVE,AUTRE,2020-03-15T00:00:00.000Z,Non spécifié,2021-02-01T00:00:00.000Z,2020.0,2021.0,,Non spécifié,False,cmkjnziyb007cvtv55m0eq53a,Sandrine Josso,sandrine-josso,DEM,Démocrates,Non spécifié,Non spécifié,Non spécifié,Non spécifié,50.0,1975.0,Non spécifié
cmlv84viz00hlemv5ttnuaqgo,sandrine-josso-pret-non-rembourse-a-une-attachee-parlementaire,Affaire du prêt non remboursé à une attachée parlementaire,"En octobre 2018, Sandrine Josso, députée Modem de Loire-Atlantique, emprunte 10 000 euros à son attachée parlementaire. Cette somme n'ayant été que partiellement remboursée, l'attachée parlementaire poursuit la députée pour abus de confiance et obtient une saisie conservatoire de 6 666,60 euros en juin 2021. L'affaire est plaidée le 10 mai 2022 devant le tribunal judiciaire de Saint-Nazaire, présidé par Cécile Capeau. Le 10 juin 2022, la juge des référés déboutte l'attachée parlementaire de sa demande de remboursement en référé, estimant que l'affaire doit être jugée au fond. L'attachée parlementaire, qui élève seule sa fille, continue de rembourser les échéances mensuelles du prêt qu'elle avait elle-même contracté pour la députée.",CLASSEMENT_SANS_SUITE,ABUS_CONFIANCE,2018-10-01T00:00:00.000Z,Non spécifié,2022-06-10T00:00:00.000Z,2018.0,2022.0,,Non spécifié,False,cmkjnziyb007cvtv55m0eq53a,Sandrine Josso,sandrine-josso,MoDem,Mouvement démocrate,Non spécifié,Non spécifié,Non spécifié,Non spécifié,50.0,1975.0,Non spécifié
cmlv84vef00hiemv5qey8tsia,yannick-jadot-action-en-diffamation-de-totalenergies-contre-yannick-jadot,Action en diffamation de TotalEnergies contre Yannick Jadot,"[Yannick Jadot](/politiques/yannick-jadot), sénateur de Paris et figure de proue des mouvements écologistes, était affilié à [Écologiste - Solidarité et Territoires](/partis/ecologiste-solidarite-et-territoires) lors des faits. En mars 2022, dans le contexte de la guerre russo-ukrainienne, il dénonce publiquement les activités de TotalEnergies, affirmant que le groupe énergétique serait complice de crimes de guerre commis par la Russie. TotalEnergies réagit en annonçant le lancement d'une action en diffamation à l'encontre du sénateur pour ces accusations. Cette procédure s'inscrit dans un contexte plus large de tensions entre les écologistes et les grands groupes énergétiques, comme en témoigne [l'affaire de l'espionnage de Greenpeace par EDF](/affaires/yannick-jadot-espionnage-de-greenpeace-par-edf). L'affaire demeure à ce stade au niveau de l'enquête préliminaire. Selon les règles de la présomption d'innocence, les accusations formulées par [Yannick Jadot](/politiques/yannick-jadot) ne sauraient être tenues pour établies en l'absence de jugement définitif. La procédure en diffamation pourrait déterminer si les propos tenus relèvent de la critique légitime ou d'allégations dénuées de fondement.",RELAXE,DIFFAMATION,2022-03-01T00:00:00.000Z,Non spécifié,2025-06-06T00:00:00.000Z,2022.0,2025.0,,Non spécifié,False,cmksfdess00lvc0v5crv5w4oc,Yannick Jadot,yannick-jadot,GEST,Écologiste - Solidarité et Territoires,Non spécifié,Non spécifié,Non spécifié,Non spécifié,58.0,1967.0,Non spécifié
cmlv84v5200h1emv5ccp0ne0n,laurent-jacobelli-condamnation-de-laurent-jacobelli-pour-diffamation-et-outrage-envers-belkhir-belhaddad,Condamnation de Laurent Jacobelli pour diffamation et outrage envers Belkhir Belhaddad,"En octobre 2023, lors d'un déplacement ministériel à Hayange (Moselle), le député RN Laurent Jacobelli traite son collègue Belkhir Belhaddad de ""racaille"", lui disant ""Tu me parles autrement, je te le dis tout de suite, racaille !"" puis ""Joue pas les racailles"", des propos enregistrés par les caméras présentes. Le 2 septembre 2025, le tribunal correctionnel de Thionville condamne Laurent Jacobelli à 300 euros d'amende avec sursis pour diffamation non publique et outrage envers un parlementaire. Le tribunal le relaxe en revanche du chef d'injure non publique à raison de l'origine. Laurent Jacobelli doit également verser 150 euros de dommages et intérêts à Belkhir Belhaddad.",APPEL_EN_COURS,DIFFAMATION,2023-10-13T00:00:00.000Z,Non spécifié,2025-09-02T00:00:00.000Z,2023.0,2025.0,,Non spécifié,False,cmkjo0bmr00iavtv58zshoz7a,Laurent Jacobelli,laurent-jacobelli,RN,Rassemblement National,Non spécifié,Non spécifié,Non spécifié,Non spécifié,56.0,1969.0,Non spécifié
cmlv84v0i00gyemv5kuwoflk2,cyrille-isaac-sibille-conflit-d-interet-avec-sanofi,Conflit d'intérêt avec Sanofi,"[Cyrille Isaac-Sibille](/politiques/cyrille-isaac-sibille), [Mouvement démocrate](/partis/mouvement-democrate), député de la 12ème circonscription, a été au cœur d'une controverse éthique en matière de conflit d'intérêts portant sur ses activités législatives et ses intérêts financiers. En 2016, le journal L'Humanité révèle que le parlementaire, détenteur d'actions du groupe pharmaceutique Sanofi, a fait voter un amendement visant à assouplir les conditions relatives aux essais cliniques pour les nouveaux médicaments. Cette situation soulève la question de la compatibilité entre ses intérêts financiers personnels dans le secteur pharmaceutique et son devoir de représentant législatif agissant dans l'intérêt général. L'amendement en question visant à modifier le cadre réglementaire des essais cliniques aurait pu bénéficier directement à Sanofi, dont [Cyrille Isaac-Sibille](/politiques/cyrille-isaac-sibille) demeurait actionnaire. Cette superposition de rôles soulève des questions déontologiques quant à la séparation entre intérêts privés et fonction publique. Les autorités compétentes ont examiné les faits soulevés par cette révélation médiatique. L'enquête a abouti à un classement sans suite, signifiant qu'aucune suite judiciaire n'a été donnée au dossier. Cette décision reflète soit l'absence d'éléments constitutifs d'une infraction pénale, soit des considérations procédurales.",CLASSEMENT_SANS_SUITE,CONFLIT_INTERETS,Non spécifié,2018-02-06T00:00:00.000Z,Non spécifié,,,,Non spécifié,False,cmkjnzu2u00bmvtv55859xhi3,Cyrille Isaac-Sibille,cyrille-isaac-sibille,MoDem,Mouvement démocrate,Non spécifié,Non spécifié,Non spécifié,Non spécifié,67.0,1958.0,Non spécifié
cmlv84uw000gtemv5sya3wspl,cyrille-isaac-sibille-exces-de-vitesse-et-menaces-envers-des-policiers,Excès de vitesse et menaces envers des policiers,"[Cyrille Isaac-Sibille](/politiques/cyrille-isaac-sibille), député [Mouvement démocrate](/partis/mouvement-democrate) de la 12ème circonscription, a été contrôlé le 11 juin 2020 à Sainte-Foy-lès-Lyon circulant à motocyclette à 86 km/h dans une zone limitée à 50 km/h. Au moment du contrôle routier, il ne pouvait présenter les originaux de ses documents d'identification et de circulation. Selon le dossier, le parlementaire aurait tenté de faire valoir son statut de député pour se soustraire au contrôle. Il aurait ensuite quitté les lieux en menaçant les policiers de leur adresser un rapport, menaces qu'il a par la suite démenties. L'enquête a été classée sans suite, mettant ainsi fin aux poursuites pour menaces envers dépositaires de l'autorité publique et excès de vitesse. Cette affaire s'inscrit dans un contexte plus large de controverses ayant entouré le parlementaire, notamment un précédent [conflit d'intérêt avec Sanofi](/affaires/cyrille-isaac-sibille-conflit-d-interet-avec-sanofi). Bien que la qualification de menaces ait été retenue initialement, le classement sans suite traduit l'absence de poursuites de la part du ministère public, sans préjudice des faits allégués.",CLASSEMENT_SANS_SUITE,MENACE,2020-06-11T00:00:00.000Z,Non spécifié,Non spécifié,2020.0,,,Non spécifié,False,cmkjnzu2u00bmvtv55859xhi3,Cyrille Isaac-Sibille,cyrille-isaac-sibille,MoDem,Mouvement démocrate,Non spécifié,Non spécifié,Non spécifié,Non spécifié,67.0,1958.0,Non spécifié
cmlv84umy00goemv5agi99meg,xavier-iacovelli-escroquerie-a-la-formation,Affaire de l'escroquerie à la formation,"[Xavier Iacovelli](/politiques/xavier-iacovelli), alors impliqué dans la gestion locale de Suresnes, a facilité en 2009 l'accès à une formation destinée exclusivement aux élus pour une militante socialiste non élue. Cette formation, financée par la ville de Suresnes, constituait un avantage réservé aux représentants élus, dont cette personne n'avait pas la qualité. Le tribunal de Nanterre a reconnu Xavier Iacovelli coupable d'escroquerie le 2014. Les faits reprochés concernaient cette allocation indûe de moyens publics. Le magistrat a condamné l'intéressé à trois mois d'emprisonnement avec sursis, sanction qui n'entraîne pas d'incarcération immédiate. Il a également été condamné à verser une restitution de 1500 euros à la municipalité de Suresnes et à payer solidairement avec la bénéficiaire une amende de 3120 euros. Cette affaire révèle un détournement de ressources municipales et une contravention aux règles régissant l'accès aux formations réservées aux élus. La condamnation définitive met en évidence l'utilisation indue de prérogatives publiques. Xavier Iacovelli poursuit depuis des mandats, dont celui de sénateur des Hauts-de-Seine.",CONDAMNATION_DEFINITIVE,AUTRE,2009-01-01T00:00:00.000Z,Non spécifié,Non spécifié,2009.0,,,Non spécifié,False,cmksfcowg008rc0v5qc6vinok,Xavier Iacovelli,xavier-iacovelli,RE,Renaissance,Non spécifié,Non spécifié,Non spécifié,Non spécifié,44.0,1981.0,Non spécifié
cmlv84uie00gaemv5sicfs0yz,timothee-houssin-condamnation-de-timothee-houssin-pour-recel-de-detournement-de-fonds-publics,Condamnation de Timothée Houssin pour recel de détournement de fonds publics,"Timothée Houssin, attaché parlementaire de l'eurodéputé Nicolas Bay entre juillet 2014 et mars 2015, a été mis en examen le 20 mars 2018 pour recel d'abus de confiance dans le cadre de l'affaire des assistants parlementaires européens du Front national. Nicolas Bay a reconnu devant la cour d'appel de Paris avoir employé Timothée Houssin à des tâches ne concernant pas le Parlement européen, mais affirme n'avoir pas eu conscience de commettre un délit. Le 31 mars 2025, le tribunal correctionnel de Paris a condamné Timothée Houssin à six mois de prison avec sursis et à un an d'inéligibilité sans exécution provisoire pour recel de détournement de fonds publics. L'affaire fait l'objet d'un appel devant la cour d'appel de Paris, avec un procès qui s'est déroulé à partir du 13 janvier 2026 et une décision attendue le 7 juillet 2026.",APPEL_EN_COURS,DETOURNEMENT_FONDS_PUBLICS,2014-07-01T00:00:00.000Z,Non spécifié,2025-03-31T00:00:00.000Z,2014.0,2025.0,,Non spécifié,False,cmkjo023y00eovtv54mqlpu8d,Timothée Houssin,timothee-houssin,RN,Rassemblement National,Non spécifié,Non spécifié,Non spécifié,Non spécifié,37.0,1988.0,Non spécifié
cmlv84ua900g4emv5v6a8qhmy,alain-houpert-interdiction-d-exercice-de-la-medecine-pour-fautes-deontologiques-covid-19,Interdiction d'exercice de la médecine pour fautes déontologiques (Covid-19),"Le 4 novembre 2022, Alain Houpert est interdit d'exercice de la médecine pendant neuf mois par la chambre disciplinaire de l'Ordre des médecins de Bourgogne-Franche-Comté pour fautes déontologiques. Il lui est reproché sa participation au documentaire Hold-up et au mouvement Laissons-les prescrire défendant un traitement controversé contre le Covid-19. En appel, le 18 décembre 2024, la chambre disciplinaire nationale confirme la condamnation mais la réduit à six mois d'interdiction d'exercer dont trois mois avec sursis.",CONDAMNATION_DEFINITIVE,AUTRE,2020-01-01T00:00:00.000Z,Non spécifié,Non spécifié,2020.0,,,Non spécifié,False,cmksfckvs006vc0v5omrkkwav,Alain Houpert,alain-houpert,LR,Les Républicains,Non spécifié,Non spécifié,Non spécifié,Non spécifié,68.0,1957.0,Non spécifié
cmlv84u5q00fwemv5f4w1g8sx,michel-herbillon-box-insalubre-de-chatenay-malabry,Affaire du box insalubre de Châtenay-Malabry,"Raymond Sebas, un jardinier de 76 ans, a été retrouvé mort le 3 avril 2022 dans une rue de Châtenay-Malabry des suites d'une crise cardiaque. Selon l'enquête de Mediapart, il vivait depuis plusieurs années dans un box de parking insalubre d'une dizaine de mètres carrés sans fenêtre appartenant au député LR Michel Herbillon, équipé d'un lit de camp, d'un radiateur d'appoint et de quelques étagères. Michel Herbillon affirme avoir acheté ce box en 2005 pour ses parents et que sa mère aurait accepté en 2016 de mettre le box à disposition de Raymond Sebas pour qu'il y entrepose ses outils, sans jamais savoir qu'il y vivait. L'élu déclare avoir découvert en juillet 2022, via une agence immobilière mandatée pour la vente du box, que le septuagénaire y habitait et était décédé.",ENQUETE_PRELIMINAIRE,AUTRE,2022-04-03T00:00:00.000Z,Non spécifié,Non spécifié,2022.0,,,Non spécifié,False,cmkjnz193000ivtv5mwubwcn5,Michel Herbillon,michel-herbillon,DR,Droite Républicaine,Non spécifié,Non spécifié,Non spécifié,Non spécifié,74.0,1951.0,Non spécifié
cmlv84twd00flemv5rsn37igj,catherine-griset-condamnation-de-catherine-griset-pour-emploi-fictif-d-assistante-parlementaire-europeenne,Condamnation de Catherine Griset pour emploi fictif d'assistante parlementaire européenne,"Catherine Griset, proche collaboratrice de Marine Le Pen, a été condamnée en première instance le 31 mars 2025 à un an de prison avec sursis et deux ans d'inéligibilité avec exécution provisoire dans l'affaire des assistants parlementaires du Front national au Parlement européen. La justice lui reproche d'avoir été rémunérée comme assistante parlementaire accréditée au Parlement européen entre le 2 décembre 2010 et le 14 février 2016, tout en travaillant en réalité principalement pour le parti. Elle a reconnu lors du procès en appel avoir consacré environ 20% de son temps à des tâches liées à Marine Le Pen en tant que présidente du FN, et n'avoir pas respecté son obligation de résidence à Bruxelles alors qu'elle habitait à Garches dans les Hauts-de-Seine. Le procès en appel s'est tenu du 13 janvier au 11 février 2026 devant la cour d'appel de Paris, avec une décision attendue le 7 juillet 2026.",APPEL_EN_COURS,EMPLOI_FICTIF,2010-12-02T00:00:00.000Z,Non spécifié,2025-03-31T00:00:00.000Z,2010.0,2025.0,,Non spécifié,False,cmksr6s3d004ba2v5ovy98ihh,Catherine Griset,catherine-griset,RN,Rassemblement National,Non spécifié,Non spécifié,Non spécifié,Non spécifié,53.0,1972.0,Non spécifié
cmlv84tor00fdemv5elwz7nb0,daniel-grenon-condamnation-de-daniel-grenon-pour-provocation-publique-a-la-discrimination-et-injure-publique-envers-les-binationaux-maghrebins,Condamnation de Daniel Grenon pour provocation publique à la discrimination et injure publique envers les binationaux maghrébins,"Le 1er juillet 2024, lors d'un débat électoral organisé par L'Yonne Républicaine pendant l'entre-deux-tours des législatives, Daniel Grenon, député sortant de la première circonscription de l'Yonne et candidat RN, déclare qu'un ""Maghrébin binational n'a pas sa place dans les hauts lieux"" et que ""des Maghrébins sont arrivés au pouvoir en 2016, ces gens-là n'ont pas leur place dans les hauts lieux"". Le procureur de la République est saisi le 3 juillet 2024 et Jordan Bardella condamne ces ""propos abjects"". Réélu malgré la polémique, Grenon est exclu du RN en octobre 2024 et rejoint les non-inscrits. Le 2 mai 2025, le tribunal correctionnel de Sens le condamne à 3 000 euros d'amende (le double des réquisitions) et 1 500 euros de dommages et intérêts à chacune des trois parties civiles (MRAP de l'Yonne, LDH et LICRA) pour provocation publique à la discrimination et injure publique en raison de l'origine, l'ethnie, la nation, la race ou la religion.",APPEL_EN_COURS,INCITATION_HAINE,2024-07-01T00:00:00.000Z,Non spécifié,2025-05-02T00:00:00.000Z,2024.0,2025.0,,Non spécifié,False,cmkjo0l5i00m0vtv5yoccagkh,Daniel Grenon,daniel-grenon,NI,Non-inscrits,Non spécifié,Non spécifié,Non spécifié,Non spécifié,77.0,1948.0,Non spécifié
cmlv84tk100f8emv5lbbr735e,sandro-gozi-contrat-avec-la-banque-centrale-de-saint-marin,Affaire du contrat avec la Banque centrale de Saint-Marin,"En avril 2019, une enquête est ouverte concernant un contrat de conseil de 220 000 euros entre Sandro Gozi et la Banque centrale de Saint-Marin, portant sur les conditions d'attribution du contrat et le caractère potentiellement fictif de la prestation. Gozi affirme que le contrat a été attribué dans le respect des procédures et que l'accusation visait à nuire à sa candidature aux européennes. Le dossier est classé sans suite le 2 juillet 2020, et le commissaire ayant ouvert l'enquête est condamné en février 2024 pour tentative de corruption et abus de pouvoir.",CLASSEMENT_SANS_SUITE,EMPLOI_FICTIF,Non spécifié,2019-04-21T00:00:00.000Z,Non spécifié,,,,Non spécifié,False,cmksr6u2m005ba2v511coqohv,Sandro Gozi,sandro-gozi,RE,Renaissance,Non spécifié,Non spécifié,Non spécifié,Non spécifié,57.0,1968.0,Non spécifié
cmlv84tfh00f3emv5b8rf0kt9,perrine-goulet-plainte-de-greenpeace-contre-perrine-goulet-pour-incitation-au-meurtre,Plainte de Greenpeace contre Perrine Goulet pour incitation au meurtre,"Le 22 mars 2018, lors d'une audition du ministre de l'Intérieur Gérard Collomb devant la commission d'enquête parlementaire sur la sûreté nucléaire, la députée LREM Perrine Goulet, ancienne salariée d'EDF, suggère d'""installer des miradors avec possibilité de tirer"" en cas d'intrusion dans les centrales nucléaires, comme aux États-Unis. Suite à ces déclarations, Greenpeace annonce le 26 mars 2018 son intention de porter plainte pour ""incitation au meurtre"", puis dépose effectivement plainte le 25 avril 2018 au Tribunal de grande instance de Paris pour ""provocation à un crime ou un délit"", via son avocate Marie Dosé. La députée s'est défendue en affirmant qu'elle n'avait jamais appelé au meurtre et qu'elle pensait à ""tirer dans les jambes"". L'avocate de Greenpeace a également adressé un courrier le 9 avril au président de l'Assemblée nationale François de Rugy pour demander une sanction disciplinaire.",ENQUETE_PRELIMINAIRE,INCITATION_HAINE,2018-03-22T00:00:00.000Z,Non spécifié,Non spécifié,2018.0,,,Non spécifié,False,cmkjnzluy008gvtv5pqmjntts,Perrine Goulet,perrine-goulet,MoDem,Mouvement démocrate,Non spécifié,Non spécifié,Non spécifié,Non spécifié,47.0,1978.0,Non spécifié
cmlv84t1200ememv53wj8a0x9,yoann-gillet-condamnation-de-yoann-gillet-pour-injures-publiques-envers-jean-paul-fournier,Condamnation de Yoann Gillet pour injures publiques envers Jean-Paul Fournier,"En décembre 2014, Yoann Gillet, alors secrétaire départemental du Front National dans le Gard, a tenu des propos injurieux lors d'un conseil municipal à l'encontre du maire de Nîmes Jean-Paul Fournier (LR), le qualifiant notamment de ""sous-merde"" et ""sous-maire"". Il a été condamné en octobre 2015 par le tribunal correctionnel de Nîmes à 1500 euros d'amende pour injures publiques. Cette condamnation a été confirmée en appel par la cour d'appel de Nîmes le 29 avril 2016, devenant ainsi définitive.",CONDAMNATION_DEFINITIVE,INJURE,2014-12-01T00:00:00.000Z,Non spécifié,2015-10-01T00:00:00.000Z,2014.0,2015.0,,Non spécifié,False,cmkjo046q00fgvtv5rpkgetyi,Yoann Gillet,yoann-gillet,RN,Rassemblement National,Non spécifié,Non spécifié,Non spécifié,Non spécifié,39.0,1986.0,Non spécifié
cmlv84swj00ejemv5r4ubbbkm,francois-fillon-detournements-de-fonds-publics-du-senat-urs,Affaire de détournements de fonds publics du Sénat (URS),"[François Fillon](/politiques/francois-fillon), alors sénateur membre de l'[Union pour un mouvement populaire](/partis/union-pour-un-mouvement-populaire), a perçu entre 2005 et 2007 sept chèques de 3 000 euros chacun (total 21 000 euros) émis par le compte HSBC de l'Union républicaine du Sénat. Ces versements correspondaient à des reliquats de crédits d'assistants parlementaires ayant transité par une association. Une instruction est ouverte en juillet 2012 suite à un signalement de Tracfin (Cellule de renseignement financier). Cependant, l'enquête se concentre uniquement sur la période postérieure à 2009 et ne vise pas directement François Fillon, qui avait quitté le Sénat en 2007, antérieurement à la période considérée par les investigations. Le dossier a finalement été frappé de prescription, mettant fin aux poursuites possibles. Cette affaire s'inscrit dans un contexte où François Fillon a été confronté à d'autres difficultés judiciaires, notamment une [condamnation définitive dans l'affaire des emplois fictifs](/affaires/francois-fillon-condamnation-definitive-de-francois-fillon-dans-l-affaire-des-emplois-fictifs), qui a marqué sa carrière politique de manière plus substantielle.",PRESCRIPTION,DETOURNEMENT_FONDS_PUBLICS,2005-01-01T00:00:00.000Z,Non spécifié,Non spécifié,2005.0,,,Non spécifié,False,cmkjtm2pz000j9lv5lo3ot1t4,François Fillon,francois-fillon,UMP,Union pour un mouvement populaire,Non spécifié,Non spécifié,Non spécifié,Non spécifié,71.0,1954.0,Non spécifié
cmlv84sdi00e0emv5hud6eomh,francois-fillon-condamnation-definitive-de-francois-fillon-dans-l-affaire-des-emplois-fictifs,Condamnation définitive de François Fillon dans l'affaire des emplois fictifs,"Le Canard enchaîné révèle en janvier 2017 que Penelope Fillon a touché environ 500 000 € comme attachée parlementaire de François Fillon et de son suppléant Marc Joulaud entre 1998 et 2012, sans avoir réellement travaillé. Elle aurait également été rémunérée 5 000 € par mois par la Revue des Deux Mondes entre 2012 et 2013 sans y avoir jamais été vue. Le Parquet national financier ouvre une enquête préliminaire le 25 janvier 2017 pour détournement de fonds publics, abus de biens sociaux et recel.",CONDAMNATION_DEFINITIVE,EMPLOI_FICTIF,1998-01-01T00:00:00.000Z,2017-01-25T00:00:00.000Z,2026-02-16T00:00:00.000Z,1998.0,2026.0,3309.0,"4 ans de prison avec sursis, 375 000€ d'amende, 5 ans d'inéligibilité",False,cmkjtm2pz000j9lv5lo3ot1t4,François Fillon,francois-fillon,RPR,Rassemblement pour la République,Non spécifié,Non spécifié,Non spécifié,Non spécifié,71.0,1954.0,Non spécifié
cmlv84s8w00dvemv5q2fvg7dd,marc-ferracci-conflit-d-interets-presume-de-marc-ferracci-sur-france-travail,Affaire de conflit d'intérêts présumé de Marc Ferracci sur France Travail,"En juillet 2023, le média Blast révèle un possible conflit d'intérêts concernant Marc Ferracci, député Renaissance nommé co-rapporteur du projet de loi pour le plein emploi réorganisant Pôle emploi en France Travail. Marc Ferracci détient 35% des parts de la holding de son père Pierre Ferracci, à la tête du groupe Alpha, devenu sous-traitant indirect de Pôle emploi. Après avoir saisi le déontologue de l'Assemblée qui l'autorisait à rapporter sur certaines parties du texte, Marc Ferracci renonce finalement le 19 juillet 2023 à sa fonction de co-rapporteur et annonce porter plainte pour diffamation contre Blast. Il est remplacé par Christine Le Nabour. Aucune procédure judiciaire pour conflit d'intérêts n'a été engagée à son encontre d'après les articles consultés.",CLASSEMENT_SANS_SUITE,CONFLIT_INTERETS,2023-07-11T00:00:00.000Z,Non spécifié,Non spécifié,2023.0,,,Non spécifié,False,cmkjo0o2y00n6vtv538wz9m7l,Marc Ferracci,marc-ferracci,NI,Non-inscrits,Non spécifié,Non spécifié,Non spécifié,Non spécifié,48.0,1977.0,Non spécifié
cmlv84s4e00dremv5gm27b3sg,laurence-farreng-relaxe-de-laurence-farreng-pour-travail-dissimule,Relaxe de Laurence Farreng pour travail dissimulé,"Laurence Farreng, députée européenne du Modem, a été accusée par son ancien assistant parlementaire Gaël Galindo Belio de travail dissimulé pour la période de juin 2021, durant laquelle il aurait travaillé pour sa campagne aux élections régionales en Nouvelle-Aquitaine sans rémunération entre deux contrats. En septembre 2023, le conseil de prud'hommes de Pau a écarté les accusations de travail dissimulé mais avait condamné la députée à verser plus de 7 000 euros de rappels de salaire. En appel, le 13 novembre 2024, la cour d'appel de Pau a totalement débouté l'ancien assistant de toutes ses demandes, confirmant l'absence de travail dissimulé et annulant même les rappels de salaire accordés en première instance. L'ancien assistant dispose d'un délai de deux mois pour se pourvoir en cassation.",RELAXE,AUTRE,2021-06-01T00:00:00.000Z,Non spécifié,2024-11-13T00:00:00.000Z,2021.0,2024.0,,Non spécifié,False,cmksr6lw30019a2v5x8im59vy,Laurence Farreng,laurence-farreng,MoDem,Mouvement démocrate,Non spécifié,Non spécifié,Non spécifié,Non spécifié,59.0,1966.0,Non spécifié
cmlv84rzw00dkemv59hv4tldf,frederic-falcon-pancarte-va-faire-la-soupe-salope,Affaire de la pancarte « Va faire la soupe salope »,"Le 26 janvier 2024, Frédéric Falcon et deux autres députés RN de l'Aude (Christophe Barthes et Julien Rancoule) posent à Narbonne lors d'un blocage agricole devant une pancarte portant l'inscription « Va faire la soupe salope », insulte misogyne visant les responsables écologistes Sandrine Rousseau et Marine Tondelier. Cette formule fait référence à un incident du 13 juin 2023 où un viticulteur avait lancé cette même insulte aux deux élues lors d'un échange tendu à Ventenac-Cabardès. Le 29 janvier 2024, Sandrine Rousseau dépose une demande de sanction auprès de la présidence de l'Assemblée nationale contre les trois députés. Les députés assument leur geste, qualifiant l'inscription de « slogan » des agriculteurs en colère. Aucune sanction parlementaire n'a été prononcée suite à cette demande.",CLASSEMENT_SANS_SUITE,INJURE,2024-01-26T00:00:00.000Z,Non spécifié,Non spécifié,2024.0,,,Non spécifié,False,cmkjnzxx900d2vtv5son24swb,Frédéric Falcon,frederic-falcon,RN,Rassemblement National,Non spécifié,Non spécifié,Non spécifié,Non spécifié,40.0,1985.0,Non spécifié
cmlv84rvf00dhemv55pjdx3t0,frederique-espagnac-enquete-visant-frederique-espagnac-pour-detournement-de-frais-de-mandat,Enquête visant Frédérique Espagnac pour détournement de frais de mandat,"En juin 2020, la sénatrice socialiste des Pyrénées-Atlantiques Frédérique Espagnac est visée par une enquête du Parquet national financier (PNF) pour détournement présumé de fonds publics. Selon les révélations de Mediapart, elle serait soupçonnée d'avoir utilisé son enveloppe de frais de mandat pour des dépenses personnelles, portant sur 108 000 euros de dépenses litigieuses entre 2012 et 2018. Ces dépenses comprendraient notamment le paiement de son loyer personnel (plus de 41 000 euros), des frais médicaux (4 428 euros), des versements à un membre de sa famille (7 562 euros), un stage de récupération de points de permis (175 euros) et des retraits en espèces atteignant 16 780 euros en 2017. Interrogée, la sénatrice affirme avoir ""toujours agi de façon éthique dans le strict respect de la loi"".",ENQUETE_PRELIMINAIRE,DETOURNEMENT_FONDS_PUBLICS,2012-01-01T00:00:00.000Z,Non spécifié,Non spécifié,2012.0,,,Non spécifié,False,cmksfdoum00r3c0v50ygtjqw1,Frédérique Espagnac,frederique-espagnac,PS,Socialistes et apparentés,Non spécifié,Non spécifié,Non spécifié,Non spécifié,53.0,1972.0,Non spécifié
cmlv84rqw00ddemv5xeutry6i,frederique-espagnac-harcelement-moral-envers-une-attachee-parlementaire,Affaire de harcèlement moral envers une attachée parlementaire,"En juin 2019, une attachée parlementaire de Frédérique Espagnac engage une procédure prud'homale contre la sénatrice pour harcèlement moral et demande 30 000 euros de dommages et intérêts. Le 24 août 2021, le conseil des prud'hommes de Paris écarte la qualification de harcèlement moral mais prononce la résiliation judiciaire du contrat de travail aux torts exclusifs de l'employeur. Les conseillers prud'homaux reconnaissent des manquements graves à l'obligation d'exécuter de bonne foi le contrat de travail et à l'obligation de veiller à la santé et à la sécurité de la salariée. Frédérique Espagnac est condamnée à verser un total de 26 160 euros comprenant indemnités de licenciement, de préavis, congés payés, dommages et intérêts et frais de procédure. En septembre 2025, selon la description initiale, le harcèlement moral serait reconnu en appel avec une condamnation à des dommages supplémentaires, mais cet élément n'est pas confirmé par l'article fourni.",CONDAMNATION_PREMIERE_INSTANCE,AUTRE,2019-06-01T00:00:00.000Z,Non spécifié,2021-08-24T00:00:00.000Z,2019.0,2021.0,,Non spécifié,False,cmksfdoum00r3c0v50ygtjqw1,Frédérique Espagnac,frederique-espagnac,PS,Socialistes et apparentés,Non spécifié,Non spécifié,Non spécifié,Non spécifié,53.0,1972.0,Non spécifié
cmlv84rm700d7emv5b4uohe9s,christine-engrand-conduite-sans-permis-et-infractions-routieres,Conduite sans permis et infractions routières,"[Christine Engrand](/politiques/christine-engrand), maire de Saint-Folquin et députée de la 6ème circonscription, appartient au groupe [Non-inscrits](/partis/non-inscrits) à l'Assemblée nationale. En septembre 2024, elle a été interpellée pour téléphone au volant. L'enquête a révélé qu'elle conduisait sans permis de conduire depuis 2009, soit une durée de quinze ans. Son véhicule était également dépourvu de contrôle technique à jour. Engrand a contesté les accusations en invoquant une erreur administrative et en affirmant que des points restants figuraient sur son permis. Mediapart a rapporté qu'elle avait continué à conduire malgré l'absence de permis valide. Une investigation ultérieure a suggéré que son permis avait possiblement été égaré lors de l'informatisation des fichiers de l'État dans les années 1990, ce qui expliquerait le statut administratif anormal de son dossier. Le tribunal correctionnel l'a relaxée en mai 2025, reconnaissant la validité de son argumentation relative à l'erreur administrative et aux défaillances du système d'archivage public. Cette affaire intervient alors que [Christine Engrand](/politiques/christine-engrand) fait face à d'autres poursuites judiciaires, dont une affaire de [détournement de frais de mandat parlementaire](/affaires/christine-engrand-detournement-de-frais-de-mandat-parlementaire).",RELAXE,AUTRE,2024-09-13T00:00:00.000Z,Non spécifié,Non spécifié,2024.0,,,Non spécifié,False,cmkjo0cmb00iovtv5dkkmksfz,Christine Engrand,christine-engrand,NI,Non-inscrits,Non spécifié,Non spécifié,Non spécifié,Non spécifié,70.0,1955.0,Non spécifié
cmlv84rhm00cyemv5m34b3bk0,christine-engrand-detournement-de-frais-de-mandat-parlementaire,Détournement de frais de mandat parlementaire,"Christine Engrand a utilisé plus de 10 000 euros de ses frais d'élue à l'Assemblée nationale pour des dépenses personnelles (gardiennage de chiens, site de rencontre, frais d'obsèques, assurance et réparation de véhicule personnel, smartphones). Révélé par Mediapart en septembre et octobre 2024, elle a d'abord nié puis s'est rétractée. Elle a été suspendue 6 mois du groupe RN en novembre 2024, exclue définitivement du parti en mars 2025, et sanctionnée par une exclusion de 15 jours de l'hémicycle votée par l'Assemblée nationale en mai 2025.",ENQUETE_PRELIMINAIRE,DETOURNEMENT_FONDS_PUBLICS,2024-01-01T00:00:00.000Z,Non spécifié,Non spécifié,2024.0,,,Non spécifié,False,cmkjo0cmb00iovtv5dkkmksfz,Christine Engrand,christine-engrand,NI,Non-inscrits,Non spécifié,Non spécifié,Non spécifié,Non spécifié,70.0,1955.0,Non spécifié
cmlv84rd000cjemv5k9yqq2oc,olivier-dussopt-lithographies-et-du-favoritisme-avec-la-saur,Affaire des lithographies et du favoritisme avec la Saur,"[Olivier Dussopt](/politiques/olivier-dussopt), alors maire de Oudon et membre du parti [Territoires de progrès](/partis/territoires-de-progres), a été impliqué dans une affaire de favoritisme présumé avec le groupe Saur. En janvier 2017, [Dussopt](/politiques/olivier-dussopt) a reçu deux lithographies d'une valeur de 2 000 euros offertes par un dirigeant de Saur, quelques jours après l'annonce officielle d'un partenariat entre sa commune et ce groupe. Une enquête ultérieure a révélé l'existence d'un arrangement potentiel autour d'un marché public municipal remontant à 2009-2010, soulevant des questions sur d'éventuels liens entre les avantages reçus et les contrats publics accordés. Le dossier a été renvoyé en jugement correctionnel. Un procès s'est déroulé en novembre 2023 devant le tribunal correctionnel de Paris. Par jugement du 17 janvier 2024, le tribunal a prononcé la relaxe de [Dussopt](/politiques/olivier-dussopt), le déclarant innocent des accusations portées contre lui. Cette décision mettait fin aux poursuites engagées dans cette affaire de présomption de favoritisme, l'ensemble des faits ayant été disculpés par les magistrats.",CONDAMNATION_PREMIERE_INSTANCE,FAVORITISME,2017-01-01T00:00:00.000Z,Non spécifié,2025-02-07T00:00:00.000Z,2017.0,2025.0,,Non spécifié,False,cmlj9i1du03alzav5tr2gwjwc,Olivier Dussopt,olivier-dussopt,TDP,Territoires de progrès,Non spécifié,Non spécifié,Non spécifié,Non spécifié,47.0,1978.0,Non spécifié
cmlv84r8c00cgemv5m8qlo5ov,nicolas-dragon-signalement-pour-propos-sur-les-candidats-musulmans,Signalement pour propos sur les candidats musulmans,"[Nicolas Dragon](/politiques/nicolas-dragon), député de la 1ère circonscription du [Rassemblement National](/partis/rassemblement-national), fait l'objet d'une enquête préliminaire suite à des déclarations formulées en février 2026 concernant les candidats musulmans aux élections municipales. L'intéressé aurait tenu des propos selon lesquels certains candidats de confession musulmane pourraient porter des projets islamistes dissimulés. Ces déclarations ont suscité une réaction de la Ligue des droits de l'Homme, qui a annoncé un signalement en justice pour incitation à la haine. L'affaire est actuellement au stade de l'enquête préliminaire. Selon la présomption d'innocence, les faits allégués ne constituent pas des certitudes juridiques tant que la procédure judiciaire n'aura pas abouti à un jugement définitif. Cette affaire s'inscrit dans un contexte de campagne électorale municipale. Les déclarations du politicien ont alimenté un débat public sur la relation entre convictions religieuses et programmes politiques, ainsi que sur les limites du discours politique en matière de religion.",ENQUETE_PRELIMINAIRE,INCITATION_HAINE,2026-02-03T00:00:00.000Z,Non spécifié,Non spécifié,2026.0,,,Non spécifié,False,cmkjnzwfa00civtv5ez9wyua4,Nicolas Dragon,nicolas-dragon,RN,Rassemblement National,Non spécifié,Non spécifié,Non spécifié,Non spécifié,48.0,1977.0,Non spécifié
cmlv84r3t00caemv5mnperl5x,edwige-diaz-assistants-parlementaires-d-edwige-diaz-au-parlement-europeen,Affaire des assistants parlementaires d'Edwige Diaz au Parlement européen,"En juillet 2021, le parquet européen a ouvert une enquête préliminaire sur Edwige Diaz et Jacques Colombier pour détournements de fonds publics, complicité et recel, après un signalement de l'association Anticor au parquet de Bordeaux. L'enquête portait sur des soupçons d'emploi fictif d'assistant parlementaire européen entre avril 2018 et juin 2019, période durant laquelle Edwige Diaz était employée par Jacques Colombier, alors député européen RN. Des perquisitions ont été menées le 5 décembre 2022 dans les deux domiciles girondins d'Edwige Diaz, ainsi qu'à sa permanence parlementaire, au siège départemental du RN et à son bureau à l'Assemblée nationale. Jacques Colombier a également fait l'objet de perquisitions et a été placé en garde à vue. L'affaire a été classée sans suite le 11 octobre 2023 par le parquet européen, après une enquête exhaustive concluant à l'absence de preuves pertinentes du délit de détournement de fonds publics.",CLASSEMENT_SANS_SUITE,DETOURNEMENT_FONDS_PUBLICS,2018-04-01T00:00:00.000Z,Non spécifié,2023-10-11T00:00:00.000Z,2018.0,2023.0,,Non spécifié,False,cmkjo057a00fuvtv58tf0eqqc,Edwige Diaz,edwige-diaz,RN,Rassemblement National,Non spécifié,Non spécifié,Non spécifié,Non spécifié,38.0,1987.0,Non spécifié
cmlv84qx700c7emv5s0rbu7w6,jocelyn-dessigny-emplois-familiaux-croises-dessigny-menache,Affaire des emplois familiaux croisés Dessigny-Ménaché,"En septembre 2023, Mediapart révèle que deux députés du Rassemblement national, Jocelyn Dessigny (Aisne) et Yaël Ménaché (Somme), ont embauché chacun la fille de l'autre comme collaboratrice parlementaire durant l'été 2023, du 7 juillet au 9 août. Ce système d'embauches croisées contourne l'interdiction d'employer des membres de sa famille instaurée en 2017 après l'affaire Fillon. Bien que légal, ce dispositif permet aux deux élus de faire travailler indirectement leurs propres filles. Les deux députés, élus dans des circonscriptions voisines et connus pour leur proximité, affirment que les embauches ne sont pas liées et que les jeunes étudiantes ont effectué un travail réel d'assistante parlementaire rémunéré au SMIC.",ENQUETE_PRELIMINAIRE,EMPLOI_FICTIF,2023-07-07T00:00:00.000Z,Non spécifié,Non spécifié,2023.0,,,Non spécifié,False,cmkjnzwq600cmvtv5n10awcqx,Jocelyn Dessigny,jocelyn-dessigny,RN,Rassemblement National,Non spécifié,Non spécifié,Non spécifié,Non spécifié,44.0,1981.0,Non spécifié
cmlv84qnx00boemv5qr25in46,sebastien-delogu-condamnation-de-sebastien-delogu-pour-violences-aggravees-lors-du-blocus-du-lycee-saint-exupery,Condamnation de Sébastien Delogu pour violences aggravées lors du blocus du lycée Saint-Exupéry,"Le 10 mars 2023, lors d'un blocus lycéen dans le contexte de la contestation de la réforme des retraites, Sébastien Delogu intervient devant le lycée Saint-Exupéry de Marseille après avoir vu, selon ses dires, un lycéen maintenu à terre par des membres de la direction. Un échange virulent s'ensuit avec le proviseur adjoint et la conseillère principale d'éducation (CPE), à qui le député aurait donné des coups de pied, causant une journée d'ITT pour chacun. Le 14 février 2025, le tribunal correctionnel de Marseille le condamne pour violences aggravées et refus de relevé d'empreintes digitales à 5 000 euros d'amende et 1 600 euros d'indemnités aux parties civiles (300 euros par victime pour préjudice physique, 300 euros pour préjudice moral, et 1 000 euros de frais de justice). Son avocat annonce immédiatement son intention de faire appel, contestant la culpabilité du député.",APPEL_EN_COURS,VIOLENCE,2023-03-10T00:00:00.000Z,Non spécifié,2025-02-14T00:00:00.000Z,2023.0,2025.0,,Non spécifié,False,cmkjo00n800e4vtv5xfq65kxw,Sébastien Delogu,sebastien-delogu,LFI,La France insoumise,Non spécifié,Non spécifié,Non spécifié,Non spécifié,38.0,1987.0,Non spécifié
cmlv84qjf00bhemv5i47q636k,sebastien-delogu-renvoi-en-correctionnelle-de-sebastien-delogu-pour-recel-de-vol-et-atteinte-a-la-vie-privee,Renvoi en correctionnelle de Sébastien Delogu pour recel de vol et atteinte à la vie privée,"Sébastien Delogu, député LFI des Bouches-du-Rhône et candidat à la mairie de Marseille, sera jugé le 9 juin 2026 devant le tribunal correctionnel de Marseille pour recel de biens provenant d'un vol, divulgation d'informations personnelles exposant à un risque d'atteinte à la personne, et atteinte au secret des correspondances. Les faits remontent au 24 septembre 2024, lorsque le député a diffusé sur son compte Instagram des documents privés appartenant à Isidore Aragones, avocat à la retraite et ancien président du CRIF Marseille, alors éphémère président du conseil d'administration de Laser Propreté. Ces documents, volés lors d'une intrusion de syndicalistes CGT dans le bureau de M. Aragones le 19 septembre 2024 dans le contexte d'un conflit social, contenaient des informations sur ses voyages en Israël et au Brésil ainsi que des projets financiers personnels. Le domicile et la permanence parlementaire de Sébastien Delogu ont été perquisitionnés en mai 2025, et il a été entendu par les enquêteurs. Sa défense conteste les qualifications juridiques retenues et affirme qu'il n'avait pas connaissance de l'origine frauduleuse des documents.",RENVOI_TRIBUNAL,RECEL,2024-09-24T00:00:00.000Z,Non spécifié,2026-06-09T00:00:00.000Z,2024.0,2026.0,,Non spécifié,False,cmkjo00n800e4vtv5xfq65kxw,Sébastien Delogu,sebastien-delogu,LFI,La France insoumise,Non spécifié,Non spécifié,Non spécifié,Non spécifié,38.0,1987.0,Non spécifié
cmlv84qa800b5emv5j6nhljq8,marc-philippe-daubresse-marche-public-de-prestations-juridiques-de-lambersart,Affaire du marché public de prestations juridiques de Lambersart,"[Marc-Philippe Daubresse](/politiques/marc-philippe-daubresse), alors maire de Lambersart et membre du groupe [Les Républicains](/partis/les-republicains), a été mis en examen en août 2023 pour prise illégale d'intérêts dans le cadre d'une enquête portant sur un marché public de prestations juridiques attribué en 2017. L'affaire concerne l'attribution d'un marché public municipal pour des services juridiques. Selon les investigations, la procédure aurait pu présenter des irrégularités dans l'exercice de son mandat municipal. [Marc-Philippe Daubresse](/politiques/marc-philippe-daubresse) conteste les accusations et bénéficie de la présomption d'innocence. Actuellement sénateur de la région Nord, [Marc-Philippe Daubresse](/politiques/marc-philippe-daubresse) a vu cette mise en examen intervenir plusieurs années après les faits présumés, en 2023. La procédure judiciaire suit son cours, et aucune décision définitive n'a été prise à ce stade. Des développements ultérieurs sont attendus dans les dossiers de cette nature. À noter que d'autres poursuites ont également concerné le politicien, notamment l'[affaire du détournement de l'indemnité de frais de mandat](/affaires/marc-philippe-daubresse-detournement-de-l-indemnite-de-frais-de-mandat).",MISE_EN_EXAMEN,PRISE_ILLEGALE_INTERETS,2017-01-01T00:00:00.000Z,Non spécifié,Non spécifié,2017.0,,,Non spécifié,False,cmksfc9fo0017c0v5jaentsj8,Marc-Philippe Daubresse,marc-philippe-daubresse,LR,Les Républicains,Non spécifié,Non spécifié,Non spécifié,Non spécifié,72.0,1953.0,Non spécifié
cmlv84q5g00b0emv51prd27vz,marc-philippe-daubresse-detournement-de-l-indemnite-de-frais-de-mandat,Affaire du détournement de l'indemnité de frais de mandat,"Marc-Philippe Daubresse est soupçonné d'avoir détourné près de 100 000 euros de son indemnité de frais de mandat à des fins personnelles entre 2012 et 2017, lorsqu'il était député de la 4e circonscription du Nord. L'enquête porte sur des virements effectués vers son compte personnel et sur le paiement du loyer de sa permanence dont l'adresse correspondrait à son domicile personnel. L'enquête a ensuite été élargie sur d'éventuels emplois fictifs concernant son épouse et son gendre recrutés comme assistants parlementaires.",ENQUETE_PRELIMINAIRE,DETOURNEMENT_FONDS_PUBLICS,2012-01-01T00:00:00.000Z,Non spécifié,Non spécifié,2012.0,,,Non spécifié,False,cmksfc9fo0017c0v5jaentsj8,Marc-Philippe Daubresse,marc-philippe-daubresse,LR,Les Républicains,Non spécifié,Non spécifié,Non spécifié,Non spécifié,72.0,1953.0,Non spécifié
cmlv84q0t00auemv5c986pcwo,rachida-dati-tayeb-benabderrahmane,Affaire Tayeb Benabderrahmane,"Des perquisitions ont été menées le 27 juin 2023 à la mairie du 7e arrondissement de Paris et au cabinet d'avocate de Rachida Dati dans le cadre d'une enquête sur l'enlèvement, la séquestration et l'extorsion en bande organisée du lobbyiste franco-algérien Tayeb Benabderrahmane au Qatar. Les juges s'intéressent au rôle présumé de Rachida Dati dans des tractations autour de la libération du lobbyiste, le parquet national financier soupçonnant des négociations en marge de la procédure officielle. En 2025, aucune mise en examen n'est annoncée mais Rachida Dati demeure citée dans l'affaire qui reste instruite par la justice française.",INSTRUCTION,AUTRE,Non spécifié,2023-06-27T00:00:00.000Z,Non spécifié,,,,Non spécifié,False,cmksfnsut000ma4v5ghj1fsc9,Rachida Dati,rachida-dati,LR,Les Républicains,Non spécifié,Non spécifié,Non spécifié,Non spécifié,60.0,1965.0,Non spécifié
cmlv84pho009qemv5rjp2b9k4,rachida-dati-carlos-ghosn-contrats-renault-nissan,Affaire Carlos Ghosn - Contrats Renault-Nissan,"[Rachida Dati](/politiques/rachida-dati), députée européenne affiliated aux [Républicains](/partis/les-republicains), est au cœur d'une affaire de corruption présumée impliquant le secteur automobile français. Entre 2009 et 2013, Dati a perçu 900 000 euros de la filiale hollandaise de Renault-Nissan pour des prestations de conseils juridiques. L'instruction judiciaire a soulevé des questions substantielles sur la réalité du travail effectué au regard du montant reçu. Les magistrats soupçonnent Carlos Ghosn, alors PDG du groupe, d'avoir utilisé son influence pour faire bénéficier ses proches de contrats rémunérés sans contrepartie vérifiable. En juillet 2021, Rachida Dati est mise en examen pour corruption passive, trafic d'influence passif et recel d'abus de pouvoir. Ces qualifications reflètent les suspicions : elle aurait reçu des sommes substantielles en raison de son statut politique, sans prestation réelle justifiant ce montant. Après plusieurs années d'instruction, elle est renvoyée devant le tribunal correctionnel en juillet 2025. Le dossier arrive désormais au stade du jugement, sans que le verdict ne soit encore prononcé. À ce stade de la procédure, la présomption d'innocence demeure. Cette affaire s'inscrit dans un contexte plus large de scrutin de la gouvernance du groupe Renault-Nissan et des pratiques de rémunération de personnalités publiques au sein de ses structures.",RENVOI_TRIBUNAL,CORRUPTION_PASSIVE,2009-01-01T00:00:00.000Z,Non spécifié,Non spécifié,2009.0,,,Non spécifié,False,cmksfnsut000ma4v5ghj1fsc9,Rachida Dati,rachida-dati,LR,Les Républicains,Non spécifié,Non spécifié,Non spécifié,Non spécifié,60.0,1965.0,Non spécifié
cmlv84pcz009demv5h4o9dkpt,gerald-darmanin-accusations-de-viol-et-de-harcelement-affaire-sophie-patterson-spatz,Accusations de viol et de harcèlement (affaire Sophie Patterson-Spatz),"En 2009, Sophie Patterson-Spatz rencontre Gérald Darmanin au siège de l'UMP où il travaillait au service juridique, et les deux ont un rapport sexuel. Elle l'accuse en 2017 d'avoir abusé de sa position pour obtenir ce rapport sexuel en échange d'une intervention en sa faveur auprès de la garde des Sceaux. Plusieurs plaintes sont déposées pour viol, harcèlement sexuel et abus de confiance. Après des classements sans suite et une instruction, un non-lieu est prononcé en 2018, confirmé en appel après annulation par la Cour de cassation.",NON_LIEU,AGRESSION_SEXUELLE,2009-03-17T00:00:00.000Z,Non spécifié,Non spécifié,2009.0,,,Non spécifié,False,cmksfns7y0008a4v563zw669f,Gérald Darmanin,gerald-darmanin,RE,Renaissance,Non spécifié,Non spécifié,Non spécifié,Non spécifié,43.0,1982.0,Non spécifié
cmlv84p860097emv5crf8qudm,gerald-darmanin-psg-complicite-de-fraude-fiscale,Affaire du PSG - complicité de fraude fiscale,"[Gérald Darmanin](/politiques/gerald-darmanin), ministre de l'Économie et des Finances, membre du groupe [Renaissance](/partis/renaissance), est au cœur d'une enquête préliminaire portant sur des soupçons de complicité de fraude fiscale impliquant le Paris Saint-Germain. En janvier 2024, des révélations de Mediapart suggèrent que Darmanin aurait facilité des montages fiscaux au bénéfice du club parisien concernant un transfert de joueur, causant un préjudice estimé au Trésor public. Saisi de ces informations, la députée Manon Aubry demande l'ouverture d'une enquête judiciaire. Le 15 janvier 2024, les magistrats ordonnent une perquisition des locaux de la DGPIP au ministère de l'Économie et des Finances, signalant l'ampleur des investigations. En septembre 2024, Mediapart rapporte que les enquêteurs auraient accumulé des éléments matériels, notamment des correspondances SMS, établissant potentiellement l'implication directe de Darmanin dans les arrangements fiscaux du PSG. L'enquête préliminaire reste en cours et aucune mise en examen n'a été officiellement annoncée à ce jour. La procédure suit son cours judiciaire normal. Cette affaire s'ajoute aux précédentes difficultés judiciaires du ministre, notamment [des accusations de viol et de harcèlement](/affaires/gerald-darmanin-accusations-de-viol-et-de-harcelement-affaire-sophie-patterson-spatz).",ENQUETE_PRELIMINAIRE,FRAUDE_FISCALE,2024-01-01T00:00:00.000Z,Non spécifié,Non spécifié,2024.0,,,Non spécifié,False,cmksfns7y0008a4v563zw669f,Gérald Darmanin,gerald-darmanin,RE,Renaissance,Non spécifié,Non spécifié,Non spécifié,Non spécifié,43.0,1982.0,Non spécifié
cmlv84p3c008vemv5a0ou7vch,eric-coquerel-plainte-de-sophie-tissier-contre-eric-coquerel-pour-agression-et-harcelement-sexuels,Plainte de Sophie Tissier contre Éric Coquerel pour agression et harcèlement sexuels,"Sophie Tissier accuse Éric Coquerel de faits pouvant s'apparenter à une agression sexuelle datant du 23 août 2014 à Grenoble, lors d'une soirée dansante où il aurait eu des ""gestes appuyés"", effleurant ses fesses et la prenant par la taille et les hanches avec insistance. Elle dépose une première plainte en juillet 2022 pour agression et harcèlement sexuels, juste après la nomination de Coquerel à la présidence de la commission des Finances de l'Assemblée nationale. Éric Coquerel est entendu en audition libre et l'enquête est classée sans suite en février 2023 par le parquet de Paris pour ""infraction insuffisamment caractérisée"". Sophie Tissier dépose une nouvelle plainte avec constitution de partie civile le 21 juin 2024, visant à obtenir la désignation d'un juge d'instruction. L'affaire s'inscrit dans un contexte de critiques sur la gestion par LFI des accusations de violences sexuelles, Éric Coquerel ayant reçu le soutien de Jean-Luc Mélenchon.",CLASSEMENT_SANS_SUITE,AGRESSION_SEXUELLE,2014-08-23T00:00:00.000Z,Non spécifié,2023-02-20T00:00:00.000Z,2014.0,2023.0,,Non spécifié,False,cmkjnzorf009kvtv59v0i83sf,Éric Coquerel,eric-coquerel,LFI,La France insoumise,Non spécifié,Non spécifié,Non spécifié,Non spécifié,67.0,1958.0,Non spécifié
cmlv84oyl008semv5tl5qwoef,eric-ciotti-enquete-pour-conservation-de-donnees-a-caractere-personnel-sensibles,Enquête pour conservation de données à caractère personnel sensibles,"[Éric Ciotti](/politiques/eric-ciotti), député de la 1ère circonscription des Alpes-Maritimes et président de l'[Union des démocrates pour la République](/partis/union-des-democrates-pour-la-republique), fait l'objet d'une enquête préliminaire depuis mai 2025 concernant des faits de conservation de données à caractère personnel sensibles. L'enquête porte spécifiquement sur l'enregistrement ou la conservation de données sensibles sans le consentement des personnes concernées. Une perquisition a été menée en août 2025 dans le cadre de cette investigation. Cet dossier s'inscrit dans un contexte d'enjeux judiciaires plus larges pour le politicien, qui fait face à d'autres investigations. Plusieurs enquêtes précédentes ont concerné des faits présumés de [détournement de fonds publics du conseil départemental des Alpes-Maritimes](/affaires/eric-ciotti-detournement-de-fonds-publics-du-conseil-departemental-des-alpes-maritimes) et des [détournements de fonds publics lors de la campagne législative de 2022](/affaires/eric-ciotti-detournement-de-fonds-publics-lors-de-la-campagne-legislative-de-2022). À ce stade, étant en phase d'enquête préliminaire, aucune mise en examen n'a été prononcée. La présomption d'innocence s'applique à l'égard du politicien. L'évolution de ce dossier dépendra des conclusions de l'enquête menée par les autorités compétentes.",ENQUETE_PRELIMINAIRE,AUTRE,Non spécifié,2025-08-12T00:00:00.000Z,Non spécifié,,,,Non spécifié,False,cmkjnz3to001ivtv5a7ev4v6z,Éric Ciotti,eric-ciotti,UDR,Union des démocrates pour la République,Non spécifié,Non spécifié,Non spécifié,Non spécifié,60.0,1965.0,Non spécifié
cmlv84ou3008nemv50iob6qja,eric-ciotti-detournement-de-fonds-publics-lors-de-la-campagne-legislative-de-2022,Détournement de fonds publics lors de la campagne législative de 2022,"[Éric Ciotti](/politiques/eric-ciotti), député de la 1ère circonscription des Alpes-Maritimes et membre de l'[Union des démocrates pour la République](/partis/union-des-democrates-pour-la-republique), est mis en cause dans une enquête ouverte le 31 mai 2024 par le parquet de Nice suite au signalement de l'association Anticor. L'enquête porte sur des détournements présumés de fonds publics lors de la campagne législative de 2022. Elle vise notamment l'utilisation gratuite de cartes de parking mises à disposition par la Chambre de commerce et d'industrie locale. Huit personnes sont impliquées dans cette enquête, dont M. Ciotti et plusieurs de ses collaborateurs directs. Le 20 novembre 2024, les locaux de sa permanence électorale à Nice ont fait l'objet d'une perquisition dans le cadre de cette investigation. L'affaire demeure actuellement au stade de l'enquête préliminaire et aucune mise en examen n'a été prononcée à ce stade. M. Ciotti bénéficie de la présomption d'innocence. Cette enquête s'ajoute à d'autres investigations le concernant, notamment des [détournements de fonds publics au conseil départemental des Alpes-Maritimes](/affaires/eric-ciotti-detournement-de-fonds-publics-du-conseil-departemental-des-alpes-maritimes) et une [enquête pour conservation de données à caractère personnel sensibles](/affaires/eric-ciotti-enquete-pour-conservation-de-donnees-a-caractere-personnel-sensibles).",ENQUETE_PRELIMINAIRE,DETOURNEMENT_FONDS_PUBLICS,2022-01-01T00:00:00.000Z,Non spécifié,Non spécifié,2022.0,,,Non spécifié,False,cmkjnz3to001ivtv5a7ev4v6z,Éric Ciotti,eric-ciotti,UDR,Union des démocrates pour la République,Non spécifié,Non spécifié,Non spécifié,Non spécifié,60.0,1965.0,Non spécifié
cmlv84opk008kemv52i565o6i,eric-ciotti-detournement-de-fonds-publics-visant-ciotti-et-ses-collaborateurs-mai-2024,Détournement de fonds publics visant Ciotti et ses collaborateurs (mai 2024),"[Éric Ciotti](/politiques/eric-ciotti), député de la 1ère circonscription des Alpes-Maritimes et président de l'[Union des démocrates pour la République](/partis/union-des-democrates-pour-la-republique), fait l'objet d'une enquête préliminaire ouverte en mai 2024 par le parquet de Nice pour détournement de fonds publics. Cette enquête cible directement le politicien et ses collaborateurs. Elle s'inscrit dans un contexte de contrôles judiciaires répétés visant Ciotti, qui connaît plusieurs procédures simultanées pour des soupçons de malversations de deniers publics. Selon le statut judiciaire, il s'agit actuellement d'une enquête préliminaire. À ce stade, aucune mise en examen n'a été prononcée. Les investigations menées par les autorités judiciaires concernent les conditions de gestion des fonds publics et leur utilisation présumée détournée. Cette procédure intervient après d'autres affaires impliquant le même politicien, notamment des soupçons antérieurs relatifs à la [gestion du conseil départemental des Alpes-Maritimes](/affaires/eric-ciotti-detournement-de-fonds-publics-du-conseil-departemental-des-alpes-maritimes) et aux [allocations versées lors de la campagne législative de 2022](/affaires/eric-ciotti-detournement-de-fonds-publics-lors-de-la-campagne-legislative-de-2022). Sous réserve de la présomption d'innocence, l'enquête du parquet de Nice demeure en cours à ce stade.",ENQUETE_PRELIMINAIRE,DETOURNEMENT_FONDS_PUBLICS,Non spécifié,2024-05-14T00:00:00.000Z,Non spécifié,,,,Non spécifié,False,cmkjnz3to001ivtv5a7ev4v6z,Éric Ciotti,eric-ciotti,UDR,Union des démocrates pour la République,Non spécifié,Non spécifié,Non spécifié,Non spécifié,60.0,1965.0,Non spécifié
cmlv84okz008eemv5vczlu1db,eric-ciotti-cumul-d-emplois-de-caroline-magne-ex-epouse,Affaire du cumul d'emplois de Caroline Magne (ex-épouse),"[Éric Ciotti](/politiques/eric-ciotti), député de la 1ère circonscription des Alpes-Maritimes et membre de l'[Union des démocrates pour la République](/partis/union-des-democrates-pour-la-republique), a été au cœur d'une enquête concernant le cumul d'emplois de son ancienne compagne, Caroline Magne. En novembre 2022, le journal Le Canard enchaîné révèle que Caroline Magne a cumulé pendant environ dix ans trois emplois distincts, dont celui d'assistante parlementaire auprès de [Ciotti](/politiques/eric-ciotti) à partir de juin 2007. Cette situation soulève des questions sur l'utilisation des fonds publics destinés aux collaborateurs parlementaires. Le Parquet national financier ouvre une enquête pour détournement de fonds publics afin d'examiner les conditions de ce cumul d'emplois et ses implications financières. Après son instruction, l'enquête est classée sans suite en octobre 2024, mettant fin aux poursuites judiciaires. Cette affaire s'inscrit dans un contexte plus large de plusieurs enquêtes ayant impliqué [Ciotti](/politiques/eric-ciotti), notamment des investigations sur le [détournement de fonds publics du conseil départemental des Alpes-Maritimes](/affaires/eric-ciotti-detournement-de-fonds-publics-du-conseil-departemental-des-alpes-maritimes) et d'autres affaires liées à la gestion de fonds publics.",CLASSEMENT_SANS_SUITE,DETOURNEMENT_FONDS_PUBLICS,2007-06-01T00:00:00.000Z,Non spécifié,Non spécifié,2007.0,,,Non spécifié,False,cmkjnz3to001ivtv5a7ev4v6z,Éric Ciotti,eric-ciotti,UDR,Union des démocrates pour la République,Non spécifié,Non spécifié,Non spécifié,Non spécifié,60.0,1965.0,Non spécifié
cmlv84og7008aemv5c9j3tnhy,eric-ciotti-detournement-de-fonds-publics-du-conseil-departemental-des-alpes-maritimes,Détournement de fonds publics du conseil départemental des Alpes-Maritimes,"[Éric Ciotti](/politiques/eric-ciotti), député de la 1ère circonscription des Alpes-Maritimes et ancien président du conseil départemental, est visé par une enquête préliminaire du parquet de Nice concernant l'utilisation de moyens publics après sa démission de la présidence en septembre 2017. L'enquête, ouverte en 2020, porte sur le soupçon d'usage indu des ressources du conseil départemental des Alpes-Maritimes. En janvier 2025, l'association Anticor a déposé une nouvelle plainte pour recel de détournement de fonds publics, alléguant notamment la mise à disposition d'un véhicule et le financement de collaborateurs parlementaires directement rémunérés par le conseil départemental. Ces faits sont consécutifs à la fin du mandat de [Ciotti](/politiques/eric-ciotti) à la tête de l'exécutif départemental en septembre 2017, période au cours de laquelle il demeurait également parlementaire. La procédure actuellement en phase préliminaire vise à établir les fondements de la poursuite éventuelle. Cette affaire s'inscrit dans un contexte plus large de plusieurs investigations judiciaires concernant le politicien alpin, notamment l'[affaire du détournement de fonds publics lors de la campagne législative de 2022](/affaires/eric-ciotti-detournement-de-fonds-publics-lors-de-la-campagne-legislative-de-2022) et d'autres dossiers afférents à la gestion de moyens publics. Sous la présomption d'innocence, l'enquête préliminaire demeure à ce stade dans sa phase informatrice.",ENQUETE_PRELIMINAIRE,DETOURNEMENT_FONDS_PUBLICS,2017-09-01T00:00:00.000Z,Non spécifié,Non spécifié,2017.0,,,Non spécifié,False,cmkjnz3to001ivtv5a7ev4v6z,Éric Ciotti,eric-ciotti,UDR,Union des démocrates pour la République,Non spécifié,Non spécifié,Non spécifié,Non spécifié,60.0,1965.0,Non spécifié
cmlv84obk0087emv5b6889z1y,jacques-chirac-borrel-instruction-pour-pressions-sur-la-justice,Affaire Borrel : instruction pour pressions sur la justice,"À partir de 2004-2005, Jacques Chirac et la présidence de la République sont soupçonnés d'avoir exercé des pressions sur la justice dans le cadre de l'affaire Borrel, concernant l'assassinat du juge Bernard Borrel à Djibouti en 1995. En juillet 2007, les juges d'instruction Fabienne Pous et Michèle Ganascia enquêtant sur ces pressions ont perquisitionné chez Michel de Bonnecorse, ancien responsable de la cellule africaine de l'Élysée sous Chirac. Les magistrates avaient auparavant perquisitionné au Quai d'Orsay et à la Chancellerie en avril 2007, avant d'être refoulées à l'Élysée en mai. La veuve du juge Borrel a porté plainte contre Bonnecorse pour des déclarations qu'elle considère comme une ingérence du pouvoir politique contraire au principe de séparation des pouvoirs.",CLASSEMENT_SANS_SUITE,AUTRE,1995-10-19T00:00:00.000Z,Non spécifié,Non spécifié,1995.0,,,Non spécifié,False,cmkjtn0a0005c9lv5i2ahyhec,Jacques Chirac,jacques-chirac,RPR,Rassemblement pour la République,Non spécifié,Non spécifié,Non spécifié,Non spécifié,93.0,1932.0,Non spécifié
cmlv84o6u0082emv5ovuefz3k,jacques-chirac-compte-japonais-de-jacques-chirac,Affaire du compte japonais de Jacques Chirac,"À partir de 1996, la DGSE a mené des investigations sur l'existence présumée d'un compte bancaire de Jacques Chirac à la Tokyo Sowa Bank au Japon, crédité de 300 millions de francs (49 millions d'euros), suite à un article paru dans l'hebdomadaire japonais Shukan Post. Une enquête interne de la DGSE de janvier 2002 a révélé que ces investigations, menées par Gilbert Flam sans directive hiérarchique claire, n'avaient jamais été conduites de manière approfondie et que l'information initiale n'avait jamais été recoupée. L'Élysée a démenti catégoriquement l'existence de ce compte. En 2008, le juge Jean-François Redonnet du tribunal de Papeete a perquisitionné la DGSE et placé sous scellés 17 documents classifiés liés à cette affaire, dans le cadre de l'enquête sur la disparition du journaliste Jean-Pascal Couraud. Une enquête commandée par l'avocat de Jacques Chirac auprès de l'ex-Sowa Bank a conclu à l'inexistence de ce compte, confirmant qu'aucun élément tangible n'est jamais venu étayer cette rumeur.",CLASSEMENT_SANS_SUITE,AUTRE,1992-01-01T00:00:00.000Z,Non spécifié,Non spécifié,1992.0,,,Non spécifié,False,cmkjtn0a0005c9lv5i2ahyhec,Jacques Chirac,jacques-chirac,RPR,Rassemblement pour la République,Non spécifié,Non spécifié,Non spécifié,Non spécifié,93.0,1932.0,Non spécifié
cmlv84o1g007nemv5hr380rf0,sophia-chikirou-mise-en-examen-de-sophia-chikirou-pour-escroquerie-aggravee-dans-l-affaire-des-comptes-de-campagne-de-jean-luc-melenchon-2017,Mise en examen de Sophia Chikirou pour escroquerie aggravée dans l'affaire des comptes de campagne de Jean-Luc Mélenchon 2017,"Sophia Chikirou, députée LFI de Paris et ancienne directrice de communication de Jean-Luc Mélenchon, a été mise en examen le 24 septembre 2024 pour escroquerie aggravée, abus de biens sociaux et recel d'abus de confiance. Elle est soupçonnée d'avoir surfacturé, via son agence de communication Mediascop, des prestations lors de la campagne présidentielle de 2017. La Commission nationale des comptes de campagne avait signalé 54 600 euros facturés par Mediascop, dont 35 250 euros avaient été retranchés pour écarts significatifs tarifaires. L'enquête, ouverte en avril 2018 après les signalements de la CNCCFP et de Tracfin, a donné lieu à des perquisitions spectaculaires en octobre 2018. Sophia Chikirou conteste fermement les faits et dénonce un acharnement judiciaire.",MISE_EN_EXAMEN,FINANCEMENT_ILLEGAL_CAMPAGNE,2017-01-01T00:00:00.000Z,Non spécifié,2024-09-24T00:00:00.000Z,2017.0,2024.0,,Non spécifié,False,cmkjnzvj400c6vtv56rut91p0,Sophia Chikirou,sophia-chikirou,LFI,La France insoumise,Non spécifié,Non spécifié,Non spécifié,Non spécifié,46.0,1979.0,Non spécifié
cmlv84nmo006semv5qkwhkyzd,sophia-chikirou-renvoi-en-jugement-de-sophia-chikirou-pour-escroquerie-dans-l-affaire-le-media,Renvoi en jugement de Sophia Chikirou pour escroquerie dans l'affaire Le Média,"Sophia Chikirou, députée et candidate LFI à la mairie de Paris, sera jugée le 12 mai 2026 devant le tribunal correctionnel de Paris pour escroquerie. Elle est soupçonnée d'avoir tenté en juillet 2018 de tromper la banque Crédit du Nord au préjudice de la société Le Média, en se présentant comme présidente de la société alors qu'elle n'avait plus cette qualité, et d'avoir demandé des virements pour plus de 67 000 euros qui n'ont finalement pas abouti faute de fonds suffisants. Elle est également poursuivie pour soustraction frauduleuse de deux formules de chèque. L'enquête a été menée par la section financière de la Juridiction nationale de lutte contre la criminalité organisée (Junalco). Sophia Chikirou conteste ces accusations et dénonce un procès à visée politique, affirmant qu'un accord entre les deux sociétés a été conclu depuis et qu'il n'y a plus de plaignant ni de préjudice.",RENVOI_TRIBUNAL,ABUS_CONFIANCE,2018-07-01T00:00:00.000Z,Non spécifié,Non spécifié,2018.0,,,Non spécifié,False,cmkjnzvj400c6vtv56rut91p0,Sophia Chikirou,sophia-chikirou,LFI,La France insoumise,Non spécifié,Non spécifié,Non spécifié,Non spécifié,46.0,1979.0,Non spécifié
cmlv84ncb006memv5jzasrwxi,sebastien-chenu-condamnation-aux-prud-hommes-pour-licenciement-abusif,Condamnation aux prud'hommes pour licenciement abusif,"[Sébastien Chenu](/politiques/sebastien-chenu), député de la 19ème circonscription et membre du [Rassemblement National](/partis/rassemblement-national), a été condamné aux prud'hommes fin juin 2025 pour licenciement abusif. Caroline Varlet, son ancienne assistante parlementaire, a obtenu gain de cause devant le Conseil de prud'hommes. Le Conseil a estimé que le licenciement ne reposait sur aucune cause réelle et sérieuse. Le contrat à durée déterminée (CDD) de Varlet a été judicalement requalifié en contrat à durée indéterminée (CDI), tandis que son statut en temps partiel a été reconnu comme correspondant à un temps complet de facto. Par sa décision du 30 juin 2025, le Conseil a condamné Chenu à verser 8 771,95 euros d'indemnités couvrant les rappels de salaires et les congés payés non versés, complétés par 1 500 euros au titre de l'article 700 du code de procédure civile (frais de procédure). Le montant total dépassait 10 000 euros. Cette condamnation en première instance établit la responsabilité du député dans le contentieux du travail concernant la gestion de son équipe parlementaire.",CONDAMNATION_PREMIERE_INSTANCE,AUTRE,Non spécifié,2025-06-30T00:00:00.000Z,2025-06-30T00:00:00.000Z,,2025.0,0.0,Non spécifié,False,cmkjnzlkc008cvtv5k66l0mhj,Sébastien Chenu,sebastien-chenu,RN,Rassemblement National,Non spécifié,Non spécifié,Non spécifié,Non spécifié,52.0,1973.0,Non spécifié
cmlv84n7d006jemv5je06qugk,alain-cazabonne-marches-publics-de-talence,Affaire des marchés publics de Talence,"[Alain Cazabonne](/politiques/alain-cazabonne), sénateur de la Gironde, a été condamné en 2018 par le tribunal correctionnel de Bordeaux pour prise illégale d'intérêts. À l'époque des faits, il était maire de Talence et membre du [Mouvement démocrate](/partis/mouvement-democrate). En 2015, Cazabonne avait attribué deux marchés publics municipaux à une entreprise de bureautique qu'il avait lui-même fondée. Cette société était gérée par son frère jumeau Didier, ce qui créait un conflit d'intérêts manifeste. Ces passations de marchés ont eu lieu durant son mandat municipal sans déclaration ou mise à distance appropriée. Le tribunal correctionnel a retenu la prise illégale d'intérêts et a prononcé une condamnation à 5 000 euros d'amende. Cazabonne a cependant été relaxé des poursuites pour favoritisme, le tribunal n'ayant pas reconnu les conditions de cette infraction. Cette condamnation de première instance souligne les risques de confusion entre intérêts personnels et gestion publique, particulièrement dans le cadre de marchés publics où l'impartialité doit être garantie. La sentence reflète une violation du principe de désintéressement attendu des élus locaux.",CONDAMNATION_DEFINITIVE,PRISE_ILLEGALE_INTERETS,2015-01-01T00:00:00.000Z,Non spécifié,Non spécifié,2015.0,,,Non spécifié,False,cmksfe7c8010bc0v5oi6ceze3,Alain Cazabonne,alain-cazabonne,MoDem,Mouvement démocrate,Non spécifié,Non spécifié,Non spécifié,Non spécifié,81.0,1944.0,Non spécifié
cmlv84mxv006bemv57v2o73aa,valerie-boyer-condamnation-pour-harcelement-moral-et-licenciement-abusif,Condamnation pour harcèlement moral et licenciement abusif,"[Valérie Boyer](/politiques/valerie-boyer), sénatrice des Bouches-du-Rhône et membre des [Républicains](/partis/les-republicains), a été condamnée définitivement pour harcèlement moral et licenciement abusif. En novembre 2015, le conseil des prud'hommes a jugé que la sénatrice avait commis du harcèlement moral envers son assistante parlementaire et l'avait licenciée abusivement. Cette première condamnation l'obligeait à verser une indemnité de 37 000 €. [Valérie Boyer](/politiques/valerie-boyer) a contesté ce jugement en appel. La cour d'appel d'Aix-en-Provence a examiné l'affaire et a rendu son verdict en décembre 2017, confirmant la condamnation pour harcèlement moral et licenciement abusif. Toutefois, la cour d'appel a réduit le montant de l'indemnité à 17 000 €. Cette décision d'appel a acquis force de chose jugée, mettant fin définitivement à la procédure. La condamnation reconnaît que [Valérie Boyer](/politiques/valerie-boyer) s'était comportée de manière abusive envers une salariée placée sous son autorité directe à titre professionnel.",CONDAMNATION_DEFINITIVE,HARCELEMENT_MORAL,Non spécifié,2018-01-08T00:00:00.000Z,Non spécifié,,,,Non spécifié,False,cmksfd9up00jfc0v5wemviy6g,Valérie Boyer,valerie-boyer,LR,Les Républicains,Non spécifié,Non spécifié,Non spécifié,Non spécifié,63.0,1962.0,Non spécifié
cmlv84mt50066emv5ogvizz40,manuel-bompard-condamnation-de-manuel-bompard-pour-rebellion-lors-de-la-perquisition-au-siege-de-lfi,Condamnation de Manuel Bompard pour rébellion lors de la perquisition au siège de LFI,"Lors d'une perquisition menée le 16 octobre 2018 par l'OCLCIFF dans les locaux de La France insoumise dans le cadre d'enquêtes sur les comptes de campagne 2017 et les emplois fictifs au Parlement européen, Manuel Bompard s'oppose aux forces de l'ordre aux côtés de Jean-Luc Mélenchon et d'autres cadres du mouvement. Un procès en correctionnelle se tient en septembre 2019 au tribunal correctionnel de Bobigny pour actes d'intimidation contre l'autorité judiciaire et rébellion commise en réunion. Le 9 décembre 2019, Manuel Bompard, alors eurodéputé, est condamné à une amende de 7 000 euros. Cinq autres membres de LFI sont jugés dans la même affaire, dont Jean-Luc Mélenchon condamné à trois mois avec sursis et 8 000 euros d'amende, tandis qu'Alexis Corbière est relaxé.",CONDAMNATION_DEFINITIVE,AUTRE,2018-10-16T00:00:00.000Z,Non spécifié,2019-12-09T00:00:00.000Z,2018.0,2019.0,,Non spécifié,False,cmkjo00d000e0vtv5zdla4lih,Manuel Bompard,manuel-bompard,LFI,La France insoumise,Non spécifié,Non spécifié,Non spécifié,Non spécifié,39.0,1986.0,Non spécifié
cmlv84mje0060emv5x20tjvmq,frederic-boccaletti-condamnation-de-frederic-boccaletti-pour-violence-en-reunion-avec-arme,Condamnation de Frédéric Boccaletti pour violence en réunion avec arme,"En août 2000, Frédéric Boccaletti, alors secrétaire départemental adjoint du MNR dans le Var et âgé de 26 ans, est condamné par le tribunal correctionnel de Toulon à un an de prison dont six mois ferme pour violence en réunion avec arme. Les faits remontent au 7 août 2000 lors d'un collage d'affiches avec un autre militant : une altercation avec cinq jeunes à Six-Fours dégénère en course-poursuite, durant laquelle deux coups de feu sont tirés à l'aide d'une arme détenue par Boccaletti et utilisée par son accompagnateur de 19 ans, sans faire de blessé. Boccaletti justifie la détention de l'arme par des menaces antérieures et l'incendie de sa librairie. Il purge quatre mois de prison à la prison Saint-Roch de Toulon avant d'être libéré pour raisons de santé.",CONDAMNATION_DEFINITIVE,VIOLENCE,2000-08-07T00:00:00.000Z,Non spécifié,2000-08-12T00:00:00.000Z,2000.0,2000.0,,Non spécifié,False,cmkjo0q7700o0vtv5ifbdd6fr,Frédéric Boccaletti,frederic-boccaletti,MNR,Mouvement national républicain,Non spécifié,Non spécifié,Non spécifié,Non spécifié,52.0,1973.0,Non spécifié
cmlv84mep005wemv5i1botyi5,frederic-boccaletti-accusation-de-violence-conjugale-1999,Accusation de violence conjugale (1999),"[Frédéric Boccaletti](/politiques/frederic-boccaletti), alors membre du [Mouvement national républicain](/partis/mouvement-national-republicain) et actuellement député de la 7ème circonscription au [Rassemblement National](/partis/rassemblement-national), a été mis en cause dans une affaire de violences conjugales en 1999. En avril 1999, son ex-épouse, Sylvie, a déposé plainte au commissariat de Toulon pour violences conjugales. Le certificat médical établi dans le cadre de cette plainte attestait la présence d'hématomes, d'ecchymoses, de contusions et d'une morsure, avec une incapacité totale de travail (ITT) estimée à 8 jours. L'enquête menée suite à cette plainte s'est conclue par un classement sans suite le 20 juin 2000. Après cette décision, Boccaletti a déposé une main courante et adressé un courrier au procureur pour dénoncer ce qu'il qualifiait de dénonciation calomnieuse. Sous le principe de la présomption d'innocence, cette affaire ne comporte pas de condamnation définitive. Elle demeure classée sans suite au plan judiciaire.",CLASSEMENT_SANS_SUITE,VIOLENCE,1999-04-01T00:00:00.000Z,Non spécifié,Non spécifié,1999.0,,,Non spécifié,False,cmkjo0q7700o0vtv5ifbdd6fr,Frédéric Boccaletti,frederic-boccaletti,MNR,Mouvement national républicain,Non spécifié,Non spécifié,Non spécifié,Non spécifié,52.0,1973.0,Non spécifié
cmlv84m9r005nemv5be7mwuom,carlos-martens-bilongo-enquete-pour-blanchiment-de-fraude-fiscale-visant-carlos-martens-bilongo,Enquête pour blanchiment de fraude fiscale visant Carlos Martens Bilongo,"En mai 2023, le parquet de Pontoise ouvre une enquête préliminaire mi-avril visant le député LFI Carlos Martens Bilongo pour blanchiment de fraude fiscale, abus de biens sociaux et manquement de déclaration à la HATVP. L'enquête fait suite à un signalement de Tracfin, la cellule anti-blanchiment de Bercy, qui aurait identifié des flux bancaires irréguliers sur la période 2018-2022. Le député est soupçonné d'avoir dissimulé environ 200 000 euros aux autorités, notamment par la minoration du chiffre d'affaires d'une de ses sociétés (Espace Code) et l'encaissement de virements et d'espèces alors qu'il déclarait ne toucher aucune rémunération de ses sociétés. Tracfin signale également un compte non-déclaré à l'étranger, que le député conteste, évoquant uniquement l'utilisation de l'application Revolut. L'enquête est classée sans suite en janvier 2025, concluant à l'absence d'infraction.",CLASSEMENT_SANS_SUITE,BLANCHIMENT,2018-01-01T00:00:00.000Z,Non spécifié,Non spécifié,2018.0,,,Non spécifié,False,cmkjo0lpj00m8vtv5jte17n44,Carlos Martens Bilongo,carlos-martens-bilongo,LFI,La France insoumise,Non spécifié,Non spécifié,Non spécifié,Non spécifié,35.0,1990.0,Non spécifié
cmlv84m4y005kemv5omrl65te,bruno-bilde-condamnation-de-bruno-bilde-pour-diffamation-envers-florence-binaisse,Condamnation de Bruno Bilde pour diffamation envers Florence Binaisse,"En septembre 2016, Bruno Bilde, député et conseiller municipal RN d'Hénin-Beaumont, publie dans le magazine municipal un article accusant à tort Florence Binaisse, fille de l'ancien maire Eugène Binaisse, d'avoir été embauchée par la mairie de Montigny-en-Gohelle après sa défaite aux élections municipales. En réalité, Florence Binaisse est auxiliaire de vie employée par l'Éducation nationale, et non par la mairie. Le tribunal correctionnel de Béthune le condamne pour diffamation en 2017, condamnation confirmée en appel par la cour d'appel de Douai en juillet 2018. Bruno Bilde est condamné à 100 euros d'amende et 100 euros de dommages et intérêts. Il s'est pourvu en cassation, déclarant vouloir aller ""devant la Cour européenne des Droits de l'Homme s'il le faut"".",CONDAMNATION_DEFINITIVE,DIFFAMATION,2016-09-01T00:00:00.000Z,Non spécifié,2018-07-01T00:00:00.000Z,2016.0,2018.0,,Non spécifié,False,cmkjnzmqk008svtv5f72lwu32,Bruno Bilde,bruno-bilde,RN,Rassemblement National,Non spécifié,Non spécifié,Non spécifié,Non spécifié,49.0,1976.0,Non spécifié
cmlv84m05005hemv5df9bk44p,bruno-bilde-condamnation-de-bruno-bilde-pour-diffamation-envers-la-fille-de-l-ancien-maire-d-henin-beaumont,Condamnation de Bruno Bilde pour diffamation envers la fille de l'ancien maire d'Hénin-Beaumont,"[Bruno Bilde](/politiques/bruno-bilde), député [Rassemblement National](/partis/rassemblement-national) et conseiller municipal d'Hénin-Beaumont, a été poursuivi pour diffamation publique envers Florence Binaisse, fille d'Eugène Binaisse, ancien maire de la commune. En 2018, le tribunal a condamné [Bruno Bilde](/politiques/bruno-bilde) pour avoir accusé à tort Florence Binaisse d'avoir été embauchée par la mairie de Montigny. Cette accusation s'était avérée inexacte. La condamnation a été confirmée en appel le 5 septembre 2018. Selon La Voix du Nord en novembre 2019, cette condamnation est devenue définitive, [Bruno Bilde](/politiques/bruno-bilde) étant désormais « définitivement déclaré coupable de diffamation publique ». Cette affaire de diffamation s'inscrit dans un contexte plus large de contentieux judiciaires auxquels le magistrat politique a été confronté, notamment concernant ses accusations publiques et ses méthodes de communication politique. Le caractère définitif de cette condamnation a établi judiciairement que les propos diffamants ne reposaient sur aucun fondement factuel.",CONDAMNATION_DEFINITIVE,DIFFAMATION,Non spécifié,Non spécifié,2018-09-05T00:00:00.000Z,,2018.0,,Non spécifié,False,cmkjnzmqk008svtv5f72lwu32,Bruno Bilde,bruno-bilde,RN,Rassemblement National,Non spécifié,Non spécifié,Non spécifié,Non spécifié,49.0,1976.0,Non spécifié
cmlv84lql0059emv5dqb3lcr1,bruno-bilde-assistants-parlementaires-du-front-national-au-parlement-europeen-bruno-bilde,Affaire des assistants parlementaires du Front national au Parlement européen - Bruno Bilde,"Bruno Bilde fait partie des assistants parlementaires du Front national suspectés de détournement de fonds publics au Parlement européen. En 2015, il est visé par une enquête de l'Office européen antifraude (OLAF) concernant 29 assistants soupçonnés de percevoir des rémunérations européennes alors qu'ils travaillaient exclusivement pour le FN en France. En 2017, il est également mis en cause pour avoir été embauché comme assistant de l'eurodéputée Sophie Montel alors que sa propre mère, Dominique Bilde, siégeait au Parlement européen, ce qui pourrait constituer un détournement du règlement interdisant aux élus d'embaucher leurs proches. Un article du Monde de février 2026 évoque un procès en appel des assistants du FN au Parlement européen, avec des réquisitions contre Marine Le Pen concernant un système de détournement de 1,4 million d'euros.",PROCES_EN_COURS,DETOURNEMENT_FONDS_PUBLICS,2015-01-01T00:00:00.000Z,Non spécifié,Non spécifié,2015.0,,,Non spécifié,False,cmkjnzmqk008svtv5f72lwu32,Bruno Bilde,bruno-bilde,RN,Rassemblement National,Non spécifié,Non spécifié,Non spécifié,Non spécifié,49.0,1976.0,Non spécifié
cmlv84lkc004zemv5ifbjpbgt,bruno-bilde-accusations-de-harcelement-sexuel-envers-bruno-bilde-par-d-anciens-assistants-parlementaires,Accusations de harcèlement sexuel envers Bruno Bilde par d'anciens assistants parlementaires,"En novembre 2017, trois anciens assistants parlementaires du Front national accusent Bruno Bilde, député du Pas-de-Calais et conseiller spécial de Marine Le Pen, de harcèlement sexuel. Les témoignages évoquent des propos graveleux répétés (""tu as un beau cul""), des attouchements (""mains aux fesses""), et des gestes déplacés sous couvert de camaraderie. Les accusateurs rapportent des pressions et tentatives d'intimidation de la part de membres du FN pour étouffer l'affaire, et reconnaissent des difficultés à constituer un dossier solide faute de témoignages d'appui. Bruno Bilde nie catégoriquement les faits et qualifie ses accusateurs de ""philippotistes"" cherchant à se venger. Les victimes présumées sollicitent les conseils d'un avocat mais renoncent finalement à porter plainte face aux pressions anticipées.",CLASSEMENT_SANS_SUITE,HARCELEMENT_SEXUEL,2017-11-01T00:00:00.000Z,Non spécifié,Non spécifié,2017.0,,,Non spécifié,False,cmkjnzmqk008svtv5f72lwu32,Bruno Bilde,bruno-bilde,RN,Rassemblement National,Non spécifié,Non spécifié,Non spécifié,Non spécifié,49.0,1976.0,Non spécifié
cmlv84lfi004wemv5i4rnge54,sylvain-berrios-harcelement-d-une-employee-municipale,Affaire de harcèlement d'une employée municipale,"[Sylvain Berrios](/politiques/sylvain-berrios), [Député de la 1ère circonscription](/politiques/sylvain-berrios) du groupe [Horizons](/partis/horizons), fait l'objet d'une instruction judiciaire pour des accusations de harcèlement moral envers une employée municipale. En novembre 2025, le magistrat convoque [Sylvain Berrios](/politiques/sylvain-berrios) à titre de mis en examen dans cette affaire de harcèlement. Selon les accusations, le comportement reprochéserait constituer du harcèlement moral à l'encontre d'une salariée de la collectivité locale. L'affaire demeure actuellement en phase d'instruction judiciaire. Les investigations menées par le juge d'instruction visent à établir les faits et les circonstances de cette accusation. Aucune décision définitive n'a été rendue à ce stade de la procédure. Il est rappelé que [Sylvain Berrios](/politiques/sylvain-berrios) bénéficie de la présomption d'innocence tant que les charges n'auront pas été établies judiciairement. Cette affaire s'inscrit dans un contexte où le parlementaire fait face à d'autres poursuites judiciaires, notamment l'[affaire de conflits d'intérêts et prise illégale d'intérêt relative à la SCI ABBARA](/affaires/sylvain-berrios-conflits-d-interets-et-prise-illegale-d-interet-sci-abbara).",INSTRUCTION,HARCELEMENT_MORAL,Non spécifié,2025-11-28T00:00:00.000Z,Non spécifié,,,,Non spécifié,False,cmkjnzc8p004svtv5lyl8iizo,Sylvain Berrios,sylvain-berrios,HOR,Horizons,Non spécifié,Non spécifié,Non spécifié,Non spécifié,57.0,1968.0,Non spécifié
cmlv84lau004semv5z02uy4pv,sylvain-berrios-conflits-d-interets-et-prise-illegale-d-interet-sci-abbara,Affaire de conflits d'intérêts et prise illégale d'intérêt (SCI ABBARA),"[Sylvain Berrios](/politiques/sylvain-berrios), député de la 1ère circonscription et membre du parti [Horizons](/partis/horizons), est visé par une enquête préliminaire du parquet de Créteil pour prise illégale d'intérêt et conflits d'intérêts. En mars 2024, l'association AC!! Anticorruption dépose plainte contre le parlementaire, soulevant des questions sur le statut de la SCI ABBARA, une société immobilière que [Sylvain Berrios](/politiques/sylvain-berrios) codétient à hauteur de 50% aux côtés de Hughes Anselin. Les accusations portent spécifiquement sur d'éventuels conflits d'intérêts liés à cette participation immobilière. Le 26 novembre 2024, Le Parisien révèle publiquement que le parquet de Créteil a ouvert une enquête préliminaire concernant cette affaire. Cette enquête porte sur la compatibilité de ces intérêts privés avec les fonctions publiques exercées par l'intéressé. Sous le régime de la présomption d'innocence, [Sylvain Berrios](/politiques/sylvain-berrios) conteste l'ensemble des accusations. L'enquête préliminaire est actuellement en cours, sans qu'une qualification définitive ne soit arrêtée à ce stade. Le dossier demeure à l'instruction du parquet de Créteil, qui déterminera la suite à donner aux investigations menées.",ENQUETE_PRELIMINAIRE,PRISE_ILLEGALE_INTERETS,Non spécifié,2024-11-26T00:00:00.000Z,Non spécifié,,,,Non spécifié,False,cmkjnzc8p004svtv5lyl8iizo,Sylvain Berrios,sylvain-berrios,HOR,Horizons,Non spécifié,Non spécifié,Non spécifié,Non spécifié,57.0,1968.0,Non spécifié
cmlv84l5z004hemv5oyn05syt,aurore-berge-collusion-avec-le-lobby-des-creches-privees-et-faux-temoignage,Affaire de collusion avec le lobby des crèches privées et faux témoignage,"En septembre 2024, le journaliste Victor Castanet accuse Aurore Bergé d'avoir entretenu des rapports étroits avec le lobby des crèches privées et d'avoir convenu d'un 'pacte de non agression' avec Elsa Hervy. En janvier 2025, une information judiciaire est ouverte par la Cour de justice de la République pour faux témoignage, suite à la transmission du dossier par le bureau de l'Assemblée nationale en octobre 2024. Des perquisitions sont menées en février 2025 aux domiciles d'Aurore Bergé et d'Elsa Hervy.",INSTRUCTION,FAUX_ET_USAGE_FAUX,2024-09-01T00:00:00.000Z,Non spécifié,Non spécifié,2024.0,,,Non spécifié,False,cmksfnup7001aa4v5ubsj5xa8,Aurore Bergé,aurore-berge,RE,Renaissance,Non spécifié,Non spécifié,Non spécifié,Non spécifié,39.0,1986.0,Non spécifié
cmlv84l15004cemv5wln9owtf,aurore-berge-plainte-pour-diffamation-par-le-rappeur-medine,Plainte pour diffamation par le rappeur Médine,"[Aurore Bergé](/politiques/aurore-berge), députée [Renaissance](/partis/renaissance), a été poursuivie en diffamation par le rappeur Médine suite à des propos tenus en février 2021. La plainte a été déposée le 23 février 2021 avec constitution de partie civile. Les faits reprochés concernent une qualification de Médine comme « rappeur islamiste » par la députée. Cette affaire s'inscrit dans un contexte de débats publics sur les questions identitaires et religieuses en France. La procédure judiciaire s'est déroulée devant les tribunaux compétents. Le jugement est intervenu le 13 mars 2025, avec une relaxe prononcée en faveur d'Aurore Bergé. Cette décision signifie que le tribunal n'a pas retenu la qualification de diffamation publique pour les propos incriminés. Cette relaxe implique qu'aux yeux du tribunal, les déclarations formulées ne constituaient pas une diffamation caractérisée au sens de la loi, ou bénéficiaient d'une forme de protection (notamment la critique ou le débat d'intérêt public). Aurore Bergé a été impliquée dans d'autres contentieux judiciaires, notamment l'affaire de [collusion avec le lobby des crèches privées et faux témoignage](/affaires/aurore-berge-collusion-avec-le-lobby-des-creches-privees-et-faux-temoignage).",RELAXE,DIFFAMATION,2021-02-23T00:00:00.000Z,Non spécifié,Non spécifié,2021.0,,,Non spécifié,False,cmksfnup7001aa4v5ubsj5xa8,Aurore Bergé,aurore-berge,RE,Renaissance,Non spécifié,Non spécifié,Non spécifié,Non spécifié,39.0,1986.0,Non spécifié
cmlv84kwa003yemv5p6enkr9b,francois-bayrou-accusations-de-mensonge-de-francois-bayrou-dans-l-affaire-betharram,Accusations de mensonge de François Bayrou dans l'affaire Bétharram,"François Bayrou, ancien ministre de l'Éducation nationale (1993-1997), est accusé d'avoir menti sur sa connaissance des violences physiques et sexuelles commises dans l'établissement catholique Notre-Dame de Bétharram (Pyrénées-Atlantiques) où plusieurs de ses enfants ont été scolarisés. Lors de son audition sous serment devant la commission d'enquête parlementaire le 14 mai 2025, il a affirmé n'avoir ""jamais été informé de quoi que ce soit"", mais ses déclarations sont contredites par plusieurs témoins (un ancien juge d'instruction, un ex-gendarme, une professeure) et par sa propre fille Hélène. Il a notamment admis avoir finalement rencontré le juge Mirande en 1998 qui enquêtait sur un viol impliquant un religieux de Bétharram, et un document du collectif des victimes contredit ses affirmations sur le licenciement d'un surveillant condamné. La gauche parlementaire l'accuse de ""parjure"" et évoque un possible signalement à la justice pour faux témoignage sous serment, tandis que François Bayrou dénonce une ""instrumentalisation"" politique et une ""campagne de destruction"".",ENQUETE_PRELIMINAIRE,AUTRE,1996-01-01T00:00:00.000Z,Non spécifié,Non spécifié,1996.0,,,Non spécifié,False,cmksfnrlj0000a4v5gfetwep1,François Bayrou,francois-bayrou,MoDem,Mouvement démocrate,Non spécifié,Non spécifié,Non spécifié,Non spécifié,74.0,1951.0,Non spécifié
cmlv84krj003iemv5bq8pc54p,francois-bayrou-relaxe-de-francois-bayrou-dans-l-affaire-des-assistants-parlementaires-du-modem-2,Relaxe de François Bayrou dans l'affaire des assistants parlementaires du MoDem,"François Bayrou était soupçonné d'être le décideur principal d'un système de détournement de fonds publics européens, entre 2005 et 2017, pour rémunérer des assistants parlementaires d'eurodéputés du MoDem qui travaillaient en réalité pour le parti en France. Le 5 février 2024, le tribunal correctionnel de Paris l'a relaxé ""au bénéfice du doute"", faute de preuves qu'il avait connaissance de la non-exécution des contrats. Le parquet a fait appel de cette décision de relaxe. Les autres prévenus, dont plusieurs anciens eurodéputés et l'ancien garde des sceaux Michel Mercier, ont été condamnés à des peines de prison avec sursis, amendes et peines d'inéligibilité. Le MoDem a été condamné à une amende de 300 000 euros.",APPEL_EN_COURS,DETOURNEMENT_FONDS_PUBLICS,2005-01-01T00:00:00.000Z,Non spécifié,2024-02-05T00:00:00.000Z,2005.0,2024.0,,Non spécifié,False,cmksfnrlj0000a4v5gfetwep1,François Bayrou,francois-bayrou,MoDem,Mouvement démocrate,Non spécifié,Non spécifié,Non spécifié,Non spécifié,74.0,1951.0,Non spécifié
cmlv84kcg0030emv5o9kr6ino,nicolas-bay-diffamation-envers-le-rappeur-medine,Affaire de diffamation envers le rappeur Médine,"[Nicolas Bay](/politiques/nicolas-bay), alors membre du [groupe Identité-Libertés](/partis/identite-libertes) au Parlement européen, a formulé en 2021 des accusations de proximité avec les Frères musulmans à l'encontre du rappeur Médine. Le rappeur a porté plainte pour diffamation en juin 2021. Cette action a débouché sur la mise en examen de Nicolas Bay en mai 2022 pour l'infraction de diffamation publique. Le procès s'est déroulé le 19 mars 2024. Le tribunal a considéré que les propos tenus constituaient une opinion plutôt qu'une accusation factuelle de nature diffamatoire. Nicolas Bay a été relaxé le 2 mai 2024. Cette affaire intervient dans un contexte marqué par les accusations de Nicolas Bay envers des figures publiques et activistes. Elle s'inscrit également dans un ensemble plus large de contentieux judiciaires impliquant l'ancien responsable d'Identité-Libertés, notamment [l'affaire des assistants parlementaires au Parlement européen](/affaires/nicolas-bay-assistants-parlementaires-du-front-national-au-parlement-europeen). La relaxation du 2 mai 2024 confirme que les déclarations au cœur du différend, bien que controversées, ont pu être qualifiées de discours d'opinion protégé par la liberté d'expression, plutôt que de faits imputés susceptibles de constituer une diffamation caractérisée.",RELAXE,DIFFAMATION,2021-06-01T00:00:00.000Z,Non spécifié,Non spécifié,2021.0,,,Non spécifié,False,cmksr6p3e002ua2v5maa5n6p3,Nicolas Bay,nicolas-bay,IDL,Identité-Libertés,Non spécifié,Non spécifié,Non spécifié,Non spécifié,48.0,1977.0,Non spécifié
cmlv84j9v0024emv539ktmaye,nicolas-bay-assistants-parlementaires-du-front-national-au-parlement-europeen,Affaire des assistants parlementaires du Front national au Parlement européen,"Nicolas Bay est mis en examen le 8 juin 2018 pour abus de confiance, puis sa mise en examen est requalifiée en détournement de fonds publics le 5 septembre 2018. Il est accusé d'avoir employé Timothée Houssin comme assistant parlementaire de juillet 2014 à mars 2015 sans preuves d'activité réelle. Le 31 mars 2025, il est condamné en première instance à 12 mois de prison dont 10 ferme et 3 ans d'inéligibilité. Son procès en appel a lieu du 13 janvier au 11 février 2026, avec une décision attendue le 7 juillet 2026.",APPEL_EN_COURS,DETOURNEMENT_FONDS_PUBLICS,2014-07-01T00:00:00.000Z,Non spécifié,2025-03-31T00:00:00.000Z,2014.0,2025.0,,Non spécifié,False,cmksr6p3e002ua2v5maa5n6p3,Nicolas Bay,nicolas-bay,IDL,Identité-Libertés,Non spécifié,Non spécifié,Non spécifié,Non spécifié,48.0,1977.0,Non spécifié
cmlv84j0h001zemv5t4j55gth,christophe-bay-accusations-de-harcelement-moral-et-d-agressions-sexuelles-contre-christophe-bay,Accusations de harcèlement moral et d'agressions sexuelles contre Christophe Bay,"Christophe Bay, ancien préfet de l'Aube (2011-2014) et de Dordogne (2014-2016), a fait l'objet de plusieurs enquêtes administratives pour harcèlement moral, accusations d'agressions sexuelles et abus de pouvoir. En septembre 2021, Le Monde révèle des accusations de harcèlement et d'agressions sexuelles, notamment un rapport de 2017 décrivant un comportement ""violent"" et ""capable de se venger"". En novembre 2021, Libération publie les témoignages d'anciens collaborateurs décrivant des maltraitances et un comportement colérique. Une plainte pour viol déposée en 2018 concernant des faits de 2011 a été classée sans suite. Les enquêtes administratives ont conduit à la fin de ses fonctions préfectorales en 2016, mais n'ont donné lieu à aucune sanction pénale ni poursuite judiciaire.",CLASSEMENT_SANS_SUITE,HARCELEMENT_MORAL,2011-01-01T00:00:00.000Z,Non spécifié,Non spécifié,2011.0,,,Non spécifié,False,cmksr6m81001fa2v5mb0u0xl2,Christophe Bay,christophe-bay,RN,Rassemblement National,Non spécifié,Non spécifié,Non spécifié,Non spécifié,63.0,1962.0,Non spécifié
cmlv84ivu001xemv5m8vityy1,christophe-bay-igs-implication-alleguee-de-christophe-bay,Affaire de l'IGS - Implication alléguée de Christophe Bay,"Entre 2007 et 2009, l'Inspection générale des services (IGS) de la Préfecture de police de Paris est soupçonnée d'avoir monté un faux dossier pour faire tomber plusieurs agents du service qui délivrait des titres de séjour, notamment Yannick Blanc, directeur de la police générale ayant des convictions politiques de gauche. En novembre 2021, Libération révèle l'implication alléguée de Christophe Bay dans ce scandale, l'accusant d'avoir fourni le nom de la personne idéale pour rendre les faux documents plus authentiques. Christophe Bay affirme avoir été instrumentalisé dans cette affaire. Le dossier végète depuis près de dix ans dans les limbes judiciaires, avec des rebondissements en 2019 concernant la disparition de documents-clés.",ENQUETE_PRELIMINAIRE,FAUX_ET_USAGE_FAUX,2007-01-01T00:00:00.000Z,Non spécifié,Non spécifié,2007.0,,,Non spécifié,False,cmksr6m81001fa2v5mb0u0xl2,Christophe Bay,christophe-bay,RN,Rassemblement National,Non spécifié,Non spécifié,Non spécifié,Non spécifié,63.0,1962.0,Non spécifié
cmlv84ima001remv5kstptcj7,christophe-bay-depenses-non-justifiees-de-christophe-bay-dans-l-aube,Affaire des dépenses non justifiées de Christophe Bay dans l'Aube,"Entre 2011 et 2014, Christophe Bay, alors préfet de l'Aube, aurait effectué des dépenses non justifiées évaluées entre 20 000 et 30 000 euros selon une enquête de l'Inspection générale de l'administration (IGA) menée en 2016. L'enquête conclut à des abus de frais de bouche et à l'achat d'un 4×4 aux frais de l'État, des pratiques qualifiées de ""systémiques"" par Eric Morvan, ancien patron de la police nationale. Christophe Bay a été relevé de ses fonctions préfectorales en 2016 à la suite de cette enquête et d'une autre concernant son poste en Dordogne. L'intéressé affirme avoir remboursé les sommes réclamées et dénonce une utilisation politique de ce contrôle, précisant qu'aucune sanction administrative formelle n'a été prononcée à son encontre.",CLASSEMENT_SANS_SUITE,DETOURNEMENT_FONDS_PUBLICS,2011-01-01T00:00:00.000Z,Non spécifié,2016-01-01T00:00:00.000Z,2011.0,2016.0,,Non spécifié,False,cmksr6m81001fa2v5mb0u0xl2,Christophe Bay,christophe-bay,RN,Rassemblement National,Non spécifié,Non spécifié,Non spécifié,Non spécifié,63.0,1962.0,Non spécifié
cmlv84ihm001memv58i4oxtil,romain-baubry-accusation-de-violence-de-romain-baubry-sur-son-assistante-parlementaire,Accusation de violence de Romain Baubry sur son assistante parlementaire,"Le 26 janvier 2024, l'assistante parlementaire de Romain Baubry, député Rassemblement national de la 15e circonscription des Bouches-du-Rhône, dépose plainte au commissariat d'Istres pour des faits de violence et harcèlement. Elle l'accuse de l'avoir bousculée et de lui avoir coincé les doigts dans une porte lors d'un différend sur des heures de travail non payées, à Sénas où se trouve sa permanence. Ces faits auraient entraîné une interruption temporaire de travail (ITT) de cinq jours. Le député nie catégoriquement les accusations et affirme qu'il avait engagé une procédure de licenciement contre cette assistante locale en CDD depuis trois mois. Une enquête a été ouverte et la plainte transmise au tribunal de Tarascon.",CLASSEMENT_SANS_SUITE,VIOLENCE,2024-01-26T00:00:00.000Z,Non spécifié,Non spécifié,2024.0,,,Non spécifié,False,cmkjnzzn300dqvtv51w029e92,Romain Baubry,romain-baubry,RN,Rassemblement National,Non spécifié,Non spécifié,Non spécifié,Non spécifié,36.0,1989.0,Non spécifié
cmlv84icw001hemv5rleuai75,christophe-barthes-pancarte-misogyne-contre-sandrine-rousseau-et-marine-tondelier,Affaire de la pancarte misogyne contre Sandrine Rousseau et Marine Tondelier,"Le 26 janvier 2024, trois députés RN de l'Aude (Christophe Barthès, Julien Rancoule et Frédéric Falcon) posent, écharpes tricolores au cou, devant une pancarte affichant l'insulte sexiste « Va faire la soupe salope » lors d'un blocage d'agriculteurs à Narbonne. Cette inscription vise directement les élues écologistes Sandrine Rousseau et Marine Tondelier, en référence à une insulte similaire prononcée par un vigneron le 13 juin 2023 lors d'un échange tendu à Ventenac-Cabardès. Les députés assument cette mise en scène, qualifiant l'insulte de « slogan » tout en affirmant qu'ils n'auraient pas utilisé ces termes eux-mêmes. Le 29 janvier 2024, Sandrine Rousseau dépose une demande de sanction auprès de la présidente de l'Assemblée nationale Yaël Braun-Pivet et confirme qu'une procédure judiciaire est en cours portant sur ces propos sexistes.",ENQUETE_PRELIMINAIRE,INJURE,2024-01-26T00:00:00.000Z,Non spécifié,Non spécifié,2024.0,,,Non spécifié,False,cmkjnzxs300d0vtv54sm9ferm,Christophe Barthès,christophe-barthes,RN,Rassemblement National,Non spécifié,Non spécifié,Non spécifié,Non spécifié,59.0,1966.0,Non spécifié
cmlv84i390019emv5s8hbptwq,jordan-bardella-proces-en-diffamation-de-jordan-bardella-contre-liberation,Procès en diffamation de Jordan Bardella contre Libération,"Jordan Bardella, président du Rassemblement national, a poursuivi en diffamation le quotidien Libération après la publication d'une enquête en septembre 2023 le qualifiant d'« assistant parlementaire fantôme passé entre les gouttes de la justice ». L'audience s'est tenue le 31 janvier 2025 devant le tribunal correctionnel de Paris. Le 21 mars 2025, le tribunal a rejeté la plainte et relaxé Libération, validant ainsi le droit du quotidien d'utiliser cette qualification. Cette décision intervient dix jours avant le jugement du 31 mars 2025 dans l'affaire des assistants parlementaires européens du RN, dans laquelle Jordan Bardella n'est pas poursuivi contrairement à vingt-six membres du parti.",RELAXE,DIFFAMATION,2023-09-26T00:00:00.000Z,Non spécifié,2025-03-21T00:00:00.000Z,2023.0,2025.0,,Non spécifié,False,cmksr6uqb005na2v5pguwp1t9,Jordan Bardella,jordan-bardella,RN,Rassemblement National,Non spécifié,Non spécifié,Non spécifié,Non spécifié,30.0,1995.0,Non spécifié
cmlv84hyg000yemv5ixkbbebg,jordan-bardella-soupcons-d-emploi-fictif-de-jordan-bardella-au-parlement-europeen,Soupçons d'emploi fictif de Jordan Bardella au Parlement européen,"Jordan Bardella, assistant parlementaire à mi-temps de l'eurodéputé Jean-François Jalkh de février à juin 2015, a été identifié par l'Office européen de lutte antifraude (OLAF) en 2016 comme ayant possiblement fait un usage irrégulier de l'indemnité parlementaire. Selon une enquête de Libération publiée en septembre 2024, le Front national aurait fabriqué un dossier de fausses preuves de travail (revues de presse antidatées, agenda rempli à la main) pour protéger cette étoile montante du parti. Jordan Bardella n'a pas été poursuivi dans le cadre du procès des assistants parlementaires du RN qui a jugé 25 prévenus. En mars 2025, l'association Adelibe a déposé plainte contre lui pour détournement de fonds publics, recel, faux et usage de faux et escroquerie, notamment pour interrompre la prescription. Le président du RN, qui a perdu son procès en diffamation contre Libération en mars 2025, conteste ces accusations qu'il qualifie de ""grossière tentative de déstabilisation"".",ENQUETE_PRELIMINAIRE,EMPLOI_FICTIF,2015-02-16T00:00:00.000Z,Non spécifié,Non spécifié,2015.0,,,Non spécifié,False,cmksr6uqb005na2v5pguwp1t9,Jordan Bardella,jordan-bardella,RN,Rassemblement National,Non spécifié,Non spécifié,Non spécifié,Non spécifié,30.0,1995.0,Non spécifié
cmlv84htj000temv586ty49dq,jordan-bardella-relaxe-de-jordan-bardella-pour-diffamation-envers-le-maire-de-trappes,Relaxe de Jordan Bardella pour diffamation envers le maire de Trappes,"En octobre 2021, Jordan Bardella, alors vice-président du Rassemblement National, publie un communiqué dans lequel il qualifie la ville de Trappes (Yvelines) de ""République islamique"" et critique le maire Ali Rabeh, demandant la mise sous tutelle de la commune. Suite à une plainte pour diffamation déposée par le maire, Jordan Bardella est mis en examen le 1er février 2022. Il dénonce publiquement cette procédure judiciaire, affirmant que la justice chercherait à le ""faire taire"" pour avoir dénoncé l'islamisme à Trappes.",RELAXE,DIFFAMATION,2021-10-01T00:00:00.000Z,Non spécifié,2023-12-15T00:00:00.000Z,2021.0,2023.0,,Non spécifié,False,cmksr6uqb005na2v5pguwp1t9,Jordan Bardella,jordan-bardella,RN,Rassemblement National,Non spécifié,Non spécifié,Non spécifié,Non spécifié,30.0,1995.0,Non spécifié
cmlv84hjt000iemv5pam8dmyq,raphael-arnault-plainte-pour-menace-de-mort-deposee-par-alice-cordier-contre-raphael-arnault,Plainte pour menace de mort déposée par Alice Cordier contre Raphaël Arnault,"Le 20 juin 2024, Alice Cordier, militante du collectif identitaire Némésis, a déposé une plainte contre Raphaël Arnault, candidat LFI aux législatives et fondateur de la Jeune Garde, pour menaces de mort. Selon les informations publiées par Le Figaro et Europe 1, elle accuse le député d'avoir proféré des menaces de mort à son encontre lors d'un incident survenu le 16 octobre 2023, huit mois avant le dépôt de plainte. Les articles confirment l'existence de cette plainte dans un contexte plus large de plusieurs plaintes visant Raphaël Arnault et la Jeune Garde pour violences et menaces. Raphaël Arnault bénéficie de la présomption d'innocence, et les propos auraient selon certaines sources été sortis de leur contexte.",ENQUETE_PRELIMINAIRE,MENACE,2023-10-16T00:00:00.000Z,Non spécifié,Non spécifié,2023.0,,,Non spécifié,False,cmkjo18uj00v8vtv5i5jrui85,Raphaël Arnault,raphael-arnault,LFI,La France insoumise,Non spécifié,Non spécifié,Non spécifié,Non spécifié,30.0,1995.0,Non spécifié
cmlv84haf0007emv5ctawq28u,franck-allisio-enquete-visant-franck-allisio-pour-detournement-de-fonds-publics,Enquête visant Franck Allisio pour détournement de fonds publics,"Une enquête préliminaire a été ouverte en mai 2025 par le parquet de Marseille suite à un signalement de la région Provence-Alpes-Côte d'Azur déposé le 30 décembre 2024. Franck Allisio, député RN des Bouches-du-Rhône et président du groupe RN au Conseil régional, est soupçonné d'avoir détourné des moyens régionaux pour ses activités de député. L'enquête porte notamment sur deux collaborateurs du groupe régional, employés par la région, qui auraient travaillé pour son activité parlementaire sans déclaration auprès de la Haute Autorité pour la transparence de la vie publique, constituant un cumul d'emploi problématique. Des véhicules de service régionaux auraient également été utilisés pour des activités militantes lors des campagnes des élections européennes et législatives de 2024. L'affaire a été révélée par le site Marsactu suite à des courriers anonymes transmis par l'association SOS Corruption 13, qui a également saisi la Chambre régionale des comptes.",ENQUETE_PRELIMINAIRE,DETOURNEMENT_FONDS_PUBLICS,2024-01-01T00:00:00.000Z,Non spécifié,Non spécifié,2024.0,,,Non spécifié,False,cmkjo008000dyvtv5jp9o4ujw,Franck Allisio,franck-allisio,RN,Rassemblement National,Non spécifié,Non spécifié,Non spécifié,Non spécifié,45.0,1980.0,Non spécifié
cmlv84h5k0000emv5h7l085u8,alexandre-allegret-pilot-pret-suspect-de-1-3-million-d-euros-vitis-gallica,"Affaire du prêt suspect de 1,3 million d'euros (Vitis Gallica)","Le 5 juillet 2024, Alexandre Allegret-Pilot, alors chef de la mission de restructuration des entreprises au ministère de l'Économie, autorise un prêt de 1,3 million d'euros à une société inexistante dénommée Vitis Gallica, alors qu'il était censé être en congé pour sa campagne législative. Le ministère de l'Économie et des Finances saisit le procureur de la République au titre de l'article 40 du code de procédure pénale, soupçonnant une tentative d'escroquerie envers un vigneron de l'Ain en difficulté financière. L'arrêté relatif au versement est abrogé le 10 juillet 2024.",ENQUETE_PRELIMINAIRE,AUTRE,2024-07-05T00:00:00.000Z,Non spécifié,Non spécifié,2024.0,,,Non spécifié,False,cmkjo0xle00quvtv5jdbhfi35,Alexandre Allegret-Pilot,alexandre-allegret-pilot,UDR,Union des démocrates pour la République,Non spécifié,Non spécifié,Non spécifié,Non spécifié,36.0,1989.0,Non spécifié
cmlv64zj6000ubhv58efl1msf,julien-sanchez-condamnation-de-julien-sanchez-pour-ne-pas-avoir-modere-des-commentaires-incitant-a-la-haine-contre-les-musulmans,Condamnation de Julien Sanchez pour ne pas avoir modéré des commentaires incitant à la haine contre les musulmans,"En 2013, le tribunal correctionnel de Nîmes a condamné Julien Sanchez, alors candidat du Front National aux élections législatives, pour avoir laissé visibles sur sa page Facebook publique des commentaires d'internautes incitant à la haine contre les musulmans. La condamnation a été confirmée en appel (3000 euros d'amende), puis le pourvoi en cassation a été rejeté en 2015, rendant la condamnation définitive. En 2021 puis 2023, la Cour européenne des droits de l'homme a débouté l'élu RN qui contestait cette condamnation, estimant que les tribunaux français n'avaient pas violé la liberté d'expression. La CEDH a souligné que Julien Sanchez avait rendu son compte Facebook public pendant une période électorale tendue et n'avait pas fait preuve de vigilance face aux commentaires haineux publiés par des tiers.",CONDAMNATION_DEFINITIVE,INCITATION_HAINE,2011-10-01T00:00:00.000Z,Non spécifié,2013-01-01T00:00:00.000Z,2011.0,2013.0,,Non spécifié,False,cmkjtmy7w004z9lv5v2viiczo,Julien Sanchez,julien-sanchez,RN,Rassemblement National,Non spécifié,Non spécifié,Non spécifié,Non spécifié,42.0,1983.0,Non spécifié
cmlrjquz40020xh3ym79xynbs,alain-carignon-faux,Affaire Carignon — corruption et abus de biens sociaux (eau de Grenoble),"Alain Carignon, ancien maire de Grenoble et ministre de l'Environnement puis de la Communication, a été condamné définitivement le 9 juillet 1996 par la Cour d'appel de Lyon pour corruption, abus de biens sociaux et subornation de témoins. Entre 1984 et 1993, il a bénéficié d'avantages matériels totalisant 2,9 millions d'euros (refinancement de journaux, vols en avion privé, appartement de 280m² à Paris, croisière de luxe) de la part des sociétés Merlin et Lyonnaise des Eaux, qui ont obtenu en échange la concession du service des eaux de Grenoble via leur filiale COGESE.",CONDAMNATION_DEFINITIVE,CORRUPTION,1984-01-01T00:00:00.000Z,Non spécifié,1996-07-09T00:00:00.000Z,1984.0,1996.0,,Non spécifié,False,cmkjtn5m1006b9lv5p33qmhme,Alain Carignon,alain-carignon,RPR,Rassemblement pour la République,Non spécifié,Non spécifié,Non spécifié,Non spécifié,,,
cmlrjqu4k001yxh3y7p7oecmm,jean-michel-baylet-abus-de-biens-sociaux,Condamnation de Jean-Michel Baylet pour abus de biens sociaux (La Dépêche du Midi),"[Jean-Michel Baylet](/politiques/jean-michel-baylet), longtemps président du [Parti radical de gauche](/partis/parti-radical-de-gauche) et ancien ministre, a occupé le poste de président du groupe de presse propriétaire du journal *La Dépêche du Midi*. Durant plusieurs années, il a utilisé les ressources du journal à titre personnel, ce qui constitue un détournement de biens sociaux. Les faits reprochés incluaient l'utilisation systématique d'employés du journal pour des tâches personnelles : ménage du domicile, entretien automobile et maintenance d'un bateau familial en Grèce. De plus, le journal finançait directement son loyer parisien, s'élevant à 14 000 francs mensuels. Des accusations de faux et usage de faux complétaient le dossier. Jugée en 2003, cette affaire a donné lieu à une condamnation définitive le 13 mars 2003. [Jean-Michel Baylet](/politiques/jean-michel-baylet) a été reconnu coupable d'abus de biens sociaux, de recel d'abus de biens sociaux, et de faux et usage de faux. Il a reçu une peine de 6 mois d'emprisonnement avec sursis et une amende de 30 000 euros. Cette condamnation n'a pas empêché [Jean-Michel Baylet](/politiques/jean-michel-baylet) de poursuivre une carrière politique locale, notamment en tant que maire de Valence.",CONDAMNATION_DEFINITIVE,ABUS_BIENS_SOCIAUX,Non spécifié,Non spécifié,2003-03-13T00:00:00.000Z,,2003.0,,Non spécifié,False,cmlj8xaaq01epzav5bhd22fy2,Jean-Michel Baylet,jean-michel-baylet,PRG,Parti radical de gauche,Non spécifié,Non spécifié,Non spécifié,Non spécifié,79.0,1946.0,Non spécifié
cmlrjqdbk0008xh3yqytpktar,jean-hugues-ratenon-conduite-en-etat-d-ivresse,Poursuites de Jean-Hugues Ratenon pour conduite en état d'ivresse et refus de tests,"Jean-Hugues Ratenon, député LFI de La Réunion, est convoqué en janvier devant le tribunal correctionnel de Saint-Denis pour conduite en état d'ivresse manifeste, refus de se soumettre aux tests d'alcoolémie et de stupéfiants, ainsi que défaut de maîtrise. Les faits se sont produits dans la nuit du 24 août 2024, lorsque son véhicule, stationné tous feux éteints sur une quatre-voies dans l'est de l'île, a été percuté par un autre véhicule. Le député, qui conteste les infractions, a refusé les prélèvements par éthylotest, salivaire et sanguin. Son permis de conduire a été suspendu pour neuf mois par décision administrative, et les faits poursuivis sont passibles de deux ans de prison et 3750 euros d'amende.",CONDAMNATION_DEFINITIVE,AUTRE,2024-08-24T00:00:00.000Z,Non spécifié,2025-02-13T00:00:00.000Z,2024.0,2025.0,,Non spécifié,False,cmkjnzo6y009cvtv5e7a2ndfb,Jean-Hugues Ratenon,jean-hugues-ratenon,RÉ974,Rézistan's Égalité 974,Non spécifié,Non spécifié,Non spécifié,Non spécifié,58.0,1967.0,Non spécifié
cmktw1z0l000601v5wf2xbj4c,marc-joulaud-detournement-de-fonds-publics,Détournement de fonds publics,"[Marc Joulaud](/politiques/marc-joulaud), député de l'[Union pour un mouvement populaire](/partis/union-pour-un-mouvement-populaire) et suppléant de François Fillon à l'Assemblée nationale, est condamné en définitif pour détournement de fonds publics dans l'affaire des emplois fictifs. Entre 2002 et 2007, Joulaud a employé Pénélope Fillon, épouse du ministre, comme assistante parlementaire fictive sans qu'elle n'exerce réellement les fonctions correspondantes. Cette pratique a généré des rémunérations publiques injustifiées en détournement des deniers de l'État. L'affaire a fait l'objet d'une instruction puis d'une mise en examen. Le tribunal correctionnel s'est prononcé, suivi d'appels et d'un pourvoi en cassation. La Cour de cassation a rejeté le pourvoi le 24 avril 2024, confirmant ainsi la condamnation en dernier ressort. Joulaud a été condamné à 36 mois de prison avec sursis, 20 000 euros d'amende et 60 mois d'inéligibilité. Cette condamnation définitive implique l'extinction de toute possibilité de recours et l'applicabilité immédiate des peines prononcées, particulièrement l'inéligibilité qui affecte sa capacité à exercer des mandats électoraux.",CONDAMNATION_DEFINITIVE,DETOURNEMENT_FONDS_PUBLICS,2002-01-01T00:00:00.000Z,Non spécifié,2024-04-24T00:00:00.000Z,2002.0,2024.0,,"3 ans de prison avec sursis, 5 ans d'inéligibilité",False,cmktw1yx1000401v5040pf376,Marc Joulaud,marc-joulaud,UMP,Union pour un mouvement populaire,Non spécifié,Non spécifié,Non spécifié,Non spécifié,,,
cmkk2z2x1000gomv5l5nhd1dg,jean-tiberi-fraude,Fraude electorale - affaire des faux electeurs du 5e arrondissement,"[Jean Tiberi](/politiques/jean-tiberi), figure historique de la droite parisienne et maire de Paris, a été reconnu coupable de manœuvres frauduleuses portant atteinte à la sincérité du scrutin. Membre de [l'Union des démocrates pour la République](/partis/union-des-democrates-pour-la-republique) au moment des faits, Tiberi a inscrit frauduleusement de faux électeurs dans les listes électorales du 5e arrondissement de Paris lors des élections municipales de 1995 et legislatives de 1997. Ces infractions — inscription de faux électeurs — constituent du faux et usage de faux, attentat direct à l'intégrité du processus électoral. Elles ont porté sur deux scrutins majeurs et concernaient un arrondissement de la capitale. L'affaire a suivi un parcours judiciaire long. Le verdict initial du tribunal a été confirmé par les instances supérieures. La Cour de cassation a rejeté le pourvoi en cassation en mars 2015, confirmant définitivement la culpabilité. Cette condamnation est donc devenue définitive après vingt ans d'enjeux judiciaires. Tiberi a été condamné à dix mois de prison avec sursis, 10 000 euros d'amende et trois ans d'inéligibilité. Ces peines — notamment l'inéligibilité — l'ont exclu de la vie politique élective durant une période significative suivant le jugement final, matérialisant les conséquences de la fraude électorale.",CONDAMNATION_DEFINITIVE,FAUX_ET_USAGE_FAUX,1995-06-01T00:00:00.000Z,Non spécifié,2015-03-03T00:00:00.000Z,1995.0,2015.0,,"10 mois de prison avec sursis, 10 000€ d'amende, 3 ans d'inéligibilité",False,cmkk2z2tw000eomv51gpcpizk,Jean Tiberi,jean-tiberi,UDR,Union des démocrates pour la République,Non spécifié,Non spécifié,Non spécifié,Non spécifié,,,
cmkk2z2q4000comv5mz0gggos,jean-christophe-cambadelis-detournement-de-fonds-publics,Détournement de fonds publics,"[Jean-Christophe Cambadélis](/politiques/jean-christophe-cambadelis), ancien représentant du [Parti communiste internationaliste](/partis/parti-communiste-internationaliste) devenu membre des [Socialistes et apparentés](/partis/socialistes-et-apparentes), a été condamné en appel pour détournement de fonds publics. Les faits reprochés concernent l'utilisation détournée de 114 057 € de son indemnité représentative de frais de mandat (IRFM), l'allocation versée aux parlementaires pour couvrir leurs dépenses liées à l'exercice de leur mandat. Ces sommes auraient été affectées à des fins personnelles, en violation de la réglementation encadrant l'utilisation de cette indemnité. La Cour d'appel de Paris a rendu son jugement le 20 mai 2025, confirmant la culpabilité du politicien. La sentence prononcée comprend une peine de 8 mois d'emprisonnement avec sursis, une amende de 60 000 €, et une interdiction d'exercer des mandats électifs pendant 60 mois (5 ans). Cette condamnation définitive met fin à la procédure judiciaire et emporte des conséquences directes sur l'éligibilité de l'intéressé.",CONDAMNATION_DEFINITIVE,DETOURNEMENT_FONDS_PUBLICS,Non spécifié,Non spécifié,2025-05-20T00:00:00.000Z,,2025.0,,"8 mois de prison avec sursis, 60 000€ d'amende avec sursis, 5 ans d'inéligibilité",False,cmkk2z2ln0009omv5tyk7f67q,Jean-Christophe Cambadélis,jean-christophe-cambadelis,PCI,Parti communiste internationaliste,Non spécifié,Non spécifié,Non spécifié,Non spécifié,,,
cmkjtn7sk006o9lv5mfcqpxce,claude-pradille-corruption,Condamnation de Claude Pradille pour corruption et détournement de fonds publics,"Claude Pradille, ancien sénateur socialiste du Gard (1988-1997) et ancien directeur de l'Office HLM du Gard, a été condamné en première instance en juillet 1995 à trois ans de prison ferme pour corruption, faux et usage de faux, complicité d'escroquerie et subornation de témoins, après un rapport accablant de la Cour des comptes. Il était reconnu coupable du détournement de 1,4 à 1,5 million d'euros au détriment de l'Office HLM, avec obligation de remboursement. Ayant organisé son insolvabilité en transférant ses biens (dont un château à Caveirac) à sa fille et son ex-gendre entre 2006 et 2010, il a été condamné en appel en 2019 puis en 2021 à deux ans de prison ferme pour organisation frauduleuse d'insolvabilité, avec confiscation de ses biens immobiliers. Sa déchéance de mandat sénatorial a été constatée par le Conseil constitutionnel en septembre 1997.",CONDAMNATION_DEFINITIVE,CORRUPTION,1983-01-01T00:00:00.000Z,Non spécifié,1995-07-12T00:00:00.000Z,1983.0,1995.0,,"5 ans de prison (peine max), 300 000 francs d'amende, 5 ans d'inéligibilité",False,cmkjtn77y006l9lv5vntnwngu,Claude Pradille,claude-pradille,PS,Socialistes et apparentés,Non spécifié,Non spécifié,Non spécifié,Non spécifié,,,
cmkjtn6vy006j9lv51un3bg82,patrick-balkany-prise-illegale-d-interets,Prise illégale d'intérêts,"[Patrick Balkany](/politiques/patrick-balkany), figure du [Rassemblement pour la République](/partis/rassemblement-pour-la-republique), a été poursuivi pour prise illégale d'intérêts relatifs à des faits remontant à 1985. La prise illégale d'intérêts constitue une infraction commise par un agent public qui utilise sa fonction pour se procurer un intérêt personnel ou faire profiter un tiers. Les investigations ont établi que [Patrick Balkany](/politiques/patrick-balkany) avait commis des actes contraires à ses obligations légales durant ses fonctions. Le dossier a suivi le parcours judiciaire classique, remontant jusqu'à la Cour de cassation qui a tranché définitivement sur cette affaire. Le 7 mai 1998, la haute juridiction a prononcé une condamnation définitive à l'encontre de [Patrick Balkany](/politiques/patrick-balkany). Le verdict a ordonné une peine de 15 mois de prison avec sursis, une amende de 30 490 euros et 24 mois d'inéligibilité. Ces sanctions reflètent la gravité des infractions retenues tout en accordant le bénéfice du sursis pour la part carcérale. L'inéligibilité a temporairement interdit l'accès aux mandats électifs. Cette condamnation, entrée en force définitivement, demeure un élément significatif du parcours politique de [Patrick Balkany](/politiques/patrick-balkany).",CONDAMNATION_DEFINITIVE,PRISE_ILLEGALE_INTERETS,1985-01-01T00:00:00.000Z,1996-05-01T00:00:00.000Z,1998-05-07T00:00:00.000Z,1985.0,1998.0,736.0,"15 mois de prison avec sursis, 200 000 FF d'amende, 2 ans d'inéligibilité",False,cmkjtn6p0006i9lv5wvzqv9be,Patrick Balkany,patrick-balkany,RPR,Rassemblement pour la République,Non spécifié,Non spécifié,Non spécifié,Non spécifié,,,
cmkjtn651006e9lv51in9d7gd,alain-carignon-abus-de-biens-sociaux,Abus de biens sociaux,"[Alain Carignon](/politiques/alain-carignon), ancien ministre de l'Environnement du [Rassemblement pour la République](/partis/rassemblement-pour-la-republique), a été condamné pour abus de biens sociaux concernant la gestion de la Lyonnaise des Eaux, où il occupait une position influente. Les faits remontent à 1989. Carignon aurait détourné des ressources de la société à des fins personnelles, notamment en utilisant les finances de l'entreprise pour financer des activités ou des bénéfices privés sans justification légitime. L'instruction judiciaire a établi que la gestion des biens de la Lyonnaise des Eaux n'avait pas respecté les obligations légales, et que le politicien avait agi en violation de ses responsabilités de contrôle et de surveillance. Cette affaire s'inscrit dans un contexte plus large d'accusations de malversations financières visant Carignon, dont notamment l'[affaire de corruption et abus de biens sociaux concernant l'eau de Grenoble](/affaires/alain-carignon-faux). Le tribunal a rendu son verdict le 27 octobre 1997, confirmé par la Cour de cassation au rejet du pourvoi, donnant un caractère définitif à la condamnation. Carignon a reçu une peine de 60 mois de prison ferme, assortie de 60 mois d'inéligibilité, d'une amende de 400 000 francs français, et d'une peine d'inéligibilité totale de 5 ans. Cette condamnation définitive a marqué la fin du parcours politique de Carignon au sein du [Rassemblement pour la République](/partis/rassemblement-pour-la-republique).",CONDAMNATION_DEFINITIVE,ABUS_BIENS_SOCIAUX,1989-01-01T00:00:00.000Z,1995-11-16T00:00:00.000Z,1997-10-27T00:00:00.000Z,1989.0,1997.0,711.0,"5 ans de prison (4 ferme + 1 sursis), 400 000 FF d'amende, 5 ans d'inéligibilité",False,cmkjtn5m1006b9lv5p33qmhme,Alain Carignon,alain-carignon,RPR,Rassemblement pour la République,Non spécifié,Non spécifié,Non spécifié,Non spécifié,,,
cmkjtn5sd006c9lv5khuxm1og,alain-carignon-subornation-de-temoin,Subornation de témoin,"[Alain Carignon](/politiques/alain-carignon), membre du [Rassemblement pour la République](/partis/rassemblement-pour-la-republique) au moment des faits, a été condamné pour subornation de témoin. Cette infraction s'inscrit dans le contexte des démêlés judiciaires multiples du personnage politique, notamment liés à son administration de la ville de Grenoble. Les faits reprochés remontent à 1989. La subornation de témoin, qui consiste à inciter ou corrompre une personne à modifier ou dissimuler son témoignage, a été retenue contre le politicien. Après instruction et jugement en première instance, le dossier a suivi la procédure d'appel avant d'être saisi en pourvoi en cassation. La Cour de cassation a rejeté le pourvoi le 27 octobre 1997, confirmant ainsi la culpabilité et rendant la condamnation définitive. Le tribunal a prononcé une peine globale de 5 ans de prison, dont 1 an assorti du sursis, une amende de 400 000 francs français, et 5 ans d'inéligibilité. Cette peine d'inéligibilité revêt une dimension politique majeure, interdisant au condamné d'exercer des fonctions électives pendant cette période. Cette condamnation s'ajoute à d'autres poursuites judiciaires visant [Alain Carignon](/politiques/alain-carignon), notamment en matière d'[abus de biens sociaux](/affaires/alain-carignon-abus-de-biens-sociaux) et de [corruption liée à la gestion de l'eau à Grenoble](/affaires/alain-carignon-faux).",CONDAMNATION_DEFINITIVE,AUTRE,1989-01-01T00:00:00.000Z,1995-11-16T00:00:00.000Z,1997-10-27T00:00:00.000Z,1989.0,1997.0,711.0,"Peine globale : 5 ans de prison (dont 1 avec sursis), 400 000 FF d'amende, 5 ans d'inéligibilité",False,cmkjtn5m1006b9lv5p33qmhme,Alain Carignon,alain-carignon,RPR,Rassemblement pour la République,Non spécifié,Non spécifié,Non spécifié,Non spécifié,,,
cmkjtn36t005t9lv55avck5yy,alain-juppe-prise-illegale-d-interets,Prise illégale d'intérêts,"[Alain Juppé](/politiques/alain-juppe), secrétaire général des [Républicains](/partis/les-republicains) de 1988 à 1994, a été condamné en définitive pour prise illégale d'intérêts dans l'affaire des emplois fictifs de la mairie de Paris. Durant ses années à la tête du parti gaulliste, Juppé a mis en place un système de financement du RPR par la collectivité parisienne. Sept permanents du parti étaient rémunérés directement par la Ville de Paris alors qu'ils n'y exerçaient aucune fonction réelle, constituant un détournement de fonds publics à titre privé. La Cour d'appel de Versailles a rendu son verdict définitif le 1er décembre 2004. Juppé a été condamné à quatorze mois de prison avec sursis et à douze mois d'inéligibilité. Cette condamnation définitive a mis fin aux poursuites et appels engagés antérieurement dans cette affaire, qui a profondément marqué le paysage politique français en révélant les pratiques de financement occulte des partis politiques à la fin du XXe siècle. La sentence s'inscrit dans le cadre des investigations judiciaires menées sur le financement politique, ayant aussi touché d'autres responsables parisiens impliqués dans des systèmes d'emplois fictifs à titre personnel.",CONDAMNATION_DEFINITIVE,PRISE_ILLEGALE_INTERETS,1988-01-01T00:00:00.000Z,Non spécifié,2004-12-01T00:00:00.000Z,1988.0,2004.0,,"14 mois de prison avec sursis, 1 an inéligibilité",False,cmkjtn30l005s9lv5jqougnpd,Alain Juppé,alain-juppe,LR,Les Républicains,Non spécifié,Non spécifié,Non spécifié,Non spécifié,,,
cmkjtn103005g9lv54ixqeusy,jacques-masdeu-arus-corruption,Corruption,"[Jacques Masdeu-Arus](/politiques/jacques-masdeu-arus), membre du [Rassemblement pour la République](/partis/rassemblement-pour-la-republique) au moment des faits, a été condamné en définitive pour des infractions commises entre 1998 et 2001. Au cours de cette période, la société AINETT a versé à l'élu des enveloppes contenant de l'argent liquide en contrepartie de l'attribution de marchés publics. Ces flux financiers directs constituent le fondement de la corruption passive reprochée. Jacques Masdeu-Arus a également été poursuivi pour recel d'abus de biens sociaux, les fonds en question provenant de détournements au sein de la structure privée. Le dossier a suivi le circuit judiciaire normal : après les investigations initiales, l'affaire a été portée devant les tribunaux. Un jugement de culpabilité a été prononcé, suivi d'appels. La Cour de cassation, saisie en dernier ressort, a rejeté le pourvoi le 20 mai 2009, rendant la condamnation définitive. La sentence prononcée combine une peine d'emprisonnement de 24 mois assortie d'un sursis, une amende de 75 000 euros et une période d'inéligibilité de 60 mois. Cette dernière sanction a entraîné automatiquement la déchéance de son mandat de député. Cette condamnation définitive marque l'aboutissement d'une procédure pénale portant sur des malversations impliquant des deniers publics et des ententes entre secteurs public et privé.",CONDAMNATION_DEFINITIVE,CORRUPTION,1998-01-01T00:00:00.000Z,Non spécifié,2009-05-20T00:00:00.000Z,1998.0,2009.0,,"2 ans de prison avec sursis, 75 000 € d'amende, 5 ans de privation des droits civiques",False,cmkjtn0so005f9lv5fb8clufy,Jacques Masdeu-Arus,jacques-masdeu-arus,RPR,Rassemblement pour la République,Non spécifié,Non spécifié,Non spécifié,Non spécifié,,,
cmkjtn0iw005d9lv5ri2uompg,jacques-chirac-detournement-de-fonds,Condamnation de Jacques Chirac pour détournement de fonds publics dans l'affaire des emplois fictifs de la Ville de Paris,"Le 15 décembre 2011, Jacques Chirac a été condamné à deux ans de prison avec sursis par le tribunal correctionnel de Paris pour détournement de fonds publics, abus de confiance et prise illégale d'intérêts dans l'affaire des emplois fictifs de la Ville de Paris. Les faits portent sur une vingtaine d'emplois litigieux au sein de la mairie entre 1990 et 1995, quand Jacques Chirac était maire de la capitale et préparait l'élection présidentielle de 1995. L'ancien président, alors âgé de 79 ans et protégé durant son mandat par l'immunité présidentielle, a déclaré qu'il ne ferait pas appel bien qu'il conteste le jugement, rendant la condamnation définitive. Il est devenu ainsi le premier président de la République française condamné par la justice.",CONDAMNATION_DEFINITIVE,DETOURNEMENT_FONDS_PUBLICS,1990-10-01T00:00:00.000Z,Non spécifié,2011-12-15T00:00:00.000Z,1990.0,2011.0,,2 ans de prison avec sursis,False,cmkjtn0a0005c9lv5i2ahyhec,Jacques Chirac,jacques-chirac,LR,Les Républicains,Non spécifié,Non spécifié,Non spécifié,Non spécifié,93.0,1932.0,Non spécifié
cmkjtmye800509lv5yychgnqv,julien-sanchez-incitation-a-la-haine-raciale,Condamnation de Julien Sanchez par la CEDH pour incitation à la haine,"Julien Sanchez, élu du Rassemblement National, a été condamné par la Cour européenne des droits de l'homme (CEDH) pour ne pas avoir modéré des commentaires haineux contre les musulmans publiés sur le mur de son compte Facebook public. La CEDH a relevé qu'en ayant rendu public l'accès au mur de son compte Facebook et autorisé ses amis à y publier des commentaires, il ne pouvait ignorer les contenus haineux compte tenu du contexte local. Cette condamnation intervenue en mai 2023 n'est pas la première pour l'élu RN devant cette juridiction européenne. La responsabilité de Sanchez a été retenue en tant que gestionnaire d'un espace public de discussion en ligne.",CONDAMNATION_DEFINITIVE,INCITATION_HAINE,Non spécifié,Non spécifié,2023-05-15T00:00:00.000Z,,2023.0,,4 000€ d'amende dont 3 000€ pour provocation à la haine,False,cmkjtmy7w004z9lv5v2viiczo,Julien Sanchez,julien-sanchez,RN,Rassemblement National,Non spécifié,Non spécifié,Non spécifié,Non spécifié,42.0,1983.0,Non spécifié
cmkjtmxz4004x9lv5dc0i0y33,francois-leotard-outrage-a-agent-public,Outrage à agent public,"[François Léotard](/politiques/francois-leotard), ancien ministre et figure du [Parti républicain](/partis/parti-republicain), a été condamné pour outrage à agents publics suite aux opérations de perquisition effectuées à son domicile de Fréjus le 20 novembre 2012. Ces perquisitions s'inscrivaient dans le contexte de l'enquête relative à l'affaire Karachi, qui a mobilisé les autorités judiciaires pendant plusieurs années. Lors du déroulement de ces opérations à son domicile, Léotard aurait tenu des propos ou adopté une attitude constitutive d'outrage envers les agents publics présents. Le tribunal correctionnel de Draguignan a statué le 30 mai 2013, reconnaissant les faits et prononçant une condamnation définitive. La peine prononcée s'élève à 3 750 euros d'amende. Cette condamnation revêt un caractère de condamnation définitive, clôturant les poursuites relatives à cet incident spécifique, bien que les investigations plus larges concernant l'affaire Karachi aient poursuivi leur cours judiciaire.",CONDAMNATION_DEFINITIVE,AUTRE,2012-11-20T00:00:00.000Z,Non spécifié,2013-05-30T00:00:00.000Z,2012.0,2013.0,,3 750€ d'amende + dommages et intérêts aux policiers/gendarmes,False,cmkjtmjwv003i9lv5osxqcalu,François Léotard,francois-leotard,PR,Parti républicain,Non spécifié,Non spécifié,Non spécifié,Non spécifié,,,
cmkjtmx6u004t9lv5puq5gg4o,sylvie-andrieux-detournement-de-fonds-publics,Détournement de fonds publics,"[Sylvie Andrieux](/politiques/sylvie-andrieux), conseillère régionale du [Parti socialiste](/partis/socialistes-et-apparentes), a été condamnée en 2016 pour détournement de fonds publics commis entre 2005 et 2008 lors de son mandat. **Les faits** Entre 2005 et 2008, Andrieux a distribué 700 000 euros de subventions régionales à des associations fictives. Cette escroquerie s'est opérée via la falsification de factures, permettant de justifier des virements publics vers des structures inexistantes. Les investigations ont révélé l'absence de contrôle suffisant sur les bénéficiaires désignés et la carence dans la vérification des documents justificatifs. **Procédure judiciaire** Mise en examen pour détournement de fonds publics, Andrieux a d'abord été jugée en première instance. Condamnée, elle a formé un pourvoi en cassation. La Cour de cassation a rejeté ce pourvoi le 9 novembre 2016, confirmant la condamnation définitive. **Verdict et sanctions** La juridiction a prononcé une peine de 48 mois de prison ferme, une amende de 100 000 euros et une inéligibilité de 60 mois. Ces sanctions reflètent la gravité du détournement de deniers publics et le manquement aux obligations fiduciaires attachées à la fonction élective.",CONDAMNATION_DEFINITIVE,DETOURNEMENT_FONDS_PUBLICS,2005-01-01T00:00:00.000Z,Non spécifié,2016-11-09T00:00:00.000Z,2005.0,2016.0,,"4 ans de prison dont 3 avec sursis, 100 000€ d'amende, 5 ans d'inéligibilité",False,cmkjtmwzw004s9lv5rbmodgrt,Sylvie Andrieux,sylvie-andrieux,PS,Socialistes et apparentés,Non spécifié,Non spécifié,Non spécifié,Non spécifié,,,
cmkjtmwr1004q9lv514moh79u,claude-gueant-detournement-de-fonds,Détournement de fonds,"[Claude Guéant](/politiques/claude-gueant), alors haut fonctionnaire au sein de la police nationale, était membre des [Républicains](/partis/les-republicains). Entre 2002 et 2004, il s'est attribué mensuellement 5 000 € en primes versées en liquide, prélevées sur les frais d'enquête de la police. Cette pratique s'inscrivait dans une utilisation contestée des fonds publics dédiés aux opérations policières. Les enquêtes ont établi que ces versements réguliers constituaient un détournement systématique de deniers publics sur une période de deux ans. La procédure judiciaire s'est déroulée sur plusieurs années, passant par les juridictions inférieures avant d'être portée en pourvoi devant la Cour de cassation. Le 16 janvier 2019, la Cour de cassation a rejeté le pourvoi, confirmant ainsi la condamnation définitive. Guéant a été condamné à 24 mois de prison ferme et 75 000 € d'amende pour détournement de fonds publics. Cette décision marque l'aboutissement d'une procédure judiciaire de longue durée, la condamnation devenant définitive après l'épuisement des voies de recours. Cette affaire s'ajoute à d'autres procédures pénales le visant, comme l'affaire de [favoritisme](/affaires/claude-gueant-favoritisme).",CONDAMNATION_DEFINITIVE,DETOURNEMENT_FONDS_PUBLICS,2002-01-01T00:00:00.000Z,Non spécifié,2019-01-16T00:00:00.000Z,2002.0,2019.0,,"2 ans de prison dont 1 ferme, 75 000€ d'amende, 5 ans interdiction fonction publique",False,cmkjtmgwu00329lv51crzo1j9,Claude Guéant,claude-gueant,LR,Les Républicains,Non spécifié,Non spécifié,Non spécifié,Non spécifié,,,
cmkjtmwe2004o9lv54xj8ps6j,jerome-cahuzac-fraude-fiscale,Fraude fiscale et blanchiment - compte cache en Suisse et a Singapour,"[Jérôme Cahuzac](/politiques/jerome-cahuzac), ministre du Budget de 2012 à 2013 au sein du gouvernement [Socialistes et apparentés](/partis/socialistes-et-apparentes), a été condamné en appel pour fraude fiscale et blanchiment de fraude fiscale. Les faits reprochés couvrent la période 1992-2012, période durant laquelle le politicien aurait dissimulé un compte bancaire à l'étranger en Suisse. Cette dissimulation revêt une charge politique particulière : Cahuzac était alors ministre chargé de la lutte contre la fraude fiscale au sein du ministère du Budget, position depuis laquelle il prônait publiquement la transparence fiscale et la lutte contre l'évasion fiscale. La révélation publique de cette affaire, en 2013, a provoqué une crise politique majeure, conduisant à sa démission du gouvernement. L'enquête judiciaire a établi l'existence du compte caché maintenu pendant plus de 20 ans. La Cour d'appel de Paris a rendu son jugement définitif le 15 mai 2018, confirmant la culpabilité. Cahuzac a été condamné à 4 ans d'emprisonnement (2 ans ferme, 2 ans avec sursis), à une amende de 300 000 euros, et à 60 mois d'inéligibilité. Un aménagement de peine a été accordé, permettant une exécution partielle de la peine en détention.",CONDAMNATION_DEFINITIVE,FRAUDE_FISCALE,1992-01-01T00:00:00.000Z,Non spécifié,2018-05-15T00:00:00.000Z,1992.0,2018.0,,"4 ans de prison dont 2 avec sursis, 300 000€ amende, 5 ans inéligibilité",False,cmkjtmw6z004n9lv56xg2jeli,Jérôme Cahuzac,jerome-cahuzac,PS,Socialistes et apparentés,Non spécifié,Non spécifié,Non spécifié,Non spécifié,,,
cmkjtmvxj004l9lv5lyq7l7fa,jean-michel-boucheron-fraude-fiscale,Fraude fiscale,"[Jean-Michel Boucheron](/politiques/jean-michel-boucheron), maire d'Angoulême et figure du [Parti socialiste](/partis/socialistes-et-apparentes), a été condamné pour fraude fiscale concernant la période 1987-1989, durant son mandat municipal. Les faits reprochés incluaient l'organisation de son insolvabilité, la non-déclaration de revenus provenant de la Compagnie générale d'électricité (CGE) et la création d'emplois fictifs. Le dossier a été instruit par le Tribunal correctionnel d'Angoulême, qui a statué le 27 mars 2018 sur cette affaire remontant à plus de trois décennies. La condamnation est devenue définitive, établissant la culpabilité du mis en cause. Boucheron a reçu une peine de dix-huit mois de prison avec sursis, assortie d'une amende de 20 000 euros. Le jugement a également prononcé une inéligibilité de trente-six mois, limitant temporairement sa capacité à exercer des fonctions électives. Cette sanction intervient après une période judiciaire complexe, la date du jugement final survenant plusieurs années après les faits incriminés.",CONDAMNATION_DEFINITIVE,FRAUDE_FISCALE,1987-01-01T00:00:00.000Z,Non spécifié,2018-03-27T00:00:00.000Z,1987.0,2018.0,,"18 mois de prison avec sursis, 20 000€ d'amende, 3 ans privation droits civiques",False,cmkjtmvq0004k9lv526xmwq3t,Jean-Michel Boucheron,jean-michel-boucheron,PS,Socialistes et apparentés,Non spécifié,Non spécifié,Non spécifié,Non spécifié,,,
cmkjtmtsx00499lv5tcq0jmlz,stephane-trompille-harcelement-sexuel,Harcèlement sexuel,"[Stéphane Trompille](/politiques/stephane-trompille), député [Renaissance](/partis/renaissance) depuis 2017, a été condamné en première instance pour harcèlement sexuel envers une collaboratrice parlementaire. Les faits remontent aux premiers mois de son mandat en 2017, au cours desquels il aurait tenu des propos sexistes et salaces à l'encontre de cette agent parlementaire. L'affaire a d'abord été portée devant le conseil de prud'hommes, juridiction spécialisée dans les litiges du travail, plutôt que devant les tribunaux pénaux. Le dossier s'est également doublé d'une procédure pour licenciement abusif de la collaboratrice. Par jugement du conseil de prud'hommes, [Stéphane Trompille](/politiques/stephane-trompille) a été condamné à verser 20 000 euros d'amende. Cette première décision a été confirmée en appel le 15 septembre 2023 par la Cour d'appel de Lyon (chambre sociale), rendant la condamnation définitive. Cette affaire s'inscrit dans le contexte plus large des dénonciations de comportements inappropriés au Parlement français, qui se sont multipliées ces dernières années. La confirmation en appel consolide la reconnaissance juridique des faits reprochés et met fin aux procédures contentieuses liées à cet incident.",CONDAMNATION_DEFINITIVE,HARCELEMENT_SEXUEL,2017-06-01T00:00:00.000Z,Non spécifié,2023-09-15T00:00:00.000Z,2017.0,2023.0,,Plus de 20 000 euros de dommages et intérêts,False,cmkjtmsyq00489lv5aq5pzstx,Stéphane Trompille,stephane-trompille,RE,Renaissance,Non spécifié,Non spécifié,Non spécifié,Non spécifié,,,
cmkjtms4200439lv5p108fkg1,jean-francois-jalkh-escroquerie,Escroquerie aux kits de campagne du FN (affaire Jeanne),"[Jean-François Jalkh](/politiques/jean-francois-jalkh), alors à la tête du [Front national](/partis/jeanne), a été reconnu auteur d'un montage financier fictif concernant les kits de campagne distribués lors des législatives de 2012. Cette affaire, dénommée affaire Jeanne, a révélé une organisation frauduleuse du financement de la campagne électorale. Après plusieurs années de procédure, Jalkh a été condamné à titre définitif par la Cour de cassation. Le rejet de son pourvoi en cassation le 19 juin 2024 a scellé la condamnation : 24 mois de prison ferme et 36 mois d'inéligibilité. Cette dernière peine revêt une importance particulière pour un politicien, l'écartant de toute candidature pendant trois ans. La Cour de cassation a confirmé les conclusions des juridictions inférieures, estimant établis les éléments constitutifs de l'escroquerie et de l'abus de confiance. Le caractère définitif du jugement met fin aux recours possibles et entérine la responsabilité pénale de Jalkh dans ce montage. Cette condamnation intervient dans un contexte plus large de réformes du financement politique en France, les législatives de 2012 ayant été marquées par plusieurs scandales de ce type au sein de différentes formations politiques. Jalkh est aujourd'hui rattaché au [Rassemblement National](/partis/rassemblement-national), successeur politique du Front national.",CONDAMNATION_DEFINITIVE,ABUS_CONFIANCE,2012-01-01T00:00:00.000Z,Non spécifié,2024-06-19T00:00:00.000Z,2012.0,2024.0,,"2 ans de prison dont 6 mois ferme, 3 ans d'inéligibilité",False,cmkjtmr4700419lv5ugyr9d4b,Jean-François Jalkh,jean-francois-jalkh,Jeanne,Jeanne,Non spécifié,Non spécifié,Non spécifié,Non spécifié,,,
cmkjtmnmm003w9lv5nosgsm74,alexandre-vincendet-violences-sur-mineur-par-ascendant,Violences sur mineur par ascendant,"[Alexandre Vincendet](/politiques/alexandre-vincendet), maire de Rillieux-La-Pape et membre des [Républicains](/partis/les-republicains), a été condamné par comparution sur reconnaissance de culpabilité (CRPC) au tribunal correctionnel de Lyon pour violences sur son fils mineur. Les faits reprochés concernent des violences commises le 6 mars 2020 sur un enfant de 5 ans. Le 18 novembre 2020, le tribunal a prononcé une condamnation définitive. La peine prononcée est un stage de responsabilité parentale, mesure qui ne figure pas au casier judiciaire. Cette condamnation s'est déroulée selon la procédure de comparution sur reconnaissance de culpabilité, dispositif permettant une issue rapide en cas d'accord de l'intéressé. Cette affaire intervient dans un contexte où [Alexandre Vincendet](/politiques/alexandre-vincendet) a également fait l'objet d'une [plainte pour violences sur mineur en 2021](/affaires/alexandre-vincendet-plainte-pour-violences-sur-mineur-2021), ainsi que d'une enquête pour prise illégale d'intérêts et détournement de fonds. L'accumulation de ces procédures soulève des questions sur la gestion de ses responsabilités publiques.",CONDAMNATION_DEFINITIVE,VIOLENCE,2020-03-06T00:00:00.000Z,Non spécifié,2020-11-18T00:00:00.000Z,2020.0,2020.0,,Stage de responsabilité parentale (non inscrit au casier),False,cmkjtmn3o003v9lv576ymfva9,Alexandre Vincendet,alexandre-vincendet,LR,Les Républicains,Non spécifié,Non spécifié,Non spécifié,Non spécifié,42.0,1983.0,Non spécifié
cmkjtmmgo003t9lv5g38lgvup,jean-noel-guerini-prise-illegale-d-interets,Prise illégale d'intérêts,"[Jean-Noël Guérini](/politiques/jean-noel-guerini), membre du [Parti socialiste](/partis/socialistes-et-apparentes), a été définitivement condamné pour prise illégale d'intérêts suite à des faits datant de 2004. L'affaire reposait sur des accusations de trucage de marchés publics et sur la préemption d'un terrain destinée à favoriser son frère. La Cour de cassation a rejeté le pourvoi le 13 mars 2024, confirmant ainsi la condamnation prononcée en première instance. Cette décision rend la condamnation définitive et inattaquable. Les peines prononcées sont substantielles : 36 mois de prison ferme, 30 000 euros d'amende, et 60 mois d'inéligibilité. La peine carcérale a été partiellement aménagée en détention à domicile pour 18 mois, les 18 autres mois étant accordés avec sursis. Confronté à cette condamnation définitive, [Jean-Noël Guérini](/politiques/jean-noel-guerini) a démissionné de son mandat de sénateur, mettant ainsi fin à ses responsabilités électives. Cette affaire constitue l'une des plus importantes condamnations de personnalités politiques françaises pour des infractions de cette nature durant cette période.",CONDAMNATION_DEFINITIVE,PRISE_ILLEGALE_INTERETS,2004-01-01T00:00:00.000Z,2011-09-08T00:00:00.000Z,2024-03-13T00:00:00.000Z,2004.0,2024.0,4570.0,"3 ans de prison (18 mois ferme aménagés, 18 mois sursis), 30 000 € d'amende, 5 ans d'inéligibilité",False,cmkjtmm2e003s9lv5a06t9nj2,Jean-Noël Guérini,jean-noel-guerini,PS,Socialistes et apparentés,Non spécifié,Non spécifié,Non spécifié,Non spécifié,,,
cmkjtmlre003q9lv5prpz4o88,georges-tron-viol,Viol,"[Georges Tron](/politiques/georges-tron), membre du [Rassemblement pour la République](/partis/rassemblement-pour-la-republique) à l'époque des faits, maire de Draveil depuis 1995, a été condamné pour des violences sexuelles commises dans l'exercice de ses fonctions. Entre novembre 2009 et janvier 2010, deux employées municipales ont été victimes de viol et d'agressions sexuelles lors de séances présentées comme de la réflexologie plantaire. Ces actes ont été commis dans le contexte d'une relation de pouvoir lié à la position de maire. L'affaire a d'abord été jugée en première instance, puis examinée en appel devant la Cour d'assises d'appel de Paris. Par décision du 8 décembre 2021, le pourvoi en cassation formé par la défense a été rejeté, rendant la condamnation définitive. Georges Tron a reçu une peine de 60 mois de prison ferme et une interdiction d'exercer des fonctions électives d'une durée de 72 mois. Cette inéligibilité a mis un terme à son engagement politique au sein des [Républicains](/partis/les-republicains), formation dont il était devenu membre par la suite.",CONDAMNATION_DEFINITIVE,AGRESSION_SEXUELLE,2009-11-01T00:00:00.000Z,Non spécifié,2021-12-08T00:00:00.000Z,2009.0,2021.0,,"5 ans de prison dont 3 ans ferme, 6 ans d'inéligibilité",False,cmkjtmkwc003m9lv51u34u0uo,Georges Tron,georges-tron,RPR,Rassemblement pour la République,Non spécifié,Non spécifié,Non spécifié,Non spécifié,,,
cmkjtmkcj003k9lv5147mog3i,francois-leotard-complicite,Complicité,"[François Léotard](/politiques/francois-leotard), homme politique du [Parti républicain](/partis/parti-republicain), a été impliqué dans le volet financier de l'affaire Karachi, vaste scandale de corruption touchant à des contrats d'armement conclus avec le Pakistan et l'Arabie Saoudite dans les années 1990. La procédure portait spécifiquement sur la complicité d'abus de biens sociaux concernant des commissions versées lors de ces opérations commerciales. Léotard était poursuivi pour sa participation directe dans ce système de détournement de fonds liés aux transactions d'équipements militaires. Jugé par la Cour de justice de la République — juridiction compétente pour les ministres en exercice ou anciens ministres — Léotard a vu sa culpabilité établie définitivement par verdict du 4 juin 2021. Le jugement lui a imposé 24 mois de prison avec sursis et une amende de 100 000 euros, reflétant la gravité des faits reconnus tout en modérant la peine par le sursis. Cette condamnation intervient après plus de deux décennies d'investigations relatives à l'affaire Karachi, dossier emblématique de la corruption dans les marchés d'armement français. Elle marque la conclusion d'une procédure judiciaire complexe engagée sur des faits remontant à 1993.",CONDAMNATION_DEFINITIVE,AUTRE,1993-01-01T00:00:00.000Z,2021-03-04T00:00:00.000Z,2021-06-04T00:00:00.000Z,1993.0,2021.0,92.0,"2 ans de prison avec sursis, 100 000 € d'amende",False,cmkjtmjwv003i9lv5osxqcalu,François Léotard,francois-leotard,PR,Parti républicain,Non spécifié,Non spécifié,Non spécifié,Non spécifié,,,
cmkjtmidm003a9lv55a4nso48,philippe-martin-detournement-de-fonds-publics,Détournement de fonds publics,"[Philippe Martin](/politiques/philippe-martin), maire de Requeil et membre du [PS](/partis/socialistes-et-apparentes) au moment des faits, a été condamné par composition pénale le 4 janvier 2022 par le tribunal judiciaire de Paris pour détournement de fonds publics. Entre 2002 et 2013, il aurait rémunéré son ex-épouse à titre de collaboratrice parlementaire fictive sur des crédits de l'Assemblée nationale. Parallèlement, de 2005 à 2012, il aurait également fait embaucher une collaboratrice du PS via les mêmes fonds publics. Ces deux contrats auraient correspondu à des rémunérations sans prestation de service réelle. La procédure de composition pénale (CRPC) a permis à l'intéressé de reconnaître les faits sans procès complet. Le tribunal a prononcé une peine de 24 mois de prison avec sursis, une amende de 70 000 euros et une inéligibilité de 36 mois. Cette dernière sanction intervient après l'exercice de mandats électifs pendant plusieurs années suivant les faits en question. Cette condamnation définitive s'inscrit dans un contexte plus large de contrôles des dépenses de collaborateurs parlementaires en France, enjeu qui a mobilisé les institutions et le débat public durant la décennie 2010.",CONDAMNATION_DEFINITIVE,DETOURNEMENT_FONDS_PUBLICS,2002-01-01T00:00:00.000Z,Non spécifié,2022-01-04T00:00:00.000Z,2002.0,2022.0,,"2 ans de prison avec sursis, 70 000€ d'amende, 3 ans d'inéligibilité, remboursement 238 000€",False,cmkjtmi5m00399lv5h9pbw92w,Philippe Martin,philippe-martin,PS,Socialistes et apparentés,Non spécifié,Non spécifié,Non spécifié,Non spécifié,,,Non spécifié
cmkjtmhv600379lv560qck0pa,michel-fanget-escroquerie,Escroquerie,"[Michel Fanget](/politiques/michel-fanget), membre du [Mouvement démocrate](/partis/mouvement-democrate), a été condamné en appel pour complicité d'escroquerie au préjudice de la Caisse primaire d'assurance maladie (CPAM) du Puy-de-Dôme. La juridiction compétente, la Cour d'appel de Riom, a rendu sa décision en mai 2022. Fanget a été reconnu complice dans un schéma d'escroquerie touchant une institution de sécurité sociale, relevant ainsi de l'abus de confiance. La peine prononcée comprend une amende de 2000 euros et une inéligibilité de 24 mois, sanction qui revêt une importance particulière pour un élu du Mouvement démocrate. Cette dernière l'empêche d'exercer certains mandats électifs pendant cette période. Un pourvoi en cassation a été formé le 18 mai 2022, portant l'affaire devant la plus haute juridiction de l'ordre judiciaire français. Cette procédure permet une révision des points de droit, bien que les faits établis en appel demeurent généralement constants. L'issue de ce pourvoi reste en attente de décision de la Cour de cassation.",CONDAMNATION_DEFINITIVE,ABUS_CONFIANCE,Non spécifié,Non spécifié,2022-05-18T00:00:00.000Z,,2022.0,,"2 000€ d'amende, 2 ans d'inéligibilité (exécution provisoire)",False,cmkjtmhdi00359lv5zgaomm00,Michel Fanget,michel-fanget,MoDem,Mouvement démocrate,Non spécifié,Non spécifié,Non spécifié,Non spécifié,,,
cmkjtmh4o00339lv5ownfi2y6,claude-gueant-favoritisme,Favoritisme,"[Claude Guéant](/politiques/claude-gueant), secrétaire général de l'Élysée sous la présidence Nicolas Sarkozy (2007-2012), occupait une position centrale dans l'administration présidentielle. Durant cette période, il a eu un rôle de supervision dans les attributions de marché public à la présidence. L'affaire porte sur l'attribution de contrats de sondages à l'Élysée sans mise en concurrence, pour un montant total d'environ 4,7 millions d'euros. Ces attributions directes, accordées à des prestataires sélectionnés de manière non transparente, constituent un favoritisme susceptible de contrevenir à la réglementation des marchés publics. [Claude Guéant](/politiques/claude-gueant) a été condamné en première instance pour ces faits. Une condamnation en appel a été rendue le 4 novembre 2025 par la Cour d'appel de Paris, assorties d'une peine de 12 mois de prison avec sursis et d'une amende de 15 000 euros. Cette affaire s'inscrit dans un contexte plus large de contrôles judiciaires visant les pratiques de gestion des deniers publics sous la présidence Sarkozy. Elle révèle des enjeux relatifs à la transparence administrative et aux obligations de mise en concurrence dans la commande publique.",APPEL_EN_COURS,FAVORITISME,2007-05-01T00:00:00.000Z,Non spécifié,2025-11-04T00:00:00.000Z,2007.0,2025.0,,"1 an de prison avec sursis, 15 000€ d'amende",False,cmkjtmgwu00329lv51crzo1j9,Claude Guéant,claude-gueant,LR,Les Républicains,Non spécifié,Non spécifié,Non spécifié,Non spécifié,,,
cmkjtmgob00309lv5fcps08mv,benoit-simian-harcelement-moral,Condamnation de Benoît Simian pour harcèlement moral sur son ex-épouse,"Benoît Simian, ancien député LREM puis Libertés et Territoires de la Gironde (2017-2022), a été condamné en juin 2022 par le tribunal correctionnel de Bordeaux à huit mois de prison avec sursis pour harcèlement moral envers son ex-épouse Soraya Messaoudi. Le parquet avait relevé une quarantaine d'actes malveillants dans le cadre de leur séparation houleuse au printemps 2020 : tags sur la boîte aux lettres, vol de poubelles, coupures d'eau et d'électricité, destruction de caméras. La victime avait dû être équipée d'un téléphone grave danger. Protégé par son immunité parlementaire (l'Assemblée nationale ayant refusé de la lever en décembre 2020), le député n'avait pas pu être placé en garde à vue durant l'instruction. Il a été condamné à verser 5 000 euros de préjudice moral et 1 200 euros de frais d'avocats à son ex-épouse, et a interjeté appel de cette décision.",APPEL_EN_COURS,HARCELEMENT_MORAL,2020-04-01T00:00:00.000Z,Non spécifié,2022-06-23T00:00:00.000Z,2020.0,2022.0,,"8 mois de prison avec sursis, 5 000€ de dommages et intérêts, interdiction d'approcher son ex-compagne",False,cmkjtmghj002z9lv5k7tcbcg2,Benoît Simian,benoit-simian,PS,Socialistes et apparentés,Non spécifié,Non spécifié,Non spécifié,Non spécifié,,,
cmkjtmg8y002x9lv5y1y8ukda,joelle-garriaud-maylam-harcelement-moral,Condamnation pour harcelement moral envers un collaborateur parlementaire,"[Joëlle Garriaud-Maylam](/politiques/joelle-garriaud-maylam), alors membre de l'[Union pour un mouvement populaire](/partis/union-pour-un-mouvement-populaire), a été condamnée pour harcèlement moral envers un de ses collaborateurs parlementaires. Les faits remontent à 2004. En première instance, le conseil de prud'hommes a reconnu le harcèlement moral et ordonné une indemnisation de 3 500 € en dommages et intérêts. La Cour d'appel de Paris, chambre sociale, a confirmé cette condamnation en juillet 2025, tout en aggravant la sanction à 10 000 €. Cette décision judiciaire définitive établit la responsabilité civile de [Joëlle Garriaud-Maylam](/politiques/joelle-garriaud-maylam) dans le traitement d'un agent public rattaché à son cabinet parlementaire. La condamnation soulève des questions sur les conditions de travail et les relations hiérarchiques au sein des équipes parlementaires, domaine où les recours judiciaires demeurent exceptionnels. Le jugement revêt un caractère particulier en raison du délai écoulé entre les faits (2004) et le verdict définitif (2025), reflétant la durée souvent longue des procédures prud'homales en matière de harcèlement moral.",CONDAMNATION_DEFINITIVE,HARCELEMENT_MORAL,2004-01-01T00:00:00.000Z,Non spécifié,2025-07-10T00:00:00.000Z,2004.0,2025.0,,10 000 € de dommages et intérêts (augmentés de 3 500 € en première instance),False,cmkjtmg14002w9lv5ldlrss3f,Joëlle Garriaud-Maylam,joelle-garriaud-maylam,UMP,Union pour un mouvement populaire,Non spécifié,Non spécifié,Non spécifié,Non spécifié,,,
cmkjtme64002i9lv56dhda15b,m-jid-el-guerrab-violence,Agression de Boris Faure a coups de casque de moto,"[M'jid El Guerrab](/politiques/m-jid-el-guerrab), alors membre du [Mouvement radical](/partis/mouvement-radical), a été condamné pour violences volontaires commises lors d'un incident survenu le 30 août 2017. Les faits reprochés concernent une agression à coups de casque contre Boris Faure, un homme politique socialiste. Cette altercation s'est déroulée en contexte public et a provoqué des blessures ayant entraîné une incapacité temporaire de travail (ITT) supérieure à 8 jours. Après instruction et jugement au tribunal correctionnel de Paris, M'jid El Guerrab a été reconnu coupable. Le verdict rendu le 12 mai 2022 a prononcé une peine globale de 36 mois de prison ferme, assortie d'une inéligibilité de 24 mois. La sentence comprenait également une durée d'emprisonnement de 1 an aménagé en bracelet électronique et 2 années supplémentaires assorties d'un sursis. Une demande de cassation a été introduite mais rejetée, rendant la condamnation définitive. Cette décision de justice s'inscrit dans le bilan judiciaire du politicien et a des implications sur son éligibilité politique future en vertu de la peine d'inéligibilité prononcée.",CONDAMNATION_DEFINITIVE,VIOLENCE,2017-08-30T00:00:00.000Z,Non spécifié,2022-05-12T00:00:00.000Z,2017.0,2022.0,,"3 ans de prison (1 ferme bracelet, 2 sursis), 2 ans d'inéligibilité",False,cmkjtmdyl002g9lv5dx0v041k,M'jid El Guerrab,m-jid-el-guerrab,MR,Mouvement radical,Non spécifié,Non spécifié,Non spécifié,Non spécifié,,,
cmkjtmdqf002e9lv53lhpn8my,marc-giraud-detournement-de-fonds-publics,Détournement de fonds publics,"[Marc Giraud](/politiques/marc-giraud), maire de Saint-Etienne-Lardeyrol et membre des [Républicains](/partis/les-republicains), a été condamné pour détournement de fonds publics par le tribunal correctionnel de Toulon le 7 octobre 2022. Entre 2011 et 2015, il avait inscrit Patricia Arnould, sa suppléante au conseil départemental, à la masse salariale de la mairie de Carqueiranne en tant qu'agent administratif, bien qu'elle n'ait exercé aucune fonction. Cette pratique d'emploi fictif lui a permis de percevoir environ 25 000 euros annuels pendant quatre ans, représentant un détournement direct de fonds municipaux. Le tribunal a jugé établi cet emploi fictif et a prononcé une peine de 24 mois de prison avec sursis, une amende de 20 000 euros et une inéligibilité de 60 mois. Cette condamnation reconnaît donc la culpabilité du politicien dans ce dossier de malversation. L'affaire fait actuellement l'objet d'un appel. Jusqu'à la confirmation ou l'annulation de cette décision, les droits politiques et la responsabilité demeurent sous réserve de la décision de la cour d'appel.",APPEL_EN_COURS,DETOURNEMENT_FONDS_PUBLICS,2011-01-01T00:00:00.000Z,Non spécifié,2022-10-07T00:00:00.000Z,2011.0,2022.0,,"2 ans de prison avec sursis, 20 000€ d'amende, 5 ans d'inéligibilité (exécution provisoire)",False,cmkjtmdjt002d9lv523xwpbfu,Marc Giraud,marc-giraud,LR,Les Républicains,Non spécifié,Non spécifié,Non spécifié,Non spécifié,,,Non spécifié
cmkjtma89001t9lv5mpl63xh4,l-titia-avia-harcelement-moral-en-france,Harcèlement moral en France,"[Lætitia Avia](/politiques/l-titia-avia), députée [Renaissance](/partis/renaissance), a été condamnée définitivement pour harcèlement moral envers cinq assistants parlementaires. La Cour d'appel de Paris a confirmé le jugement le 4 juillet 2025. Les faits remontent à 2017, période durant laquelle les assistants auraient subi des comportements de harcèlement moral de la part de la députée. Cette affaire s'inscrit dans le contexte plus large des questions de gestion du personnel dans les cabinets parlementaires et des conditions de travail des assistants. Le jugement initial, confirmé en appel, reconnaît la culpabilité d'Avia pour les faits reprochés. La condamnation emporte une peine de six mois de prison avec sursis, assorties de 24 mois d'inéligibilité. Cette mesure d'inéligibilité revêt une particulière importance dans la mesure où elle impacte directement l'exercice des mandats politiques et des responsabilités publiques de la condamnée. Cette condamnation définitive intervient plusieurs années après les faits, reflétant la lenteur relative des procédures judiciaires en matière de harcèlement moral. La confirmation en appel constitue un point final à cette affaire sur le plan juridique, sans possibilité de recours ordinaire.",CONDAMNATION_DEFINITIVE,HARCELEMENT_MORAL,2017-06-01T00:00:00.000Z,Non spécifié,2025-07-04T00:00:00.000Z,2017.0,2025.0,,"6 mois de prison avec sursis, 2 ans d inéligibilité",False,cmkjtm9r9001r9lv5esl7ujlm,Lætitia Avia,l-titia-avia,RE,Renaissance,Non spécifié,Non spécifié,Non spécifié,Non spécifié,,,
cmkjtm9hb001p9lv5xkyd8ank,mohamed-boudjellaba-voie-de-fait,Voie de fait,"[Mohamed Boudjellaba](/politiques/mohamed-boudjellaba), maire de Givors et membre de [Les Écologistes – Europe Écologie Les Verts](/partis/les-ecologistes-europe-ecologie-les-verts), a été condamné pour voie de fait suite à une altercation physique avec un habitant de la commune le 14 mars 2022. Le différend s'inscrivait dans un contexte d'opposition locale concernant le projet de construction du centre commercial des Bans. L'incident s'est produit lors d'une confrontation entre le maire et le résident au cœur de ce désaccord urbanistique. Le tribunal correctionnel a examiné les faits et rendu son verdict le 13 septembre 2023. Boudjellaba a été reconnu coupable de voie de fait et condamné à quatre mois de prison avec sursis. Cette peine sans incarcération immédiate reflète la nature et les circonstances de l'altercation jugée par la cour. La condamnation est devenue définitive, mettant fin aux procédures judiciaires liées à cet incident. Elle intervient dans un contexte de gestion municipale marquée par des tensions autour de grands projets d'aménagement local.",CONDAMNATION_DEFINITIVE,VIOLENCE,2022-03-14T00:00:00.000Z,Non spécifié,2023-09-13T00:00:00.000Z,2022.0,2023.0,,4 mois de prison avec sursis,False,cmkjtm9bx001o9lv58rwfxvzx,Mohamed Boudjellaba,mohamed-boudjellaba,EELV,Les Écologistes – Europe Écologie Les Verts,Non spécifié,Non spécifié,Non spécifié,Non spécifié,56.0,1969.0,Non spécifié
cmkjtm8mm001k9lv5dlegl4gp,eric-zemmour-injure,Condamnation pour injure envers les mineurs isoles etrangers,"[Éric Zemmour](/politiques/eric-zemmour), alors journaliste et figure du courant réactionnaire français, dirigeant de [Reconquête](/partis/reconquete), a été condamné en définitive pour complicité d'injure publique et provocation à la haine. Les faits remontent au 29 septembre 2020, lorsque Zemmour a tenu des propos sur les mineurs isolés étrangers lors d'une intervention sur la chaîne CNews. Ces déclarations, jugées injurieuses et incitatives envers des mineurs vulnérables, ont donné lieu à des poursuites judiciaires. Condamné en première instance, [Éric Zemmour](/politiques/eric-zemmour) a formé un pourvoi en cassation, lequel a été rejeté le 2 décembre 2025. Cette décision met fin à tous les recours possibles et rend la condamnation définitive. Le tribunal a prononcé une peine de 10 000 euros d'amende. Cette affaire s'inscrit dans un pattern récurrent : [Éric Zemmour](/politiques/eric-zemmour) a précédemment été condamné pour [provocation à la discrimination raciale](/affaires/eric-zemmour-condamnation-pour-provocation-a-la-discrimination-raciale-france-o-et-canal-2011) (2011) et [provocation à la haine religieuse envers les musulmans](/affaires/eric-zemmour-provocation-a-la-haine-religieuse-envers-les-musulmans-c-a-vous-2016) (2016), témoignant de condamnations répétées pour des propos publics polémiques.",CONDAMNATION_DEFINITIVE,INJURE,2020-09-29T00:00:00.000Z,Non spécifié,2025-12-02T00:00:00.000Z,2020.0,2025.0,,100 jours-amende de 100€ (10 000€),False,cmkjtm89x001i9lv543xmi66t,Éric Zemmour,eric-zemmour,REC,Reconquête,Non spécifié,Non spécifié,Non spécifié,Non spécifié,67.0,1958.0,Non spécifié
cmkjtm7zh001g9lv5nfg5m24n,philippe-doucet-detournement-de-fonds-publics,Détournement de fonds publics,"[Philippe Doucet](/politiques/philippe-doucet), membre des [Socialistes et apparentés](/partis/socialistes-et-apparentes), a été maire d'Argenteuil de 2009 à 2014. Pendant cette période, il a cumulé de manière irrégulière des remboursements de frais de bouche et une indemnité forfaitaire de 9 000 € annuels. Par ordonnance pénale du tribunal correctionnel de Paris en décembre 2024, Doucet a été reconnu coupable de ce détournement de fonds publics. Le tribunal a prononcé une peine de 12 mois de prison avec sursis, une amende de 45 000 € et une inéligibilité de 24 mois. Cette condamnation est définitive, le mécanisme de comparution sur reconnaissance préalable de culpabilité (CRPC) ne permettant pas appel. Cette affaire s'inscrit dans le contexte plus large de la gestion des finances publiques et des responsabilités attachées aux fonctions électives locales. Elle illustre les enjeux du contrôle des indemnités et remboursements accordés aux élus.",CONDAMNATION_DEFINITIVE,DETOURNEMENT_FONDS_PUBLICS,2009-01-01T00:00:00.000Z,Non spécifié,2024-12-10T00:00:00.000Z,2009.0,2024.0,,"1 an de prison avec sursis, 2 ans d'inéligibilité, 45 000€ de dommages et intérêts",False,cmkjtm7mh001e9lv52ij3xif8,Philippe Doucet,philippe-doucet,PS,Socialistes et apparentés,Non spécifié,Non spécifié,Non spécifié,Non spécifié,,,
cmkjtm7dd001c9lv5vhliehhf,philippe-mathieu-agression-sexuelle,Agression sexuelle,"[Philippe Mathieu](/politiques/philippe-mathieu), maire de Présentevillers, a été condamné en appel le 15 avril 2025 par le tribunal correctionnel d'Aurillac pour agression sexuelle sur mineur et consultation habituelle de sites pédopornographiques. Selon les faits jugés, Mathieu aurait commis des attouchements sur les parties génitales de mineurs lors d'entraînements de football. Ces agissements se situent dans le contexte de son ancien mandat de maire de Pierrefort (Cantal), où il supervisait les activités sportives locales. Le tribunal a reconnu la culpabilité de l'intéressé et prononcé une condamnation à 24 mois d'emprisonnement ferme, assortie d'une inéligibilité de 60 mois. Cette dernière peine constitue une interdiction d'exercer des mandats électoraux pendant cinq ans à compter du jugement. La condamnation définitive marque la fin de la procédure judiciaire engagée sur la base de ces faits remontant à 2023. Elle porte des implications directes sur le statut politique de Mathieu, notamment sur sa capacité à conserver ou briguer des mandats dans les délais fixés par la juridiction.",CONDAMNATION_DEFINITIVE,AGRESSION_SEXUELLE,2023-01-01T00:00:00.000Z,Non spécifié,2025-04-15T00:00:00.000Z,2023.0,2025.0,,"2 ans de prison dont 1 an ferme avec aménagement, 5 ans d'inéligibilité, interdiction définitive d'activités avec mineurs, obligation de soins",False,cmkjtm78b001b9lv5j5za8358,Philippe Mathieu,philippe-mathieu,Non spécifié,Non spécifié,Non spécifié,Non spécifié,Non spécifié,Non spécifié,66.0,1959.0,Non spécifié
cmkjtm5qc00129lv50x8b57m9,marie-christine-arnautu-detournement-de-fonds-publics,Détournement de fonds publics,"[Marie-Christine Arnautu](/politiques/marie-christine-arnautu), élue du [Rassemblement National](/partis/rassemblement-national), a été définitivement condamnée pour détournement de fonds publics. Cette condamnation intervient dans le contexte des affaires judiciaires ayant touché le groupe parlementaire du parti au cours des dernières années. Le tribunal correctionnel de Paris a reconnu les faits de détournement de fonds publics et a prononcé une peine de 18 mois d'emprisonnement avec sursis, ainsi qu'une inéligibilité de 36 mois. Cette dernière sanction emporte une conséquence politique directe, interdisant à la condamnée l'accès à des fonctions électives pendant trois ans. Le jugement est définitif depuis le 31 mars 2025, mettant fin à la procédure judiciaire sur ce dossier. La condamnation s'inscrit dans une série de poursuites ayant ciblé les gestionnaires et élus de groupes parlementaires pour des malversations financières, reflétant les tensions autour de la gestion des fonds publics alloués aux activités politiques et parlementaires. Cette affaire illustre les mécanismes de contrôle et de responsabilisation des élus en matière de gestion des deniers publics, ainsi que les implications électorales potentielles des condamnations judiciaires en matière d'inéligibilité.",CONDAMNATION_DEFINITIVE,DETOURNEMENT_FONDS_PUBLICS,Non spécifié,Non spécifié,2025-03-31T00:00:00.000Z,,2025.0,,"18 mois de prison avec sursis, 3 ans d'inéligibilité avec sursis",False,cmkjtm5iy00119lv5erlvnj5r,Marie-Christine Arnautu,marie-christine-arnautu,RN,Rassemblement National,Non spécifié,Non spécifié,Non spécifié,Non spécifié,,,
cmkjtm51d000z9lv5t03do5kv,marie-christine-boutonnet-detournement-de-fonds-publics,Détournement de fonds publics,"[Marie-Christine Boutonnet](/politiques/marie-christine-boutonnet), membre du [Rassemblement National](/partis/rassemblement-national), a été condamnée le 31 mars 2025 par le tribunal correctionnel de Paris pour détournement de fonds publics. Cette condamnation définitive intervient dans le contexte des affaires judiciaires qui ont fragilisé la formation politique du [Rassemblement National](/partis/rassemblement-national) ces dernières années. Le tribunal a prononcé une peine de 18 mois d'emprisonnement avec sursis, assortie d'une interdiction d'exercer un mandat électif pendant 36 mois. Cette sanction reflète la gravité des faits reprochés, à savoir l'utilisation frauduleuse de fonds publics. La condamnation définitive met un terme à la procédure judiciaire engagée contre [Marie-Christine Boutonnet](/politiques/marie-christine-boutonnet). La peine prononcée, bien que non exécutée en détention immédiate, prive l'intéressée de ses droits politiques pendant trois années. Cette interdiction d'éligibilité représente une conséquence majeure pour la carrière politique de l'élue. Cette affaire s'inscrit dans une série de dossiers judiciaires impliquant des cadres du [Rassemblement National](/partis/rassemblement-national), révélant des enjeux de gouvernance et de gestion des deniers publics au sein de la formation politique.",CONDAMNATION_DEFINITIVE,DETOURNEMENT_FONDS_PUBLICS,Non spécifié,Non spécifié,2025-03-31T00:00:00.000Z,,2025.0,,"18 mois de prison avec sursis, 3 ans d'inéligibilité avec sursis",False,cmkjtm4u1000y9lv5kboid0h2,Marie-Christine Boutonnet,marie-christine-boutonnet,RN,Rassemblement National,Non spécifié,Non spécifié,Non spécifié,Non spécifié,,,
cmkjtm4lj000w9lv5nqm0ml1r,dominique-bilde-detournement-de-fonds-publics,Condamnation de Dominique Bilde dans l'affaire des assistants parlementaires du RN,"Dominique Bilde, députée européenne du Rassemblement national de 2014 à 2024 et ancienne conseillère régionale, a été condamnée le 31 mars 2025 par le tribunal correctionnel de Paris à 18 mois de prison avec sursis et trois ans d'inéligibilité avec sursis pour détournement de fonds publics. Cette condamnation intervient dans le cadre du vaste procès des assistants parlementaires du RN, où 25 prévenus sont accusés d'avoir détourné 4,6 millions d'euros de fonds du Parlement européen sur plus de dix ans pour financer les activités du parti. La peine prononcée inclut une inéligibilité assortie du sursis, contrairement à certains autres prévenus pour lesquels l'exécution provisoire a été ordonnée. Un procès en appel est en cours, avec un arrêt attendu le 7 juillet 2025.",CONDAMNATION_DEFINITIVE,DETOURNEMENT_FONDS_PUBLICS,Non spécifié,Non spécifié,2025-03-31T00:00:00.000Z,,2025.0,,Non spécifié,True,cmkjtm4e5000v9lv5cawcf1ss,Dominique Bilde,dominique-bilde,RN,Rassemblement National,Non spécifié,Non spécifié,Non spécifié,Non spécifié,,,
cmkjtm45t000t9lv5t2odhz5t,mylene-troszczynski-detournement-de-fonds-publics,Détournement de fonds publics,"[Mylène Troszczynski](/politiques/mylene-troszczynski), membre du [Rassemblement National](/partis/rassemblement-national), a été condamnée en première instance pour détournement de fonds publics. Le tribunal correctionnel de Paris a rendu son jugement le 31 mars 2025, établissant que des fonds publics avaient été détournés de leur destination légale. Les faits reprochés relèvent d'une utilisation non conforme de ressources financières relevant du secteur public. La procédure a abouti à une condamnation définitive. [Mylène Troszczynski](/politiques/mylene-troszczynski) a été condamnée à une peine de 18 mois de prison avec sursis, mesure qui ne implique pas d'emprisonnement ferme. Elle a également reçu une peine complémentaire d'inéligibilité de 36 mois, qui l'empêche d'exercer des mandats politiques pendant cette période. Cette condamnation revêt une importance particulière dans le contexte de la lutte contre la corruption et le détournement de deniers publics. Elle illustre l'application de la sanction pénale aux représentants politiques en cas de malversation avérée. Les peines prononcées combinent des mesures punitives et des restrictions aux droits politiques.",CONDAMNATION_DEFINITIVE,DETOURNEMENT_FONDS_PUBLICS,Non spécifié,Non spécifié,2025-03-31T00:00:00.000Z,,2025.0,,"18 mois de prison avec sursis, 3 ans d'inéligibilité avec sursis",False,cmkjtm3z8000s9lv555i8vyoh,Mylène Troszczynski,mylene-troszczynski,RN,Rassemblement National,Non spécifié,Non spécifié,Non spécifié,Non spécifié,,,
cmkjtm23x000f9lv5jqpilm5v,brice-hortefeux-association-de-malfaiteurs,Association de malfaiteurs,"[Brice Hortefeux](/politiques/brice-hortefeux), membre des [Républicains](/partis/les-republicains), a été condamné le 25 septembre 2025 à 24 mois de prison ferme, 50 000 euros d'amende et 60 mois d'inéligibilité dans l'affaire du financement libyen de la campagne présidentielle de 2007. Cette procédure judiciaire concerne les allégations selon lesquelles des fonds de provenance libyenne auraient contribué au financement de la campagne électorale présidentielle de 2007. Hortefeux était impliqué directement dans ce dossier. La première instance a rendu son jugement le 25 septembre 2025, prononçant les peines mentionnées. La défense a formé un appel, qui fait actuellement l'objet d'une procédure au stade de l'appel. Un procès en appel est prévu du 16 mars au 3 juin 2026. Le verdict initial et les peines prononcées restent sous le régime de l'appel, ce qui signifie que les décisions du tribunal de première instance pourraient être réduites, confirmées ou aggravées lors de cette nouvelle phase de jugement. La sentence d'inéligibilité constitue une mesure d'ordre politique, suspendant temporairement les droits électoraux du condamné.",APPEL_EN_COURS,AUTRE,Non spécifié,Non spécifié,2025-09-25T00:00:00.000Z,,2025.0,,"2 ans de prison ferme, 50 000 € d'amende, 5 ans d'inéligibilité",True,cmkjtm1w5000e9lv5bb4umdc4,Brice Hortefeux,brice-hortefeux,LR,Les Républicains,Non spécifié,Non spécifié,Non spécifié,Non spécifié,,,
cmkjtm15900099lv5tutu9aua,romuald-seels-voie-de-fait,Voie de fait,"[Romuald Seels](/politiques/romuald-seels), maire de Venette, a été condamné par le tribunal de Compiègne pour voie de fait. Les faits remontent au 22 décembre 2024. Le jugement, rendu le 12 décembre 2025, a abouti à une condamnation définitive à une amende de 1 000 euros pour voie de fait. Cette infraction, inscrite dans la catégorie des violences, a été retenue contre l'élu par la juridiction compétente. Cette condamnation intervient dans le contexte de ses fonctions actuelles de maire de Venette. Elle peut avoir des implications en matière de responsabilité civile et de réputation publique de l'élu, bien que le statut de condamnation définitive clôt la procédure judiciaire sur ce dossier.",CONDAMNATION_DEFINITIVE,VIOLENCE,2024-12-22T00:00:00.000Z,Non spécifié,2025-12-12T00:00:00.000Z,2024.0,2025.0,,1 000 € d'amende + ~500 € de dommages et intérêts,False,cmkjtm0z700089lv53ffskfuh,Romuald Seels,romuald-seels,Non spécifié,Non spécifié,Non spécifié,Non spécifié,Non spécifié,Non spécifié,60.0,1965.0,Non spécifié
