id,sentiment_score
cmm5a0gip00wb1v213fjoahbh,0.39794403314590454
cmm5a09jc00kx1v21r90q90bd,0.4370955228805542
cmm5a0i9n00yw1v214xxd125w,-0.5022762417793274
cmm5a03f500am1v214nrkafyr,-0.4182932376861572
cmm7a6we007fz0d219puib1l9,-0.43871036171913147
cmm5a04ak00c51v21vuhs1lyv,-0.42330679297447205
cmm7a6zas07le0d21t20yi8pt,0.4329487383365631
cmm5a0fnb00uz1v21cs38ylb2,-0.48590198159217834
cmm5a0c5q00ph1v213fkfki1o,-0.5718311667442322
cmm7a6uwe07d70d21nngcsoic,-0.4688299298286438
cmm7a734c07sf0d21txpab62p,-0.46088334918022156
cmm5a055y00do1v2132hqmk3i,0.4409447908401489
cmm59zy5p002s1v217mp3ptsp,-0.44912347197532654
cmm7a73ug07to0d21u9ayrvsv,-0.48746398091316223
cmm59zz1g00401v212v2sjp9v,-0.41138505935668945
cmm5a0d1400qv1v21covshr5d,-0.4759930372238159
cmm59zwe0000t1v211gmoifgj,-0.404069185256958
cmm7a707k07mu0d21p80day1h,-0.45190608501434326
cmm5a07sf00i31v21to5lp9q3,-0.43091046810150146
cmm5a0he700xr1v21k3ng35y2,-0.486303448677063
cmm7a75as07wb0d21czlimmor,-0.4821397662162781
cmm7a6ykl07jz0d2123lg8c4a,-0.47191137075424194
cmm59zvh700001v215yja8swe,-0.4382607042789459
cmm5a06x100gp1v21hucqv6zt,-0.4048924148082733
cmm7a761e07xr0d21at9oikk2,-0.4642984867095947
cmm5a0aer00me1v21i1r034hh,0.42033353447914124
cmm59zxa0001s1v21sz7eswxy,-0.42347586154937744
cmm7a70xq07o80d21nnnefj7j,-0.44601085782051086
cmm7a71nw07pl0d21yn6my8m0,-0.49560293555259705
cmm7a72e407r00d21tre940ip,-0.47416985034942627
cmm5a0baa00nz1v215vkv82ee,-0.5415635108947754
cmm5a00sj006f1v21ov7jj8q5,-0.40204155445098877
cmm7a6u5i07bt0d21q51xfn2h,-0.5728416442871094
cmm7a74kn07v00d21ep6ey8j8,0.40676334500312805
cmm7a6vnq07ej0d21ily5axt5,-0.47358793020248413
cmm7a6x4b07hb0d21bco0w9sa,-0.444713294506073
cmm5a08nx00jf1v2160nqcwe3,-0.4239753186702728
cmm5a01o2007r1v21s116n222,0.44043678045272827
cmm5a0eru00tj1v211nvzmk7v,-0.5425906777381897
cmm5a061l00f71v2169u3borh,-0.5401859283447266
cmm59zzx200571v21ynw0f1n8,0.43993228673934937
cmm5a0dwh00s71v21urfol5zb,0.44791287183761597
cmm7a6xuf07in0d214pf66gs8,-0.44726380705833435
cmm5a02jj00931v21z1lxozbk,-0.5536327362060547
cmm7a6f7h06tg0d21zrjwn16h,-0.4278830289840698
cmm7a6lxd074u0d21pgxwi9at,-0.4050782024860382
cmm3upaws012k0w217ydvjqoy,-0.3895340859889984
cmm3up5ow00m30w21dtsvsmop,-0.3905726969242096
cmm3uozu5000z0w210eyvn404,-0.5301443338394165
cmm7a6kh1071x0d213o1wdke6,-0.40790626406669617
cmm7a6d0y06pp0d21xawvfc0s,-0.4118756055831909
cmm3up2ag008y0w2104ofpos1,-0.4925994575023651
cmm3up39e00cq0w21ovtzggb5,-0.40355184674263
cmm7a6cao06ob0d21kamy5e1i,-0.553041398525238
cmm3up90k00xn0w21w51z2c78,-0.4041007459163666
cmm7a6i4106y00d21fqwygshv,0.4282131493091583
cmm7a6dr506r20d21rdw0hcd3,0.4450919032096863
cmm3up74600r40w21xnkdl97z,0.4404887557029724
cmm3upbv1015o0w218jvf0mpl,-0.44493409991264343
cmm7a6eh906s60d21a3tmm9wj,-0.408092200756073
cmm3upbdy01450w211c022t7e,-0.4218814969062805
cmm3up1bt005o0w218cqdn6kl,0.4234660863876343
cmm7a6hdx06wv0d21thk1e8ts,-0.41797351837158203
cmm3updr801br0w21abfpy1p1,0.44890400767326355
cmm3up9hl00yh0w21opap7ao5,-0.41091388463974
cmm3up9yj00zp0w213r2vzk0d,-0.40851858258247375
cmm7a6jqw070e0d21050wsy99,-0.4163353741168976
cmm7a69xe06jh0d219t91h2tg,0.39557579159736633
cmm3upepe01eo0w21r7l8ytwg,-0.41937699913978577
cmm7a6l79073d0d21kdnk93qy,-0.39328622817993164
cmm3up8jm00w60w21bud0yhrx,-0.4049769341945648
cmm3upda901ac0w21ywrr0ine,-0.40082353353500366
cmm3up49700gn0w21dx9wsctt,-0.4033353924751282
cmm3up82j00uj0w21oidmb4bb,-0.5262349247932434
cmm3up0uh00420w21djbjhagz,-0.5570102334022522
cmm3up4qd00i70w21r9marggc,0.41918984055519104
cmm7a6gns06vs0d21iprf7xky,-0.42226022481918335
cmm3up2rx00ar0w21lv9jvo1z,-0.5975552797317505
cmm3upfnr01hj0w21uq0kceht,-0.40409114956855774
cmm3upafp01150w21qz8f5yu4,-0.42392265796661377
cmm3up66400o30w21zy89xekp,-0.40665340423583984
cmm7a6fxn06uq0d21gsa6wvfl,-0.4251452088356018
cmm3upe8a01d70w213nz4nhjm,-0.5450127124786377
cmm3up3r400es0w21a93m2bi2,-0.44677141308784485
cmm3uozaa00000w21dupz1a2l,-0.6011301875114441
cmm3up1sy00780w21tll98jia,-0.5503535270690918
cmm3upcc501790w21xu8imleb,0.44938987493515015
cmm3up0cw002j0w21n4y2k60r,-0.4401562213897705
cmm3up7lf00t10w21mrxtrgft,-0.5581116676330566
cmm7a6j0o06yx0d21njvlnt2j,-0.5179657340049744
cmm3upf6m01g30w21lwbdiuhm,-0.5544021129608154
cmm3up57o00k20w21ebahircq,-0.39857548475265503
cmm7a6anp06l50d21pswqpvnj,0.4436967074871063
cmm3up6n400pk0w21qqcdzddz,-0.4097401201725006
cmm7a6bkf06mq0d217udzgmcz,-0.4126843214035034
cmm3upcta018v0w21y7qv63y3,-0.5311324596405029
cmm2ffxgs00gz1o21lad1a6mz,-0.4252459406852722
cmm2fg3c802481o21rlu3hirm,0.6636413335800171
cmm2ffz4z00xw1o211la32z4y,-0.3974107503890991
cmm7a60qr068m0d21dcz8c2m0,-0.55262690782547
cmm2fg0uj01ev1o212xfgfoq9,-0.39730924367904663
cmm2fg00p016f1o21sv6r4b3v,-0.4842033386230469
cmm2ffyay00pc1o21b2s2pntv,-0.46200045943260193
cmm2ffvak00001o21poa2cy1z,-0.3996451199054718
cmm7a61iq06cm0d21ixew3fhd,-0.5328578948974609
cmm2fg1ov01nb1o21hmwx7462,-0.47919920086860657
cmm7a62ai06fq0d21vdqkzz7g,-0.5284627079963684
cmm7a5shd05920d218m4xyn63,0.4083625376224518
cmm7a5wwl05yp0d21k4av4b6q,0.37464502453804016
cmm7a5w5z05tu0d21sf5q079g,0.4021884500980377
cmm0zzjcb0000013zvf77eqxj,-0.3875327706336975
cmm7a5qtl05090d21g4te0nyp,0.4114185571670532
cmm0zzn9o00zd013z1eibbao0,0.40052294731140137
cmm7a5vff05oy0d21j56s9wfv,-0.4566212296485901
cmm7a5ntw04fg0d21dcqzinmp,0.464661568403244
cmm7a5tyd05gi0d21wkuhwx30,-0.4259531795978546
cmm7a5rqt054v0d21jzj9uz4q,-0.5695650577545166
cmm7a5lki03tq0d21xqm3y2m4,0.4092302620410919
cmm0zzljb00j8013zxggrhqxi,-0.4024759829044342
cmm0zzk0q004q013zeby5xbt0,0.40763577818870544
cmm7a5q3104vq0d2162fzobd8,-0.41286933422088623
cmm7a5uov05kn0d21ugvzxby1,0.4032483398914337
cmm7a5ktm03mi0d21f8njiq27,0.3975898325443268
cmm7a5pcc04r80d21tsfm2x3t,-0.4451025724411011
cmm0zzns7015g013zwrpfn0d2,-0.38740473985671997
cmm0zzoa501bk013zz3f5ztqh,0.40816575288772583
cmm0zzos601hk013znsd3odmp,-0.399787038564682
cmm7a5ols04mp0d21kqq6tb0q,-0.42435431480407715
cmm0zzkiq009a013zo0ejnuo7,-0.3943633735179901
cmm7a5iwq03880d21mthan5md,-0.4049868583679199
cmm7a5xn5063l0d217ykit7h8,-0.403950572013855
cmm7a5k2p03fc0d219v6ptcpj,-0.4024215042591095
cmm0zzmrl00to013z7ie2wjxq,-0.3829231858253479
cmm0zzm1c00o5013zkfw8he72,-0.4266662299633026
cmm7a5n2b04860d21pj9doagk,-0.40518155694007874
cmm7a5mbh040z0d216xn2vcn4,0.38067030906677246
cmm7a5t7v05ci0d219fujx50h,-0.4538649618625641
cmm0zzl1400e8013zbehasy8j,0.4085177481174469
cmm7a5arf024y0d21uez6z58j,0.4000035524368286
cmm7a59u702050d21o54n3gvw,-0.49916312098503113
cmm7a536k00wp0d21id3qawnq,-0.4406672716140747
cmm7a54nt015f0d21u1s8q3bq,-0.40304872393608093
cmlzko1q201i0083zmuzv6s53,0.40436118841171265
cmlzknsg800lo083z2frplup5,-0.4703885316848755
cmm7a4zat009i0d21awo199fk,-0.4247106611728668
cmlzkob1402jm083z4f1wpx8w,0.40300291776657104
cmlzko54d01ui083zg78a14on,0.41129741072654724
cmm7a55eb019l0d21h25ykdfn,-0.47110262513160706
cmm7a53x801110d21okpijify,-0.47636058926582336
cmm7a4xl800000d21rijtz3bj,-0.4452812969684601
cmm7a5d1f02jg0d21tnkpg83d,0.38618722558021545
cmm7a5fzt033d0d21hhh31gvn,-0.41409730911254883
cmlzko5yn01xx083zrgmsou51,-0.4215380847454071
cmm7a56vq01hs0d219wzas6ub,-0.42257949709892273
cmm7a58cy01qq0d21d46bdpj8,-0.48605361580848694
cmm7a5caw02f30d216vfsre1g,0.38076579570770264
cmlzko3fa01n5083zbas1w2sl,0.4098708927631378
cmlzknnby004u083z0eyydfjy,0.4008796811103821
cmlzko6t7021j083zddlt4laq,-0.41863954067230225
cmm7a5f9302yi0d216smba0mr,0.4009076654911041
cmlzknxie013h083zc6hz1ot3,-0.46527722477912903
cmlzknvte00x6083z4steuroo,-0.43365412950515747
cmlzkno7l007d083z1zm02sgv,-0.45510321855545044
cmlzko4a001r2083zc0mjn73z,-0.4221923351287842
cmm7a593p01vh0d21sywttvon,-0.45425769686698914
cmm7a50s600iy0d21ul2kui8d,-0.46491292119026184
cmlzkntae00oj083zaif16xv3,-0.44453418254852295
cmm7a5eik02tj0d21h3j1uibo,-0.41751793026924133
cmm7a5dry02oi0d21m8donye7,-0.416252076625824
cmm7a57mc01m70d21kd1jzbeb,-0.47575056552886963
cmm7a501i00e80d21dq38bbww,-0.46879518032073975
cmm7a4yjz004v0d212khiovw9,-0.4327927827835083
cmlzknp2l00ak083zopzaqhy7,-0.40950360894203186
cmlzko8hu028p083zqr6t98au,0.40805914998054504
cmlzko0vq01fb083zv9xafywn,-0.4156460762023926
cmm7a51ir00np0d21ordm5d3a,-0.44752970337867737
cmlzko7nm0252083zttp6m555,-0.4461720287799835
cmlzknwnw0109083zf0731gic,-0.41281983256340027
cmlzknrm100j3083zxmeliybq,-0.49890875816345215
cmlzkoa6m02fq083z8y46g10i,-0.44347772002220154
cmlzko9c802c8083z2f634pfi,-0.5712869763374329
cmlzknz78019j083zubd1qmv5,-0.4661100506782532
cmm7a565701dq0d21or6y503q,-0.4607211649417877
cmlzko01j01cl083zx1zzlp2k,-0.45873400568962097
cmlzknqrq00gn083z9c8ca0cb,-0.45602354407310486
cmlzknuz400u5083zz4vzdn4n,-0.4648829400539398
cmlzknu4n00r9083zfllq9owo,-0.3992876410484314
cmlzknmhf002f083za4zveqc4,-0.4677087068557739
cmm7a5bjz029u0d21d9ql0o9s,-0.5323330760002136
cmlzko2kg01jq083zji9a0ld1,-0.47020891308784485
cmlzknyco016i083z398dk7at,-0.4373856484889984
cmlzknpxd00do083zh2z8ww3r,-0.41933244466781616
cmlzknlk40000083z1dlu86y0,-0.47627463936805725
cmm7a529f00sg0d21ypg573bn,-0.45729437470436096
cmlv9znuj00qlyt3zdh517w4i,-0.41146957874298096
cmlv9zqub014gyt3z5melnse2,-0.40218621492385864
cmlv9zhra0000yt3ziyevkjel,-0.45980414748191833
cmlv9zj2n004eyt3zdtvc9xwc,0.40506306290626526
cmlv9zjph006wyt3z8kfp3afw,-0.4144848585128784
cmlx9p5x80amjzl3z58axeyny,-0.42606526613235474
cmlv9zn9i00o2yt3zm4rm7305,-0.4259597659111023
cmlv9zkbp009zyt3z7nqua18i,-0.4772166609764099
cmlv9zs0g019wyt3z7uqvwu75,-0.4234600365161896
cmlx9p6sc0argzl3z3c2wuwix,-0.4486103951931
cmlx9pf8s0c1szl3z8162e42x,-0.48217716813087463
cmlv9zsli01cqyt3zpy84hhtl,-0.4017469882965088
cmlx9p77y0at9zl3zqzghpcmd,-0.44015994668006897
cmlx9pcn10bmwzl3z7v00bdq0,-0.4094228446483612
cmlx9p9xg0b8hzl3zy3d72tyo,-0.4510645568370819
cmlv9zt6k01fjyt3zcryd4ae9,-0.4455900192260742
cmlx9pdid0bruzl3zjsd6j597,-0.43631845712661743
cmlv9zpmz00yiyt3zy2sh0wtv,-0.423628032207489
cmlv9zli100ftyt3zj3z05k5d,0.3921971619129181
cmlx9pfod0c47zl3zwz0sigcn,-0.4236442744731903
cmlx9pc7e0bkfzl3z3k6mcrsh,-0.462712824344635
cmlx9pet80bzkzl3z9w9mwuvj,-0.41815707087516785
cmlv9zucw01l5yt3zu0ldr9oa,-0.40103426575660706
cmlx9pacz0baizl3zfr4hx954,-0.48582375049591064
cmlv9zrfc0173yt3zs85teald,-0.43914079666137695
cmlv9zm3d00ipyt3z5hu5dvxi,-0.44012361764907837
cmlx9pedl0bx1zl3zn08a1tc7,-0.4314228892326355
cmlv9zogf00t1yt3zxjhee938,-0.41242244839668274
cmlx9p9270b3dzl3zl5x6tydh,-0.4070934057235718
cmlv9zift001xyt3zss81aujd,-0.4606934189796448
cmlx9pgnd0c92zl3zusyrm6xl,-0.43180379271507263
cmlx9pasi0bchzl3zijww9000,0.4057537317276001
cmlx9pbnx0bhpzl3zz7m7n7mt,-0.43565335869789124
cmlx9p9ht0b5wzl3zekjq97bp,-0.45768290758132935
cmlx9p8ml0b0yzl3zulqnywbt,-0.4135805368423462
cmlx9pb8b0bf5zl3zwtbzf1p1,-0.4096386432647705
cmlv9zkwy00ctyt3zobdcwj45,-0.42334336042404175
cmlx9p6cs0ap1zl3zq25o5m71,-0.42849740386009216
cmlv9zmog00leyt3zpzvg6clo,-0.412361741065979
cmlx9p86z0ayezl3zcf5hh1dk,-0.40458717942237854
cmlx9pg3x0c6lzl3zv58hw7v8,-0.4200371503829956
cmlx9p7rf0avyzl3zftmwy13a,-0.4714219868183136
cmlv9zq8j011eyt3zob3aahgi,0.4127570688724518
cmlx9pd2p0bp6zl3zo78zbhj8,0.4000431001186371
cmlx9pdy10buizl3zsnp9f65q,-0.42049145698547363
cmlx9ph2w0cbezl3zhd89bi1q,0.41235870122909546
cmlx9p0ie0a1pzl3zazg72v6y,-0.4387476146221161
cmltuluhf01ciza4tzidsk3p9,-0.4244692027568817
cmltum4a503t0za4tmlz4366e,-0.42012178897857666
cmltum3ed03lvza4tt1j3vcs1,-0.4052942991256714
cmltulsp100xaza4t3jt243j7,-0.4372955858707428
cmltum4q303w1za4twmxbfvyx,-0.4013667404651642
cmltulw9h01s0za4th0rztrbk,-0.41644465923309326
cmltulof60000za4thsx7cgas,-0.4991614520549774
cmlx9p0y10a5czl3zcxg1utyd,-0.41372260451316833
cmltum15r0314za4tkub83qlg,-0.3946130573749542
cmltulu1h018pza4tsq9b1t7j,-0.4199325442314148
cmltulzdl02kgza4tk4ptpfu5,-0.5531161427497864
cmltult540114za4tzn8ph744,-0.45893993973731995
cmltum1lp0359za4tw2529t0v,-0.4129464030265808
cmltultl3014sza4tigj3vmm7,-0.42570528388023376
cmlx9owh5096dzl3zw5fdgdxj,-0.4403659701347351
cmlx9ow1e092dzl3z5l5cfl1g,-0.417000949382782
cmlx9otut08iszl3zqewc68sq,-0.47651606798171997
cmlx9oz7809rwzl3zaay6n473,-0.4360171854496002
cmltulyh702btza4tydgbyrdx,-0.4249272048473358
cmlx9ovln08y8zl3zu88hl8i8,-0.41479039192199707
cmlx9oxgd09dlzl3zx8g19xc9,-0.47782620787620544
cmltum2yh03hzza4tzj9a71wz,-0.43539348244667053
cmltulpxm0091za4t5fvcz02w,-0.40614649653434753
cmltulx5c01zpza4tvcpjkjxk,-0.4446953237056732
cmltuly19027nza4tr3at35ez,-0.45382174849510193
cmltulzu002ooza4txfu7ui6a,0.3975428342819214
cmltulvde01k3za4tlsmqvtk8,-0.435271680355072
cmlx9p2d20afxzl3z4xi0d4jv,-0.45192790031433105
cmltum09v02stza4tir4xx7v2,-0.4220161437988281
cmltuls8w00tdza4tz1mog5rz,-0.4311981499195099
cmlx9p02n09y2zl3z71d6vdry,-0.42911216616630554
cmltulxla023mza4t23mtymg3,-0.4375668466091156
cmlx9p2sq0ajazl3zdjpc2w5y,-0.4540015161037445
cmlx9ov5w08u9zl3z34u4pqzc,-0.45394694805145264
cmltum55x03ypza4tiabmrpyu,-0.443333238363266
cmlx9ouah08mjzl3zeshnfa21,-0.3977832496166229
cmlx9oyrh09o4zl3zqaf1wq5l,-0.468075692653656
cmlx9oybr09knzl3zamn0px38,-0.4300958216190338
cmltulwpg01vyza4tph55joph,-0.4216814935207367
cmltum2i103drza4tirzirnpy,-0.5748292803764343
cmlx9oxw309h5zl3zvmldlef4,-0.40534287691116333
cmltulp06002rza4tzbhebbjx,-0.42913973331451416
cmltum21m039hza4tf4f85unf,-0.45993271470069885
cmltuluxj01gaza4t0hcwfsgn,-0.44484075903892517
cmltum5m6042fza4t23gibhdw,-0.4317265450954437
cmltum3u603pnza4tvfej04bv,-0.434385746717453
cmltulrcr00l3za4tylrrp9zo,-0.4579562544822693
cmlx9ozn109v9zl3zuyobrr8d,-0.4605669379234314
cmltulpgq005mza4tcx4we4ri,-0.4438368082046509
cmltulqvq00h5za4tukveg0l8,-0.43845027685165405
cmltum0pu02wzza4tqad2kbwr,-0.42883917689323425
cmltulvtd01o3za4tpors2hxe,-0.5039268732070923
cmltulqfi00d2za4t3rh0j3fh,-0.40340039134025574
cmlx9ouq508qdzl3zd480quu3,-0.4416413903236389
cmlsf9vkj02g8z53ylrroqvgi,-0.4153638780117035
cmlsf9ktm003oz53yepm06uw1,0.4391855299472809
cmlsf9t5x01vpz53ytpx9vwpn,0.4416470527648926
cmlx9omhp07s6zl3zj4nilnhf,-0.39773261547088623
cmlsf9xyo033xz53y1rtf8l6o,-0.5255973935127258
cmlsf9jrv0000z53y9695i9rl,-0.42457932233810425
cmlsf9mud00fxz53yptyfhrbk,0.4342516362667084
cmlx9okq50782zl3z93l7p155,-0.5545709729194641
cmlsf9um9027sz53y0qanwx7y,0.6009438037872314
cmlx9oiy906mozl3zbeglkgzu,-0.5807125568389893
cmlsf9w1q02kmz53y47r4ppcl,0.5983624458312988
cmlsf9lun0096z53yhg46e1hv,0.5977346301078796
cmlsf9lat005xz53y55p5mevu,0.4461771249771118
cmlsf9wj502p3z53ywr9o5zik,0.42334499955177307
cmlsf9u4t023qz53yo3kdyxzd,0.6021055579185486
cmlsf9nsy00ncz53y1z6pl9oy,-0.4181763231754303
cmlsf9v3b02byz53ybnnx71e8,0.4291597008705139
cmlsf9s6o01n7z53ydmx2gfei,0.593216598033905
cmlsf9osd00ukz53yr1ny27gs,0.42958906292915344
cmlx9oosl08erzl3zqtl9h1eq,-0.4371742904186249
cmlx9ooct08apzl3zwex7uvg9,-0.4284950792789459
cmlsf9tnf01zpz53yqp3sqcn2,0.6016377210617065
cmlx9oka3072szl3z141rvz1e,0.4196200370788574
cmlx9onhd082lzl3zipfu5rh5,-0.4284133315086365
cmlx9om1t07myzl3zwdvld3hi,-0.4766221046447754
cmlsf9q8v016fz53ymxso9ay4,-0.41937190294265747
cmlsf9x0e02twz53y2cxdq6ca,0.5947505235671997
cmlx9ollx07i3zl3zlyix079f,-0.41681307554244995
cmlsf9oau00qxz53ye74wwuck,0.4570295214653015
cmlsf9soj01rhz53ykwu5rzw1,-0.44405874609947205
cmlx9omxl07xizl3zpts04at6,0.4004144072532654
cmlsf9r7s01erz53yaxr5c4cg,0.43728506565093994
cmlsf9qq701akz53y4n9feub2,-0.42332038283348083
cmlsf9p9y00ycz53yfe3o1bz3,-0.42207464575767517
cmlx9onx2086nzl3zfxf65sgl,-0.4377613961696625
cmlx9ol6007dczl3z9d2xan8n,-0.44477200508117676
cmlsf9prm012iz53ycotrmdmv,0.44425830245018005
cmlx9ojec06sozl3zkxzqw82c,-0.4348512291908264
cmlsf9kbg001lz53ybh4ivtw8,-0.4278436005115509
cmlsf9mca00cfz53y1cx9607l,-0.422100692987442
cmlsf9xhl02yuz53yireh5v8x,-0.4148330092430115
cmlsf9nbs00jlz53yk51ukj93,0.5921882390975952
cmlx9oju706xpzl3z3i2lx4j7,-0.4288111627101898
cmlsf9rp801j0z53ydq3hipuj,-0.41979655623435974
cmlx9nx3500ypzl3zk317nkhz,0.4503144919872284
cmlx9nxjb014azl3zgn8eitxu,-0.41802746057510376
cmlx9o9c304rkzl3z44mi3qqv,0.44067925214767456
cmlx9o59t03nczl3zupehao7i,0.5668568015098572
cmlx9o8w704mfzl3zg6ah1vbe,0.44934558868408203
cmlx9nwj800t7zl3z9nbusp5o,-0.4236268401145935
cmlx9o7kl047gzl3zaks8de0c,0.44995808601379395
cmlx9nzbi01q9zl3zn8hbzgqi,0.4214552342891693
cmlx9o4tw03j3zl3zryuuqpzp,-0.4230976402759552
cmlx9o8gc04hdzl3z0o53vjqy,0.41568058729171753
cmlx9o3i4035jzl3zsanc64ay,0.44167327880859375
cmlx9o2md02v0zl3zsxsmlh7s,0.5932627320289612
cmlx9o69503v3zl3ziajc4is8,-0.4750500023365021
cmlx9o74n042ozl3z4v0uv62d,-0.5512059926986694
cmlx9oeao06ckzl3zjjamcpq3,-0.44510766863822937
cmlx9nvn900jqzl3zx19mj4vq,-0.4316743314266205
cmlx9o5pm03rozl3zdwzh5h63,-0.4564998745918274
cmlx9o07f0216zl3z1nckzpcv,0.5959320664405823
cmlx9ocj805rzzl3z4sdrl2j3,-0.4133922755718231
cmlx9odey062dzl3zyokhsg8m,-0.41716402769088745
cmlx9o9rz04wlzl3z5tpkdlxc,0.45204147696495056
cmlx9oc3a05mwzl3zawop0wxn,0.44844016432762146
cmlx9o1nj02iyzl3zu9mp0wuh,0.42319244146347046
cmlx9o23k02p7zl3zp564j6cm,-0.41832292079925537
cmlx9o329030ozl3zsdvt6ogd,-0.4274771511554718
cmlx9o3xz03a5zl3zzpfikdm3,0.4486727714538574
cmlx9ob7j05cmzl3zv2enigae,-0.45997029542922974
cmlx9odus067gzl3zj4gay2tu,-0.5016834735870361
cmlx9nxze01a6zl3zbl3594gq,-0.4228239059448242
cmlx9o13n02cnzl3z2s1nkett,0.4242139160633087
cmlx9oa7v0520zl3zsge4fb41,0.4271013140678406
cmlx9o6ou03yizl3zc2o77vfo,-0.44241446256637573
cmlx9o4ds03euzl3zranolul1,0.4505974054336548
cmlx9nyfn01fnzl3z3ev6d7w8,0.4429829716682434
cmlx9nw3200o2zl3zrwz6xf3k,0.418414831161499
cmlx9nzrf01vkzl3z89xg8u5p,0.602928638458252
cmlx9obnf05hszl3zfopxs32k,-0.45537734031677246
cmlx9o80h04cczl3z9rw8ix24,-0.419247567653656
cmlx9nv7000fhzl3zhw84n7wr,0.42251282930374146
cmlx9nyvj01kyzl3zotd68s04,-0.4336431920528412
cmlx9oeql06hnzl3zni7wfgb9,-0.4489371180534363
cmlx9oaro0579zl3zchx6dz84,0.5999038219451904
cmlx9ocz305x2zl3zcxg2r3bi,0.5900139212608337
cmlx9o0ne026ezl3zxdb2c02s,0.4270874261856079
cmlx9ntgm007izl3z6rm9h1iq,0.4789067804813385
cmlx9nubs00bfzl3z7b9dkak0,0.5339717864990234
cmlpk5589009cz33yqkhstor7,0.566093385219574
cmlpk55t600ayz33yir8ehqo3,0.5653266310691833
cmlx9ns1p001kzl3zycllcacp,-0.42154061794281006
cmlpk585900ifz33ye8a135wg,0.5927696228027344
cmlpk53hc004kz33ysnmlsqrf,0.6162711977958679
cmlpk54nb007qz33yedu9wb4e,0.6139103770256042
cmlpk56z200ehz33yxfxhejmg,0.7758535146713257
cmlpk58ql00kez33ybvjz8myr,0.805553138256073
cmlpk57k200gez33y4w5ulojl,0.5916337370872498
cmlpk542c0065z33ywppfgwj6,0.5717130899429321
cmlx9nt0z005fzl3zf3y4z953,-0.42307883501052856
cmlx9nrlt0000zl3zkno7ksko,-0.4256283938884735
cmlpk52aw001jz33ymnv38ip3,0.6090046763420105
cmlpk56e600ckz33y204bu4hc,0.6114063858985901
cmljur0pn03vpsj3y6og13l5e,0.4317760765552521
cmlnbzo2qhexcxn3y2ccvkjgo,-0.5409952402114868
cmlnbzv5yhg1jxn3y1y0q23ef,-0.5357096791267395
cmljuqmd4012ssj3yvbvrnz3w,0.455231636762619
cmlnbzgsphdzvxn3ykdrzlw2i,-0.5450193881988525
cmlnbzlmyhelaxn3yc43n3mxj,-0.5403449535369873
cmlnbzzxchgsbxn3y9fztxmqp,-0.5419095158576965
cmlnbzeh3hdokxn3yuakfc9gt,-0.5327582359313965
cmlnbztjqhfsixn3yte9tizun,-0.5451011657714844
cmljuqxj603b4sj3y7pf6atqs,0.439955472946167
cmljuqry10285sj3y6i2fcqpx,0.4272367060184479
cmljuqv5602ulsj3yw4gycfd5,0.4313851594924927
cmljuqzx703rtsj3y372zjfzt,0.43188562989234924
cmlnbzdo2hdk7xn3y8gs8h8gy,-0.544105589389801
cmlnbzfa4hdscxn3ygcbfhjg1,-0.5418080687522888
cmlnc00qghgwqxn3y7qnh41d2,-0.4899347424507141
cmljuqtjn02jhsj3yg8ocs7ft,0.4173010289669037
cmlnbzrxlhfjgxn3yvp2zy2cz,-0.530463695526123
cmljuqlkf00wjsj3yzx3642y9,0.42542847990989685
cmljur1i5040osj3yblzyw3zp,0.44115808606147766
cmlnbzktyhehuxn3ygkozwtur,-0.5388895273208618
cmlnc01jlhh14xn3yfmehhetr,-0.578028678894043
cmlnbzvz0hg6bxn3ylq4uazgs,-0.5349706411361694
cmlnbzqbchfaqxn3y6jqeszt9,-0.5387778878211975
cmlnbzucqhfwyxn3ya6kyjtsb,-0.5459763407707214
cmlnbzj82hebwxn3yrawclaml,-0.5407148003578186
cmlnbzb50hd75xn3y0bf6ng9i,-0.6274899840354919
cmlnbzcv0hdfwxn3y5pd3iwnf,-0.5430151224136353
cmljuqwqi035msj3yp1nbajug,0.43911218643188477
cmlnbzhlqhe42xn3ydo85e6gv,-0.5403416752815247
cmljuqib3005lsj3ylv5gi7fv,0.4401526153087616
cmljuqz4k03m8sj3ydb7p5ofu,0.43902096152305603
cmljuqhco0000sj3yjm0nmqy0,0.45380067825317383
cmljuqor401l1sj3y8rvd65lp,0.43510231375694275
cmljuqybz03gpsj3y5dkuwe67,0.42676886916160583
cmljuqr5c022ssj3y2wvy8j3b,-0.4139058291912079
cmljuqn5t018tsj3ylrzu94im,0.4200710952281952
cmlnbzz3yhgnsxn3ybh8r3rer,-0.54476398229599
cmljuqpjt01r5sj3y2vzu8c3y,0.4380633234977722
cmlnbzmfwheowxn3yamt0vtxr,-0.5360192060470581
cmljuqkrh00ptsj3yomliif5f,-0.5200010538101196
cmlnbzn9mhet4xn3yaddxrttu,-0.5335601568222046
cmljuqvxy0306sj3ylipoq9sz,0.4371066391468048
cmljuquc702p1sj3ytr7dyzea,0.4313197135925293
cmlnbzsqnhfo1xn3y8hsp7wt2,-0.5440541505813599
cmlnbzr4fhff0xn3yjz2qhjsx,-0.5376841425895691
cmljuqjxw00ilsj3ypdt1g63i,0.5913984775543213
cmljuqnyj01essj3y9hrks4xj,0.44854310154914856
cmljuqqcr01x5sj3yt27i2con,0.4382830560207367
cmljuqj4o00bysj3ymjiw3qiy,0.4532334506511688
cmlnbzieshe81xn3y9es78obv,-0.5473307371139526
cmljuqsqx02dtsj3yulby7478,0.4556078612804413
cmlnbzws2hgb0xn3yidob0cuz,-0.5386797189712524
cmlnbzby6hdblxn3yywethjg3,-0.5543211102485657
cmlnbzk0zheehxn3yvh3qh27k,-0.5345852971076965
cmljur33f04blsj3y7y8iqv9p,0.4352339208126068
cmlnc02clhh58xn3yb8lbjz8h,-0.5627017021179199
cmljur3vz04h5sj3y2eg76yuh,0.42275506258010864
cmljur2aw0464sj3ynikz23eo,0.43249762058258057
cmlnbzxl8hgfmxn3ydzv5l4xl,-0.5397869348526001
cmldaz3g5hbipri3zb6kxyrcp,0.561801552772522
cmldaz85ihcbdri3zgp0kg3zf,0.5418755412101746
cmldaz9kuhcgmri3zklcuitpp,0.6365956664085388
cmldaza1whcidri3zc6rlylxm,0.5343802571296692
cmldaz6q7hc45ri3zwf9200pk,0.659881055355072
cmldaz5crhbsuri3zyp704wpn,0.5605750679969788
cmldazaiwhcjyri3zycxi2g99,0.5384724140167236
cmldazds3hcxtri3z737rs0e1,0.6974407434463501
cmldaz4vlhbq4ri3z2tp3mciw,0.5710651874542236
cmldazbvwhcr3ri3zo5feb3ao,0.5390132069587708
cmldaz4eghbnkri3zb7wya5ps,0.5730937123298645
cmldayy1wharbri3zb2h3svlz,0.5402547121047974
cmldazazyhclori3zl73tndkm,0.6372572183609009
cmldayub0ha8eri3z60kcmt5h,-0.4674569368362427
cmldayw58hai3ri3zwgn7xeie,0.6490733027458191
cmldazccxhcsrri3zkmsvq3uj,0.5402469635009766
cmldaywmbhakiri3z81q7adze,0.5144546031951904
cmldayx3ghamwri3zbjs8qc2m,-0.443332314491272
cmldayxkshap7ri3zx2cdnaie,0.534881055355072
cmldayzh3haxiri3zbgs5c595,0.4523325264453888
cmldayv9ahacwri3z515tkt1w,0.5379961133003235
cmldaz1jqhbaari3z6y7o0nky,0.5541234016418457
cmldaz7oghc9tri3zaaee10rt,0.5389949083328247
cmldaz20uhbclri3ztldql6ks,0.5641940832138062
cmldaz93nhceuri3zhd5b4fc2,0.5437731146812439
cmldazdb1hcw1ri3zec614x7c,0.637407124042511
cmldaz5u0hbw2ri3zrkhhxa4q,0.5756124258041382
cmldaz3xbhbl3ri3zp9zhlanq,0.5638759732246399
cmldaz0nmhb3zri3z2cy3j6fl,0.5722529292106628
cmldaz8mkhcd3ri3zf8m76nvc,0.5445322394371033
cmldazcu0hcueri3ziu0f9fhd,0.5588660836219788
cmldayttvha5zri3zzc1v17ix,0.4491349160671234
cmldayst8ha1dri3ze90bhrjy,-0.48183685541152954
cmldayp2dh9g3ri3zxghezwyg,0.6396388411521912
cmldayo3zh9aari3z6exai5pm,0.4737219214439392
cmldaym7fh906ri3zc4t3zufo,0.4365164339542389
cmldayruzh9w4ri3zyexlbo9m,-0.4381251037120819
cmldayol4h9cxri3zhm0a0cht,0.4451597332954407
cmldayrdwh9trri3zp96o96cn,-0.4437391459941864
cmldaytaaha3nri3z0d0bo60f,-0.5069910287857056
cmldayq0oh9lbri3zw0bihts5,-0.4378228485584259
cmldaysc4h9ylri3z29modoug,0.491054892539978
cmldaynmth97mri3ze515ca0u,0.45609933137893677
cmldaypjlh9jari3zbsggtvzn,-0.44031915068626404
cmldayn5oh94zri3zcqgjlnr8,0.4434126913547516
cmldaymojh92iri3zy72hniip,0.45283445715904236
cmldayqwqh9rdri3zzb018q35,-0.4410574734210968
cmldayjvxh8mvri3zywdkyqn2,0.7653002142906189
cmldayjegh8hpri3z3jc7cf0i,-0.586667537689209
cmldayielh7wlri3z4p75t3de,-0.40199652314186096
cmldayiw7h83iri3zljzah65f,0.577273428440094
cmldaykd6h8qpri3zho5oyxzh,0.6062064170837402
cmldaylqdh8ylri3z02hf9ab4,0.7862362265586853
cmldayd7oh701ri3z3zzjav5q,-0.5921838879585266
cmldayhxeh7tzri3z7z7rrlv7,0.5734357833862305
cmldayg0oh7jfri3zy0te1ni6,0.5741108655929565
cmldayhg8h7r6ri3zhkouv715,0.5635838508605957
cmldaycnch6sqri3z7hc9zj7f,-0.5503113269805908
cmldaye64h76dri3zwd28dcd3,-0.46498024463653564
cmldayghth7ltri3zst34p4e6,0.5917525887489319
cmldaygz0h7ohri3zbg5ubwdb,0.5880066156387329
cmldaydoyh73vri3zygf2plop,0.5776925683021545
cmldayf4kh7curi3zis0s6rez,0.58711177110672
cmldayendh79lri3z3tb7ohpi,0.5599866509437561
cml2ga7cqh7zeijv5wl28xnbx,0.4629156291484833
cml2ga630h75fijv5ep828e3y,0.5157026648521423
cml2ga678h776ijv5zg0gj4qq,0.4836040735244751
cml2gaaljh96xijv5eer97don,0.41404592990875244
cml2gaahbh95sijv5ttge34r1,0.3988417983055115
cml2ga94uh8r5ijv5stwn3wu5,0.45111191272735596
cml2gaad2h94zijv58h1t7jw2,0.3877982497215271
cml2gab7eh9ehijv5nzboui0l,0.4326693117618561
cml2gaapuh984ijv5bysbwx60,0.45761358737945557
cml2gabbkh9feijv5ielr6ae9,0.6299635171890259
cml2ga6blh795ijv5o0htum7r,0.4721817970275879
cml2ga6keh7daijv52z1y76e8,0.6233149170875549
cml2ga8w5h8n4ijv53dc3lj1p,-0.5522558689117432
cml2gaa8wh944ijv5xq8ttxah,0.4490581452846527
cml2ga8f7h8g6ijv516wqqm94,0.47715434432029724
cml2ga9vyh90kijv5bs4stmw8,0.45114803314208984
cml2ga9n1h8y7ijv572s5lpgu,0.4575785994529724
cml2gaa4nh92yijv56of7i43n,0.44626498222351074
cml2ga8jdh8hqijv5b690qc50,-0.5092447996139526
cml2ga9dqh8taijv5qlnmt3hl,0.4704332649707794
cml2gaaysh9cpijv5j7b5xbfs,0.4443190097808838
cml2ga8ryh8l8ijv5nmw3gt67,-0.5555554032325745
cml2ga7guh81kijv5ist7yyz2,0.673956573009491
cml2ga78gh7xfijv5iizaed25,0.4533964693546295
cml2gaa0ch91pijv5fjbr5r9e,0.45401105284690857
cml2ga6zwh7tmijv5ic43pu5e,0.4218400716781616
cml2ga81zh897ijv5v1h0c68j,-0.5370267033576965
cml2ga99dh8s8ijv5y28b9lqr,0.4413961172103882
cml2ga8ayh8ekijv5feligq9y,0.47347623109817505
cml2gab30h9dlijv5jumb6v3s,0.4224890470504761
cml2ga7tjh86fijv5qiubnelz,-0.5186964869499207
cml2ga9rfh8zdijv5x71ia0f1,0.4450032114982605
cml2ga90hh8p5ijv56hllsg1v,0.529998242855072
cml2ga748h7vhijv5l9bberp7,0.4523071050643921
cml2ga7xth87rijv58mtv0qvh,0.4813680648803711
cml2ga6fth7b6ijv5m1sloldo,0.48133355379104614
cml2ga7l2h83oijv5m76crmzf,-0.47406288981437683
cml2ga8nnh8jhijv5cottw75s,0.4626137316226959
cml2ga7pah853ijv5cvznsvka,0.48867377638816833
cml2ga49uh5y2ijv5pd3ud3dr,0.4427643418312073
cml2ga4vah68iijv535kac5rg,0.44164571166038513
cml2ga4qzh66gijv5up16t3sk,0.48349034786224365
cml2ga5pyh6xaijv53cntqb0x,-0.44879841804504395
cml2ga5hgh6rnijv5qtk6h56j,0.6330525279045105
cml2ga3w0h5k0ijv5i4nz6ogz,0.45596590638160706
cml2ga5udh70cijv5nnwofs2z,0.5729697942733765
cml2ga3iwh5arijv5d06bcke6,-0.5806935429573059
cml2ga35ih4ufijv5eclsdl9g,-0.6218037009239197
cml2ga3nhh5g8ijv54j8duoit,-0.5370113849639893
cml2ga4ich62bijv5hdsxb1a3,0.4382924437522888
cml2ga5lnh6ugijv5rlbh7tnu,-0.43673592805862427
cml2ga3ruh5i1ijv573hg1vhf,0.43730485439300537
cml2ga39yh4zrijv5fx99e6bq,-0.6016543507575989
cml2ga53xh6d5ijv5hrvmf9h7,0.3991647958755493
cml2ga3ehh558ijv5ktf937h0,-0.556544840335846
cml2ga587h6feijv5mrtu6sfd,0.5600019693374634
cml2ga5yth73dijv5wkw05owu,-0.6271231174468994
cml2ga2wth4nsijv5v6346w8w,0.4368640184402466
cml2ga1kih3fyijv5ul98wfby,0.4238518476486206
cml2g9zn6h1eqijv5x8uxxh0f,0.4575386941432953
cml2ga0gih12gijv52wup16rv,0.4653438329696655
cml2ga21gh3u0ijv56w91b9v2,0.47184374928474426
cml2ga17oh30lijv5fyydumzh,0.4693458080291748
cml2ga053h1zgijv5fszhkpb4,0.4630366861820221
cml2ga1sxh3mxijv5861crz8k,0.4732670187950134
cml2ga0mgh2fzijv5dgs00las,0.46303004026412964
cml2ga0z8h2sdijv5esy6bq50,0.4534074366092682
cml2ga2smh4kdijv5dp9rl9q9,0.4468190670013428
cml2ga2eth44kijv5pvmtycww,0.4383936822414398
cml2ga1x3h3qgijv53q9c7n95,0.4657130539417267
cml2ga25wh3xkijv5zk2l03gx,0.453228622674942
cml2ga314h4r2ijv5d7wn1uuz,0.557741105556488
cml2ga13hh2wgijv5rocb902w,0.44577696919441223
cml2ga0kvh16kijv50i1ujygn,0.4517860412597656
cml2ga09kh23lijv5ftirck1m,0.45917755365371704
cml2g9zrhh1itijv5yq4zvx2g,0.4515496790409088
cml2ga0dsh27pijv50nj03zfk,0.43744486570358276
cml2ga1ouh3jgijv5cq697w63,0.47029122710227966
cml2ga2j8h47lijv5j5dsp9p9,0.45807889103889465
cml2ga2abh414ijv58zg50dsv,0.44933560490608215
cml2ga0i5h2buijv5up82s3bf,0.4585389196872711
cml2ga1ggh3ciijv5744zbmzl,0.4482266902923584
cml2ga0uxh2o9ijv52ybfjv8a,0.47420260310173035
cml2g9zilh1aoijv5cy6obnux,0.42833322286605835
cml2ga0bwh0yiijv5zkyru56y,-0.590216338634491
cml2ga0qph2k4ijv5uw0ab8nb,0.4624122083187103
cml2ga076h0r1ijv56u7vda36,-0.5595621466636658
cml2g9wiwgwpvijv56m1s0fpa,0.5090099573135376
cml2g9w5mgweeijv59ajcffe4,-0.4648471772670746
cml2g9w9sgwhwijv5nxci52la,-0.4772266447544098
cml2g9xj9gxt1ijv5oluyi9kj,-0.49594181776046753
cml2g9zfmgzvwijv54yamsz2b,-0.6049702167510986
cml2g9wrsgwy6ijv5nh4uv8kg,-0.4974481761455536
cml2g9ztvh0dtijv5uj8qizq0,-0.4740521013736725
cml2g9x16gxbvijv5h1w319c5,-0.4974163770675659
cml2g9z24gzj9ijv5w1d2tlty,-0.49488478899002075
cml2g9yfhgywmijv5n7n2ecz6,-0.4920773506164551
cml2g9yxfgzesijv528o16yjp,-0.48737654089927673
cml2g9yoggz5mijv5l1ooojho,-0.5088080763816833
cml2g9v9vgvqaijv5byl2oe7y,0.42462944984436035
cml2g9zk8h009ijv5bf8a1own,-0.5584878325462341
cml2g9w18gwccijv5t6h6bz85,-0.4848639965057373
cml2g9zyah0i5ijv5c4nk0llt,-0.50862056016922
cml2g9xa9gxk9ijv58np8odfs,-0.494989275932312
cml2g9wecgwlzijv5kkdsb8ai,-0.4828204810619354
cml2g9y15gyb0ijv5bggatqd2,-0.5418453216552734
cml2g9wndgwu0ijv5pqbpwe8j,-0.4993714392185211
cml2g9z6mgznoijv53q9alk5q,-0.5758417844772339
cml2g9vnagw27ijv5ez4m3vn8,-0.44803476333618164
cml2g9vs6gw5wijv5cmd3gksf,-0.4523751139640808
cml2g9ve7gvu2ijv5c0n7rqj5,-0.44782572984695435
cml2g9x5pgxfyijv5n2mdkofm,-0.5034231543540955
cml2g9y5rgyfoijv5on3phxth,-0.5087130665779114
cml2g9zb4gzrxijv5uj0hac5j,-0.5513266324996948
cml2g9xnogxxjijv5bhybbezo,-0.5011777281761169
cml2g9xs7gy25ijv5rbjtkxhx,-0.5083826780319214
cml2g9xwmgy6gijv5ib664w9f,-0.5790634751319885
cml2g9v0wgvioijv5fr9tdqog,-0.5108254551887512
cml2g9vwugw9nijv5fdqilfk0,-0.4787733554840088
cml2g9v5dgvmiijv5j6jnhell,-0.4854004979133606
cml2g9xergxomijv5obn0gouq,-0.48941874504089355
cml2g9yt4gzaaijv5lb10wld2,-0.47679367661476135
cml2ga02uh0mmijv55qmm74po,0.5723580718040466
cml2g9yjzgz12ijv5wg5wkrpu,-0.5066585540771484
cml2g9urcgv75ijv5vks9qt8i,-0.5619147419929504
cml2g9uw8gveoijv55bomsrk7,-0.5938031077384949
cml2g9s3wgse9ijv59fntplol,-0.4191833436489105
cml2g9rq1grzdijv5qfxh91ce,0.4356286823749542
cml2g9ui9guxwijv5lgrb45f0,-0.46962499618530273
cml2g9llbgkz0ijv5wy0bqu8c,-0.5933715105056763
cml2g9nr0gnu4ijv5s1fjdlvs,-0.5887506604194641
cml2g9qu4gr2mijv5eis1ph62,-0.4536755681037903
cml2g9tdagtpnijv5tfgp3f5b,-0.4159931242465973
cml2g9rzdgs99ijv5tfs8t0bl,0.4366009533405304
cml2g9scvgsnsijv5hv9x2v6p,-0.4164687991142273
cml2g9pktgpsiijv5ov1sauo0,-0.4315336346626282
cml2g9nm4gnnhijv5aauvohnn,-0.5893364548683167
cml2g9ofdgonvijv5h6lxmunt,-0.4286302328109741
cml2g9sv8gt64ijv5ww67ndyv,-0.4177151918411255
cml2g9pbogpjbijv5xdof848h,-0.43372097611427307
cml2g9oaigojcijv5ea6wwujg,-0.42990148067474365
cml2g9qyrgr79ijv5azni3je0,-0.5980418920516968
cml2g9r7wgrglijv5u4dlwsz0,-0.4357838034629822
cml2g9t8ogtkpijv5s2um7cbv,-0.41575562953948975
cml2g9nh1gnghijv5ryev8inu,-0.5893679857254028
cml2g9udngut8ijv592tcf7k4,-0.47796833515167236
cml2g9luvglc6ijv5wrcde3ln,-0.5833953022956848
cml2g9qclgqk3ijv5nff7qmgq,-0.43292590975761414
cml2g9umrgv2lijv523nd9x6u,-0.46019241213798523
cml2g9tvlgu9eijv5d2p2hrya,-0.4847082495689392
cml2g9nvygnzpijv50k6m3v1c,-0.5803948640823364
cml2g9ppggpx2ijv5kcg8bio5,-0.43481332063674927
cml2g9nbvgn9hijv56z4pnaff,-0.5922057628631592
cml2g9mnwgmduijv5rosh1aax,-0.5887713432312012
cml2g9n70gn29ijv5ga1jda88,-0.5927782654762268
cml2g9mdwglzjijv5xrpc2l26,-0.5689677000045776
cml2g9shqgsskijv5xwx6b1rk,0.4162607491016388
cml2g9qpogqy2ijv5a9625945,-0.4268149733543396
cml2g9u92guoeijv5c1tymu7i,-0.5051385164260864
cml2g9thugtujijv57d44g7tr,0.4136066138744354
cml2g9misgm6lijv56hcr73zm,-0.5813872218132019
cml2g9tr1gu4eijv5lpi7wigk,-0.4555700421333313
cml2g9p6xgpepijv5wjedikg2,-0.430748850107193
cml2g9m94glshijv5s35szahs,-0.5713233947753906
cml2g9r3agrbsijv55txqhs40,-0.40646231174468994
cml2g9rl9grucijv57gdw6n4r,0.4342798590660095
cml2g9sm7gsxdijv5tdih2e9d,0.4169253408908844
cml2g9s89gsj1ijv5u8yesi6f,0.41681182384490967
cml2g9q3kgqasijv5cs1nab66,-0.43370115756988525
cml2g9msogmkzijv58dr523yf,-0.5878599882125854
cml2g9szngtazijv52a1bxtdv,-0.4160158336162567
cml2g9rgtgrphijv5ehfsmshe,0.4159417748451233
cml2g9lzkglh5ijv5dl97i2k7,-0.5851340889930725
cml2g9o0vgo5sijv54wip1nsc,-0.46560138463974
cml2g9q86gqfeijv5gc1v8wwk,-0.4322012662887573
cml2g9pg8gpnxijv50o90d1kf,-0.43456554412841797
cml2g9efzgfpfijv5e37pdj1c,-0.5663628578186035
cml2g9fstggrvijv5j31rdghi,-0.5057574510574341
cml2g9ivcgj0uijv5xccrqkcm,-0.4383390247821808
cml2g9l7ygko8ijv5c29u9vcx,0.5288863182067871
cml2g9fo8ggobijv55ag3p3cq,-0.5403290390968323
cml2g9f6pggc9ijv5q993bn08,-0.5277065634727478
cml2g9gybghnqijv5l70jonje,0.37968072295188904
cml2g9ff8ggh9ijv557n4283u,-0.4037693440914154
cml2g9db3gepoijv5h890k583,-0.48779189586639404
cml2g9kz4gkhlijv5od98l36q,0.5219055414199829
cml2g9jmdgjiwijv5j4mkab0m,0.5191357731819153
cml2g9k01gjr7ijv5s4mmggvr,0.5290822982788086
cml2g9klvgk7eijv51vmcq0h0,0.5234665274620056
cml2g9i2qgihmijv5hljygoeq,0.5252962112426758
cml2g9d1vgehxijv5w9ebe6eb,0.49225494265556335
cml2g9i7pgikmijv5za0js8tj,0.49572882056236267
cml2g9kqcgkaoijv5poacbjtd,-0.4365455210208893
cml2g9dxggf9dijv5xov29kud,-0.3859710693359375
cml2g9etkgg11ijv587puwino,-0.4652974307537079
cml2g9g6ggh24ijv5160pplhg,-0.4277647137641907
cml2g9khigk4nijv5b5eb2x0z,-0.40644821524620056
cml2g9jdggjddijv5ykobxxsy,0.4040380120277405
cml2g9hfwgi1cijv5exi9066a,-0.4973541498184204
cml2g9hy6giepijv53s6t1470,-0.43026506900787354
cml2g9jrlgjlkijv5moo72tbt,0.518539547920227
cml2g9k8wgjy8ijv5vyt82b93,-0.5183433294296265
cml2g9l3mgkl2ijv5q5o2d89x,-0.5453804731369019
cml2g9kusgke2ijv5qvnnawke,-0.5240808725357056
cml2g9kd7gk1gijv59cge5chu,0.5226345658302307
cml2g9gtvghk5ijv56w9l1bxw,-0.4219152629375458
cml2g9co1ge5sijv5jd0bfybk,-0.41633954644203186
cml2g9cjhge21ijv5yquupk43,0.4428783357143402
cml2g9e21gfdcijv5n6zk2yt8,-0.5597485899925232
cml2g9c63gdrvijv5q0ze4i0v,-0.5034816265106201
cml2g9e6zgfhkijv5jwwh1dxt,-0.5650472044944763
cml2g9icxginwijv5azu8a802,-0.5010407567024231
cml2g9gpmghgoijv58904th69,-0.43005868792533875
cml2g9gbagh5vijv5fkjk1jh2,0.3936535716056824
cml2g9dofgf1hijv5nop8a4lk,-0.5053460001945496
cml2g9lc5gkrgijv5zx5jo9j0,-0.507551908493042
cml2g9cajgdu9ijv5qrytbb0o,-0.4136244058609009
cml2g9ey1gg5mijv5w9gv4z2i,-0.4841328263282776
cml2g9dfhgetpijv53dlurn3o,-0.4488520324230194
cml2g9j4cgj6zijv5iupgvgik,-0.5428230166435242
cml2g9j8qgja5ijv516688vmk,-0.785167932510376
cml2g9faxggelijv5lq0ym3un,-0.45835360884666443
cml2g9jhxgjg7ijv5nqlxhojo,-0.43815040588378906
cml2g9h2tghrcijv5z8no2pf6,0.5171193480491638
cml2g9jvsgjo3ijv5ql5jo6k1,-0.3934439420700073
cml2g9g1tggyfijv5ugb1799w,-0.5136061906814575
cml2g9hk6gi4gijv5fx7r7z90,-0.5287758708000183
cml2g9ebhgfliijv56dl7wpt7,0.5133907198905945
cml2g9gfygh9nijv58lvxnawg,-0.5218907594680786
cml2g9hosgi7xijv55fhdk8a7,-0.4438929259777069
cml2g9ihngir9ijv5yktpy23d,0.4705394506454468
cml2g9csnge9tijv5qbhy0tmw,0.4194418787956238
cml2g9fjrggktijv5dvagm52e,0.5260950922966003
cml2g9htggibjijv5x6vfrvsf,0.4230605661869049
cml2g9f2hgga7ijv53kox5n2m,-0.40658271312713623
cml2g9cexgdy6ijv5bmn54ayh,0.4261576533317566
cml2g9ep1gfxeijv5ipyf5aa7,-0.5751573443412781
cml2g9djwgexkijv51eogc17m,0.4942280650138855
cml2g9a8zgatcijv54yas6zg9,-0.44367867708206177
cml2g99llg9zhijv5gggzqbm6,-0.5955218076705933
cml2g97xgg89lijv5w19cdryk,-0.5711765885353088
cml2g9b4ugbi7ijv5qkezch2p,0.46697208285331726
cml2g982cg8gsijv5tgo9kjm6,-0.5829027891159058
cml2g9bmxgbyzijv547k63ug5,0.5213547945022583
cml2g9bdugbqlijv545pwz9nz,0.42819035053253174
cml2g98k4g8usijv5ljm2uti3,0.43435433506965637
cml2g9c0xgcedijv5mergiycg,0.40689510107040405
cml2g9cttgd9tijv58bgbor5l,-0.40595653653144836
cml2g98oqg8zcijv5e1fvb0ha,0.43849804997444153
cml2g992og9eoijv597bctv4k,0.4312162399291992
cml2g9amvgb6qijv5uxfhw81i,-0.581797182559967
cml2g99qdga4qijv5xe89pdww,-0.454326331615448
cml2g9aw7gbcyijv5x2b6szfx,-0.4781879484653473
cml2g9ai5gb29ijv50440rao2,-0.4369979798793793
cml2g99c6g9p8ijv5116nf5bu,-0.5330985188484192
cml2g99gyg9udijv5g9qzov0c,0.5253197550773621
cml2g986ug8ktijv5ewsffuc9,0.4193047881126404
cml2g9b0igberijv5iea7em6g,-0.4521428346633911
cml2g997dg9k2ijv5s60dz6wa,0.4124072194099426
cml2g9ck9gczyijv51v7nwa2n,0.4010551869869232
cml2g9b98gbluijv57qd50au9,-0.40314167737960815
cml2g9cozgd4wijv5vmaiul39,-0.3932877779006958
cml2g9brkgc43ijv59dkb143x,0.48786792159080505
cml2g9bwwgdilijv5bytwb7cw,-0.42749691009521484
cml2g9bw8gc8yijv5ginf17xu,0.41906166076660156
cml2g9c5igcjkijv59rw87339,-0.4499731957912445
cml2g98thg94lijv5lp104jto,0.5434218049049377
cml2g98y1g99iijv5yo55agbc,0.5155438184738159
cml2g9adlgaxyijv53jdtrubt,-0.5174391865730286
cml2g9ca9gcp2ijv5ybchr7ud,0.3729512095451355
cml2g98bbg8nsijv5dfj0u8g0,0.5441797375679016
cml2g9cffgcumijv5dhriruiy,-0.44721969962120056
cml2g9c1jgdnmijv5xmmi3ls3,0.5298417806625366
cml2g9ar9gbb2ijv50k40ru9r,0.5069698095321655
cml2g96w7g73nijv5htginjk6,-0.4251648187637329
cml2g94pwg4acijv5jognad61,-0.5637509822845459
cml2g968cg679ijv5n213my3b,0.434146523475647
cml2g975ig7dlijv5egmmy64b,0.40132325887680054
cml2g96i3g6laijv5cxdx766h,0.43358516693115234
cml2g95teg5mlijv52gittztu,0.44162288308143616
cml2g96mwg6rfijv50v0pqol1,0.43798828125
cml2g97jog7tyijv54nevq6xu,-0.5148440003395081
cml2g94ujg4eqijv5k4qxwoat,0.4308868944644928
cml2g95f3g55hijv5t2wdzvnr,0.534782350063324
cml2g963dg607ijv5wu3bmvdk,0.4318222403526306
cml2g94zzg4l6ijv5chuuudgm,0.40977030992507935
cml2g97sxg84hijv5v1e4hna2,-0.5172388553619385
cml2g97evg7opijv56wgw9whj,0.5154647827148438
cml2g95a7g4yoijv5rct3m54i,0.4151795506477356
cml2g94kdg3vvijv5sgh653yw,0.6148958802223206
cml2g96dbg6eaijv5lp4ia9k2,0.5450193285942078
cml2g96rqg6xoijv5h7loojze,0.5370505452156067
cml2g954tg4rtijv5r4o6jpyt,0.437963604927063
cml2g95ycg5teijv5woiwbao4,0.4374202787876129
cml2g95oig5ftijv53pvce3wy,0.4425809681415558
cml2g97oeg7z8ijv5otvzu5y3,-0.5291675329208374
cml2g97a7g7jeijv5j3bj03yl,0.4606251120567322
cml2g938ag3b6ijv5pe94y39a,0.5990582704544067
cml2g92n1g31hijv50wp7mmj4,0.48917850852012634
cml2g946dg3qhijv5e03q1hnt,0.464983731508255
cml2g93xng3koijv5adpuwfb0,0.6474995613098145
cml2g9301g389ijv5cltpps87,0.48681873083114624
cml2g93tfg3ixijv537u4yzl8,0.645361065864563
cml2g92ixg302ijv5j8ogjw6w,-0.46245673298835754
cml2g93chg3crijv5exwv1z8t,0.6466077566146851
cml2g92vyg36qijv5olbnpodb,-0.42615988850593567
cml2g94f6g3u0ijv587m26tet,0.70246821641922
cml2g93kzg3frijv509onvbnq,0.6406108140945435
cml2g93gpg3ecijv5o6ci103q,-0.43906503915786743
cml2g94awg3s8ijv5mjf3gixy,0.6473534107208252
cml2g9347g39mijv59y1tfqr8,0.6429277062416077
cml2g93pag3h6ijv5rjvjngol,-0.44440630078315735
cml2g91ygg1rqijv5raxistqo,0.47417783737182617
cml2g9284g2asijv5vcfv63hl,0.5489516854286194
cml2g91oqg19vijv5kyt9q3tj,0.562477707862854
cml2g923ag218ijv5meb5e3vn,0.5408886075019836
cml2g92dag2kjijv5d8t82bkb,0.607877790927887
cml2g91tog1j4ijv5jhagajqg,0.421832412481308
cml2g8oy3fuhnijv54sag7xra,-0.7552188634872437
cml2g91g1g161ijv5mg86kc0m,0.41043850779533386
cml2g8wa8fysyijv5147drw2d,0.5456407070159912
cml2g8uy7fy2oijv5wgbixffz,0.40689173340797424
cml2g8wscfz0bijv5u7ih2j43,0.5588891506195068
cml2g8vxgfynnijv56b3rlemo,0.5619390606880188
cml2g8o8qfuqxijv5x7tsjkkc,0.5663408041000366
cml2g8wj8fywlijv50obqtgt2,0.5710464715957642
cml2g8rzgfwqmijv5cvfr2vwy,0.5705311298370361
cml2g8p1yfv3mijv5gkskxeqp,0.4774405360221863
cml2g8zi7g09rijv5l1kz5skl,0.4210423231124878
cml2g90fvg0oeijv5lnigalgs,0.4100247919559479
cml2g8sg0fwx1ijv5jsjf18s2,0.566474437713623
cml2g8qx8fw5xijv5labvr0zm,0.4834021031856537
cml2g8y52fzncijv5kbn3o24p,0.43036308884620667
cml2g8ol3fuvtijv51922c5fd,0.565161943435669
cml2g8z4qg04dijv5l1pdqi83,0.5705113410949707
cml2g8pakfvaqijv5dzjv8n47,0.5695796012878418
cml2g8sk8fwymijv5h0z4q8ux,0.5664463043212891
cml2g91kfg17zijv5xxa4kfrj,0.5701698660850525
cml2g8ydwfzr6ijv5bqkuzsq4,0.4457938075065613
cml2g8xrqfzhnijv51s2lawbn,0.4269446134567261
cml2g8sslfx1pijv53owju3sb,0.5543753504753113
cml2g8z0gg02lijv5uanjegc4,0.5632876753807068
cml2g8uh6fxwjijv5xpabfe8v,0.43096813559532166
cml2g902jg0iqijv542x2uu0h,0.4155823588371277
cml2g90k8g0qbijv51nid6ymj,0.4151687026023865
cml2g90xug0w4ijv5ae2wth5v,0.40958935022354126
cml2g8soefx05ijv5m4kkuq18,0.54888516664505
cml2g8ri2fwf4ijv5wnrs8gvd,0.48415160179138184
cml2g8qozfw2eijv5rk62vwzo,0.47253352403640747
cml2g8z92g05yijv56pmc9vhq,0.41360750794410706
cml2g8u7wfxogijv5p5hefjkl,0.4219302833080292
cml2g8v6rfy5mijv5c63z9wci,0.42392095923423767
cml2g8o8lfu1hijv541frg5gl,-0.599668562412262
cml2g8wnyfyyfijv599cm9unh,-0.4158284068107605
cml2g8sbtfwvkijv5s2vw1vaq,0.4673527479171753
cml2g8oh1fu6zijv56o76n390,-0.5755223631858826
cml2g8qkxfw0oijv5p44uj8tc,0.4871234595775604
cml2g8t67fxb4ijv5fdrza7q2,0.4390559792518616
cml2g916qg0zwijv57eriv612,0.412299245595932
cml2g8xa8fza0ijv5qfeenijj,0.4278605878353119
cml2g8y9hfzpaijv58xlhg2db,0.44045019149780273
cml2g8w60fyr6ijv5qlpiumea,0.5623505115509033
cml2g8xiufzdrijv5c0ewwx9c,0.4325392246246338
cml2g8ulcfxy5ijv5c4oufpmp,0.5681592226028442
cml2g8r5hfw9lijv5sf8wt06b,0.566143810749054
cml2g8zr7g0dkijv5hat29jbj,0.4290788769721985
cml2g8qt5fw46ijv5s7mw53qi,0.5683391094207764
cml2g8wezfyuoijv5q55zj39a,0.5712249279022217
cml2g8yvwg00oijv5h1kcpkvy,0.5692015290260315
cml2g8ogyfutzijv56b2lu9d7,0.5038487315177917
cml2g90bcg0miijv52ux0mhyk,0.42222824692726135
cml2g8zmsg0bnijv5hm2edfl4,0.42439454793930054
cml2g8ottfuf6ijv5fhn064x0,-0.7527686953544617
cml2g8rv9fwovijv5n9dodvhh,0.4739122986793518
cml2g8pvufvkxijv59ypxww82,0.48105913400650024
cml2g8o01ftw7ijv551p95dmw,-0.5827471017837524
cml2g8xw7fzjlijv5s1x9jvyj,0.43237581849098206
cml2g8rmbfwh1ijv5h8uidajt,0.5678210258483887
cml2g8wwofz22ijv55oinjc39,0.5606112480163574
cml2g8pzxfvmyijv5jr5gcaoc,0.5666741132736206
cml2g90oqg0s8ijv5yhnsjyns,0.40879908204078674
cml2g8r9kfwbfijv5mvlyee45,0.4649396240711212
cml2g8tmyfxgxijv5tis5fflr,0.42517605423927307
cml2g8tr3fxidijv5nozceujw,0.4317762553691864
cml2g8o4kfupmijv5ww3b6b91,0.4940080940723419
cml2g8v2lfy44ijv5tf7cxq6n,0.4088307023048401
cml2g8prjfvixijv5icq231jh,0.49011659622192383
cml2g8yn4fzwsijv590md4yaw,0.4268265664577484
cml2g8uplfxzpijv5u8zeucu7,-0.43341442942619324
cml2g8vfefy90ijv5n7ojmb8w,0.5708661675453186
cml2g8r1dfw7qijv5j411stpx,0.5079165101051331
cml2g8q43fvoyijv5afdnypq4,0.41518890857696533
cml2g8oxqfv1jijv595lddxy4,-0.4823419749736786
cml2g8nvwfttnijv5vzhefxd7,-0.5901585221290588
cml2g8yrhfzyqijv58ge9qsa9,0.44432100653648376
cml2g8otifuzlijv5dbh0zmc0,0.5720174312591553
cml2g8x10fz3sijv5qkdyruq0,0.44392144680023193
cml2g8pnbfvgwijv5xtvqhr3i,0.5690135955810547
cml2g8swxfx39ijv54pwkbrvn,0.43417835235595703
cml2g8u3ofxmwijv5th7afxtc,0.5653225183486938
cml2g8utzfy1aijv52sccgt0u,0.4527658224105835
cml2g8zdqg07uijv5fxec8k4y,0.42280736565589905
cml2g90t5g0u6ijv5tnplvzgt,0.3999488055706024
cml2g8rdnfwd9ijv5343hw9bt,0.4806016683578491
cml2g8octfu47ijv5it0zl8q2,-0.5712915658950806
cml2g8s7mfwtwijv589nsvw7w,0.564422607421875
cml2g8vb3fy79ijv580a459q3,0.42762619256973267
cml2g8ocufusaijv5900ekwg6,-0.49199965596199036
cml2g8pesfvcsijv5ph7xmk3i,0.4849381744861603
cml2g906vg0klijv5dnpw03w9,0.4123303294181824
cml2g8opkfud5ijv52pvlw8s4,-0.7490768432617188
cml2g8tvdfxjxijv53hkgmcdm,0.5481424927711487
cml2g8s3ffwsfijv5qwkgq1bh,0.5602295398712158
cml2g8o49ftyuijv5e5r4y2hg,-0.5874298810958862
cml2g8xn9fzfpijv5iigpb71a,0.4247179627418518
cml2g8tacfxcjijv5r2hcr7zz,0.4280281662940979
cml2g8q86fvqyijv5y9r8iirf,-0.46708372235298157
cml2g8qcafvsuijv5u4yg7ygr,0.4899505078792572
cml2g8vjqfyalijv59b2sp0wv,0.4260583817958832
cml2g8tzkfxlfijv5zd8jbhbg,0.44560542702674866
cml2g8olafu9xijv5he1w3x8m,-0.5263204574584961
cml2g8opdfuxpijv51a0t06nz,-0.46623966097831726
cml2g8tejfxe0ijv5wrran9uu,0.5713678598403931
cml2g8w1qfypfijv5nfcgbpj4,0.5460844039916992
cml2g912bg0xzijv5at1rd8au,0.40621575713157654
cml2g8mbqfsnwijv5zaweg0r5,0.4463600218296051
cml2g8l7ufrx5ijv5gg0ykld5,0.4841548204421997
cml2g8kuufrljijv5v6yj5bl1,0.48847177624702454
cml2g8m33fshpijv5czq0hxe9,0.44041115045547485
cml2g8km7frgjijv5sxny7efl,0.4870246350765228
cml2g8jzwfqtiijv5dgtued2i,0.5246159434318542
cml2g8nj3ftk9ijv5wxyzg56r,-0.49418705701828003
cml2g8m7ifskrijv5dn51p6qw,0.4671590030193329
cml2g8naeftesijv5gp102y3k,0.43555372953414917
cml2g8n1zft8wijv5p1xejej5,0.4926837682723999
cml2g8kz1frobijv51wqy609i,0.4907369315624237
cml2g8k97fr95ijv5dcuirnlb,0.4887828230857849
cml2g8mkkfswmijv5eugdq0lx,0.45606499910354614
cml2g8nenfthjijv536ou7l25,0.44379016757011414
cml2g8mosfszgijv5dojqn81r,-0.4739222526550293
cml2g8lgyfs2zijv5fmcdolrv,0.494567334651947
cml2g8kdgfrbmijv5yalg8qdz,0.48556622862815857
cml2g8kqnfrj0ijv5qo50uh5y,0.4837524890899658
cml2g8lyrfseoijv5sveniu6x,0.4610353410243988
cml2g8khwfre3ijv5qs9iou02,0.46860647201538086
cml2g8mt4ft2nijv55pndhusc,0.4936564862728119
cml2g8llkfs5yijv5d6hjalro,0.5668191909790039
cml2g8luefsbtijv5m3kderlm,0.4553070366382599
cml2g8mxpft5sijv5ibzwj3mc,0.48930594325065613
cml2g8lc4fs01ijv55ezrpfqs,0.48876383900642395
cml2g8lq4fs8xijv50m7vil41,0.44451746344566345
cml2g8n64ftbyijv5e51k71uv,0.4607173502445221
cml2g8k41fqwfijv5in0hl1ra,-0.5391064882278442
cml2g8hiafo8kijv5eq43whcz,0.4863455593585968
cml2g8irnfpjcijv5dm3xwenx,0.4730370342731476
cml2g8hdffo3zijv56ezlxso2,-0.44253161549568176
cml2g8hmqfod7ijv5ccronmu8,0.501064121723175
cml2g8gd6fn73ijv5zypx8lvu,0.42543014883995056
cml2g8ewlflwyijv5adqfgzs7,0.4012628197669983
cml2g8g8vfn40ijv5njzoqkn6,0.4227236211299896
cml2g8gqvfnh1ijv5map4hs5a,0.497959166765213
cml2g8f9jfm9iijv54mqunin2,0.43444985151290894
cml2g8f59fm5eijv5af71jkmq,-0.5206818580627441
cml2g8i0efor6ijv51bo431yd,0.5637391209602356
cml2g8jdvfq4cijv59fog5abm,0.486377090215683
cml2g8e1efl14ijv5b6k5ies9,-0.4965197741985321
cml2g8jvsfqq6ijv5wwd3shw4,-0.4666457176208496
cml2g8ie5fp6iijv5bususj2z,0.4866952896118164
cml2g8j9ifq02ijv53xbudf7c,0.4822770953178406
cml2g8ensflo9ijv5azttv755,0.4033803343772888
cml2g8j0efprnijv54d8ohtmb,0.47775617241859436
cml2g8h4dfnv2ijv5wsu9q67i,0.49237698316574097
cml2g8i4yfovyijv5pjp97ozo,-0.4377833604812622
cml2g8iikfpawijv5mhyzkrzs,0.4886646568775177
cml2g8gm2fndiijv5gzq58wnu,0.49499189853668213
cml2g8g05fmxuijv5n6kkxk1j,0.40833035111427307
cml2g8eezflfmijv5g8wjzjen,0.4512789249420166
cml2g8dpyfk85ijv50hcidcm0,-0.4264126121997833
cml2g8hrdfohuijv5twafj552,0.5676839351654053
cml2g8fdufmdeijv5i21w3b31,0.4310632348060608
cml2g8ejefljwijv5n3hj9olc,0.4628515839576721
cml2g8es8flsmijv5d3nv482u,0.42983365058898926
cml2g8gzvfnr2ijv54g29xs3y,0.48499250411987305
cml2g8hvufomhijv55985uc8r,-0.43843644857406616
cml2g8j54fpvtijv5menmdu48,0.4837104380130768
cml2g8eafflbcijv5bb1y485b,0.47984248399734497
cml2g8ghofna9ijv56pvfkolz,-0.4662759304046631
cml2g8g4ffn0yijv5d5ijgp9t,0.40729820728302
cml2g8fmtfmnmijv5mlku5atv,0.43865907192230225
cml2g8f0zfm17ijv5gv48io3p,0.4140318036079407
cml2g8frafmr3ijv5ksky3ulp,0.4427429437637329
cml2g8in4fpf5ijv5uwft698p,0.4783170223236084
cml2g8iw0fpnhijv5lhz7zayf,0.48971542716026306
cml2g8jiafq8mijv5k0e1afwv,0.5604579448699951
cml2g8fvqfmuiijv5kqmvpmag,0.439919650554657
cml2g8dvyfklaijv5awba9t1e,0.6084012389183044
cml2g8h8tfnziijv5vchl2lwb,0.559624969959259
cml2g8dlofk4hijv5y9hhajo7,0.43079960346221924
cml2g87jhfe13ijv54dygwqk2,0.6503738760948181
cml2g8boufig2ijv5ehi9tgye,0.5072360634803772
cml2g8czbfjmcijv592l9p9gp,0.4420819878578186
cml2g8754fdgsijv5wre027el,0.5137757062911987
cml2g8clzfj8aijv5p3mzlkyc,-0.44816550612449646
cml2g8ai9fhchijv5f2pwcp1a,0.4964296817779541
cml2g8b0cfhrzijv5tl9s7bms,0.5137317180633545
cml2g89kpfgghijv581u5b30q,0.5124192833900452
cml2g886yfeugijv5hbgykvc8,-0.5152150392532349
cml2g8a3wfh0nijv5h5q5tv3r,0.48341959714889526
cml2g8avrfho0ijv5stouiv7v,0.5157238841056824
cml2g89bcfg79ijv5niv2vx25,0.48786628246307373
cml2g8cuzfjihijv5tzwa4yvl,0.43332791328430176
cml2g8c7sfix3ijv5d11b2fhi,-0.42014196515083313
cml2g8c2xfisfijv5cqcoyfbo,0.7075991034507751
cml2g8bk0fibtijv5subrhyaf,0.4422912895679474
cml2g8dhdfk1oijv5g1yco48y,-0.516780436038971
cml2g8dczfjxsijv5bim0dnc1,0.667828381061554
cml2g8b4zfhwaijv5wk7yf895,0.48268502950668335
cml2g8d8ifjtvijv50rn6vgdf,0.43605467677116394
cml2g87x2feinijv5ysxs9hrm,-0.5591119527816772
cml2g88waffqmijv57h01qto4,0.4727211594581604
cml2g8bf5fi7iijv5cebbtpfc,0.6510565280914307
cml2g88r7ffk1ijv5cs19cfea,0.42036041617393494
cml2g8by3fio3ijv5zoxxdov9,0.4996163249015808
cml2g87epfdu6ijv5tuef9bwo,0.5709720849990845
cml2g8d3xfjq4ijv514p7d14v,0.43862634897232056
cml2g879yfdnfijv5sen3mouf,0.48505938053131104
cml2g870efdaaijv51ly0kewi,0.528866708278656
cml2g86h9fcmfijv5w0fynmfl,0.533593475818634
cml2g8ar6fhk5ijv5i5shkupr,0.5129358172416687
cml2g88m9ffdqijv548aeykbe,-0.5236685872077942
cml2g89z9fgwfijv5nb315igf,0.49177640676498413
cml2g89g4fgbwijv5rlwcmn6y,0.4872022867202759
cml2g8a8ffh4tijv5b4lzcs8b,0.5079382658004761
cml2g863xfcdbijv5is5bmgh9,0.5038813948631287
cml2g85mefc1jijv50w31542z,0.44711199402809143
cml2g868hfcg9ijv5nils7ye4,-0.400054395198822
cml2g85v0fc7aijv5le2ddd4s,0.4178401529788971
cml2g85qmfc4bijv5ydk55s8v,0.4222508668899536
cml2g852hfb3vijv5iml95ird,0.4138874411582947
cml2g85zifcacijv5yqggyr94,0.4213111698627472
cml2g858bfbidijv56irh2y13,-0.43348225951194763
cml2g86cxfcjcijv5bx9k6p33,0.47464659810066223
cml2g84stfalzijv53ddh56j7,0.6128764748573303
cml2g84n0fa80ijv590xdnekw,0.5757641792297363
cml2g84yhfb1yijv5lg31f576,0.606218159198761
cml2g84ctf9ifijv5baaubyav,-0.4269324243068695
cml2g84hvf9viijv5euqe6gba,-0.4594998061656952
cml2g847rf95bijv589eph4ik,-0.5104883909225464
cml2g80j7f655ijv5pk2xkrxr,-0.5160960555076599
cml2g82wif81oijv5lkdhtwc9,-0.5060040950775146
cml2g83zff8yaijv5bwy1j8k8,0.49078574776649475
cml2g81wpf76fijv5nomq1mhm,0.4870259463787079
cml2g81f2f6u6ijv5qk54h93l,0.49272090196609497
cml2g83mjf8l6ijv503c1pqh1,0.4890650510787964
cml2g820zf79hijv5pwbnoo9n,0.49424809217453003
cml2g81jif6x3ijv5lgxpgpum,0.49218475818634033
cml2g81sgf73bijv52hatl29n,0.49091407656669617
cml2g82s2f7ycijv5ycus4sgt,0.48971840739250183
cml2g83dyf8elijv5ztlktfmv,0.4894414246082306
cml2g839rf8baijv5xjh7et7j,0.48983117938041687
cml2g82eaf7iqijv5nhv2kt9h,0.49166929721832275
cml2g825ef7clijv5y9f4a3c1,0.4631769061088562
cml2g811af6gaijv52geyuib0,0.4618510603904724
cml2g829uf7fnijv5zozlq2bx,0.4919259250164032
cml2g83qtf8ohijv5e65m6glf,0.48682770133018494
cml2g80shf6amijv5cx3hbwie,0.48625054955482483
cml2g80wvf6dgijv5j3nkv6nr,0.48791366815567017
cml2g81o0f706ijv576ewmaxe,0.46451297402381897
cml2g835ef881ijv58h0rsvhv,0.48663654923439026
cml2g8311f84uijv5mkw3ex3b,0.48098817467689514
cml2g83ief8hvijv5ogwi1x6h,0.45627254247665405
cml2g80nvf67vijv5x7mv5yf3,-0.39718207716941833
cml2g82nsf7v2ijv59dddlb2x,-0.5171334743499756
cml2g81aof6r8ijv5m0y6tc6c,-0.521765410900116
cml2g843nf91mijv53q0vkwqw,0.5420798063278198
cml2g7wfweyz6ijv5wyiativd,0.4257536828517914
cml2g7uzvex69ijv5njj8obcz,0.5469250679016113
cml2g7o0cenomijv54fpkybxr,-0.580565333366394
cml2g8179f5gsijv5ena0gn5t,0.40389594435691833
cml2g7xw1f0rkijv5t2vm9ekr,0.5404960513114929
cml2g7q5neqrlijv50z91hz85,-0.42630550265312195
cml2g7rvuetetijv5nyv3df0t,-0.538425624370575
cml2g7t9jev56ijv59tj0d5a0,0.5497244596481323
cml2g7yzbf2daijv52mmf6nyl,-0.4780876338481903
cml2g7wukeziwijv57m7qgbxh,-0.5287880897521973
cml2g7pv8eqdeijv5q41fc3bl,-0.42221304774284363
cml2g7oixeofgijv5mnrvfeaa,-0.44254523515701294
cml2g7xrbf0mfijv5stfghsj8,-0.4065377414226532
cml2g7m5jeldpijv5ci8hc7qf,0.48966488242149353
cml2g8016f3y7ijv56oq2xw3w,-0.5243011116981506
cml2g7uqseww9ijv5s6a0nf45,-0.419707328081131
cml2g7oegeo93ijv5sneorsok,-0.41520437598228455
cml2g80f3f4h5ijv5uiy0cibw,0.5407330989837646
cml2g7n48emefijv5xtih8dcs,0.4916740357875824
cml2g7vnqey04ijv586nc1spv,0.5077498555183411
cml2g7s0aetieijv5380etvvm,-0.39554083347320557
cml2g7rbiesksijv5zyr764a1,-0.4368595778942108
cml2g7owzeoyuijv5u7k2ciae,-0.43132665753364563
cml2g7os6eoslijv5b98bxkg9,-0.4174289107322693
cml2g805vf44vijv5s36810he,0.5493255853652954
cml2g7mo2eltaijv57h0vxswd,-0.40500497817993164
cml2g7z49f2k9ijv5ttqzvyvd,-0.466510146856308
cml2g7vs5ey5wijv5wst14rc1,-0.5702545642852783
cml2g7tmrevk3ijv5o0sqoj9l,-0.5632451772689819
cml2g7ui0ewlsijv5yamjteat,0.40984851121902466
cml2g7qw4erv6ijv5deukshwe,-0.43624362349510193
cml2g7p1sep5iijv5ij3tjhp6,-0.40864241123199463
cml2g7sj0eu8tijv5j6qw07yb,0.4102523624897003
cml2g7xhyf0beijv53b9oecn7,0.42169758677482605
cml2g7rh0estrijv5nxlqrckz,-0.4250795841217041
cml2g7zs1f3khijv5drvapzbf,-0.47694098949432373
cml2g7t57euzpijv5bbn6szjh,0.4289570152759552
cml2g7vjaexumijv5tmj9904z,0.42235681414604187
cml2g7w26eyhfijv54h4tgdm1,-0.5181354880332947
cml2g7snmeue1ijv5xhtfkqwx,0.4047462046146393
cml2g7umfewr6ijv5kaxn0dub,-0.41766783595085144
cml2g7n9wemltijv5pkc7y9ol,-0.5908867716789246
cml2g7tvtevx1ijv5usut2qnq,-0.5705863833427429
cml2g7vegexoxijv5dkt0vmuf,0.4107956290245056
cml2g7uveex18ijv5oaku0woh,0.42034220695495605
cml2g7qb1eqyyijv5he0srj23,-0.41546404361724854
cml2g7x8pf003ijv5bom7qh3k,-0.40668410062789917
cml2g80t5f4ygijv510fpbi9s,-0.5473857522010803
cml2g7pgleps0ijv5g37vv8yh,-0.4526945650577545
cml2g7r6cesbsijv58yu4laa3,-0.4405319094657898
cml2g81gjf5t3ijv5yl2yc79x,0.544559895992279
cml2g7ypff1yqijv5dvpilkf6,-0.4145810604095459
cml2g7yfkf1jfijv50v4yq0un,-0.43507373332977295
cml2g7wq1ezd5ijv5dnbcdwsj,-0.5539214015007019
cml2g7wbeeyt6ijv5egksksqh,-0.41476815938949585
cml2g7vxkeybkijv5s25h25h5,0.39280909299850464
cml2g80okf4t8ijv5qe4a4gc8,-0.42720088362693787
cml2g7qgfer6aijv55heo41ql,-0.4366549551486969
cml2g7yuff265ijv53le0v5gc,-0.49283432960510254
cml2g7q0deqkjijv5m7zy2amp,-0.43373146653175354
cml2g7r1ces32ijv5ii44x0oy,0.49179157614707947
cml2g7u8wewbtijv5omt6qxi3,-0.5120939612388611
cml2g7mtielzyijv5sstewww8,-0.44127416610717773
cml2g7rm4et2tijv5jewmeh39,0.5779203772544861
cml2g7nvhenh5ijv584xklo83,0.48935914039611816
cml2g7u4few6tijv5xxjqxqbq,-0.5245388746261597
cml2g7onkeomaijv5yuw3hto1,-0.4208957850933075
cml2g7u03ew1zijv52p296vsa,-0.410648912191391
cml2g7te2evafijv5e9t8cvpu,-0.4550943076610565
cml2g7mgjelmgijv5lly0bbel,-0.406509667634964
cml2g7ss0eujbijv5tvcacbcf,-0.4345006048679352
cml2g7rrfetc8ijv52qn2qm68,-0.5260306000709534
cml2g7mytem6oijv5r3yx5dcm,0.418178528547287
cml2g7pbpepl5ijv5ztq25i12,-0.4280155897140503
cml2g7swceuomijv55e058l62,-0.5699900388717651
cml2g7plaepz3ijv5xwy08717,-0.42491069436073303
cml2g812mf5boijv5aayalbdx,-0.40724653005599976
cml2g7pq8eq6aijv5tz8n5oun,-0.42092809081077576
cml2g7tifevfaijv59ebgvv39,-0.48477351665496826
cml2g7xd6f05kijv5y8ree6tp,-0.40402233600616455
cml2g80ajf4bgijv5zjcnei0x,-0.524396538734436
cml2g7udaewgwijv5orjr5k3r,-0.4989126920700073
cml2g7k3aehzwijv5hzp4v1ss,0.4096824824810028
cml2g7g0dec2uijv5n7iqw2sv,-0.47632288932800293
cml2g7kytejf7ijv5zyvp5zx1,-0.5136492848396301
cml2g7gp6ecwwijv5dhiid6xq,-0.4607245922088623
cml2g7hi0eduyijv50k0iyhua,-0.4463360607624054
cml2g7h3sedfmijv5alw5cs11,-0.46265822649002075
cml2g7hmtee1dijv59743wig7,-0.4144597351551056
cml2g7fheeblmijv56xaslwnh,-0.5605810284614563
cml2g7ljjekbuijv51rypnv63,-0.4115828275680542
cml2g7hrjee7cijv58o9itrux,-0.711795449256897
cml2g7gagecdyijv51uqzs52e,-0.5423088669776917
cml2g7ivmefscijv547imlh1o,-0.4809550344944
cml2g7jhgegw1ijv5nmt5te62,-0.4623570144176483
cml2g7ighef6cijv55eth74to,-0.501139760017395
cml2g7l3zejn4ijv5qgw3x0hz,0.43320149183273315
cml2g7g5cec8fijv5jypm4j1b,-0.49982839822769165
cml2g7fvdebwmijv5sjkdosi2,0.46634113788604736
cml2g7k8kei9kijv5xcb7ibmn,0.4184948205947876
cml2g7ktkej5dijv5nashhscy,-0.4795748293399811
cml2g7gz3ed8yijv5yjfvft51,0.4279356300830841
cml2g7j6kegc7ijv5voto87ad,-0.4952477812767029
cml2g7fm0ebq2ijv5exvyf1h7,0.41940879821777344
cml2g7iaweeybijv5mjik6uxm,-0.596917450428009
cml2g7l90ejv9ijv59r0yhvvs,-0.4087076187133789
cml2g7ledek3kijv53h0yqx2x,-0.4134679138660431
cml2g7ko5eivgijv5p5gadul9,-0.4166947901248932
cml2g7hw8eecxijv5psbqdxlv,0.546396017074585
cml2g7jn4eh61ijv5cls2oj6h,0.4033384323120117
cml2g7gfdeckfijv5p2q2wsvt,-0.5720102190971375
cml2g7jxmehpwijv5nq26ev1l,0.4077865183353424
cml2g7jsdehfxijv5w0u8qb4b,-0.41676878929138184
cml2g7jbyegm2ijv5f6h10d3g,-0.49755239486694336
cml2g7ltxekr2ijv5ygcmqtjc,0.5543283820152283
cml2g7i5ueepxijv59s0i3bgc,-0.45216742157936096
cml2g7dove7n1ijv59225zzos,-0.43717941641807556
cml2g7dd2e8laijv5gllr3f8y,0.5159810781478882
cml2g7dbee79fijv5ec296b2a,-0.41263771057128906
cml2g7cvwe82eijv500kp3p7x,-0.41575995087623596
cml2g7at3e42gijv5c7deo6uy,-0.43797433376312256
cml2g7efuea5vijv54sld9293,0.43301254510879517
cml2g7a4je34qijv58wyga4y1,-0.4690517485141754
cml2g7cu7e6obijv5ak5mcptn,-0.5260533690452576
cml2g7dfje7dwijv5jit5gc43,-0.40324246883392334
cml2g79uhe2qsijv529qckem0,0.5512226223945618
cml2g7bn8e53pijv5qdoysjj9,0.5346094965934753
cml2g7epreal1ijv50yk4pxxj,-0.5297228097915649
cml2g7dk2e7i5ijv59tvi0e03,-0.4080426096916199
cml2g7e1pe9ljijv585svsnlk,0.5522646903991699
cml2g7cbde628ijv5le571ke4,-0.4930342435836792
cml2g7962e1veijv5x4ho6sdp,-0.41834938526153564
cml2g78r6e1ckijv5k0rv72y6,0.4345177710056305
cml2g7b2pe4cxijv5ldat0fqt,0.5162102580070496
cml2g78hie10aijv5zqhl37oy,0.44001173973083496
cml2g7ekreadeijv5ogrzdat3,0.4370790719985962
cml2g790xe1ozijv5d4rlabbk,-0.4035114049911499
cml2g7dmse8yqijv5ewffeyxr,-0.4569442868232727
cml2g7ez1eayqijv55g155zt6,-0.5044512748718262
cml2g7drpe962ijv5u7emenvr,-0.4093513786792755
cml2g7d69e8emijv5qul8j2fu,-0.41269463300704956
cml2g7bi5e4vtijv5nk8664dg,-0.5148595571517944
cml2g79zje2y0ijv540vf02fm,0.519119143486023
cml2g79poe2jnijv5fs3hbovw,-0.4087924659252167
cml2g78m9e16cijv534s4m21c,0.41581958532333374
cml2g7ae9e3isijv5mhdxcnol,-0.4905695617198944
cml2g7aoae3w8ijv54s4d3pmm,-0.5659441351890564
cml2g7ckde6bxijv5de5581aw,0.4034976065158844
cml2g7e6me9tbijv5s9jstx85,-0.47860845923423767
cml2g7eukearuijv5mn3gbcg2,-0.4713664650917053
cml2g7c6xe5w5ijv5xto31mi2,-0.5247961282730103
cml2g7cowe6i2ijv59gbdoqdu,-0.506046712398529
cml2g7c2he5plijv5gerg4d2j,-0.51096111536026
cml2g7f3teb5mijv5xiiinpod,-0.48787251114845276
cml2g7d0te88eijv5w2b45mca,-0.4813844859600067
cml2g7b7ne4jkijv5xcklcrr0,-0.4427269995212555
cml2g7bxue5ihijv5ngrd7mxc,-0.43434348702430725
cml2g7f8hebcfijv5y5s7s5k1,-0.549181342124939
cml2g78w5e1itijv5zz25zovq,0.43723323941230774
cml2g7dwoe9dsijv55pw95hkc,-0.40523794293403625
cml2g7aj6e3pkijv5ls3nm1in,-0.4748077988624573
cml2g7bske5bhijv5dmwtoamf,-0.6387116312980652
cml2g7cyke6ulijv5lhfo8u5y,0.40437158942222595
cml2g79kne2cqijv5hxpm93ug,-0.40513911843299866
cml2g7a9ge3bnijv5vcylxzab,-0.5032193064689636
cml2g79b0e21zijv5mq05xi1h,0.4088504910469055
cml2g7dhwe8rlijv5mlgedbxu,-0.46207869052886963
cml2g788re0suijv5di5b7dic,-0.40699389576911926
cml2g7bd4e4pkijv5gooiaxn4,0.4088146686553955
cml2g7d75e74yijv54xedv9bx,0.4415036737918854
cml2g7d2ye707ijv5mkms2anx,0.4217955768108368
cml2g78d0e0w8ijv5l6w8kbji,-0.41699472069740295
cml2g75ildwo3ijv58a7u1yqa,-0.44461849331855774
cml2g7570dvz4ijv5zwhzt1fy,-0.4541594386100769
cml2g76whdyy6ijv5p83k9xvt,-0.5045382380485535
cml2g751cdvogijv5c4ds1r36,-0.44975799322128296
cml2g77ghdzuuijv5aw6jkxek,0.5228396654129028
cml2g77uze0gpijv528a8plcl,0.4099038243293762
cml2g77q5e097ijv5vmvue93p,0.5290476679801941
cml2g76crdy2kijv5w6e6swlz,-0.4185759127140045
cml2g75t4dx5vijv5dvzbu786,0.5069538950920105
cml2g74r3dv8bijv5na4dvo9k,-0.47746801376342773
cml2g7842e0onijv531fqv0tm,0.4058396518230438
cml2g76rqdypfijv5ktf88423,0.5474255084991455
cml2g77lce023ijv58gzy7zwe,-0.53352952003479
cml2g75d1dw9rijv5eoadh8ew,0.4909813702106476
cml2g776ldzfrijv5noicih3h,-0.40978142619132996
cml2g75xudxdaijv5qx79d6j2,-0.5848196148872375
cml2g762wdxlbijv5oanmz8tz,0.5627846717834473
cml2g77bjdzngijv5flo3mfmv,0.4019702672958374
cml2g767qdxu2ijv5fyidvr5x,-0.543638288974762
cml2g771odz6yijv5s8s6ufk3,0.591927707195282
cml2g76mpdygpijv5xnle5pzc,-0.42713087797164917
cml2g75nzdwyiijv5wowy2083,-0.5479031205177307
cml2g6gsjd37hijv5ogzmtoqr,0.4891895055770874
cml2g6x3xdmriijv5xq6efn4s,-0.42644166946411133
cml2g6kt9d8m9ijv59pmf816g,0.44045379757881165
cml2g6urldk27ijv5vfvaeoa0,-0.41845256090164185
cml2g6k0xd7k7ijv5a7115r0j,0.44432201981544495
cml2g74h9duwnijv5s3dwqssf,0.47034063935279846
cml2g6k5md7qhijv5bktxdrsd,0.4424338638782501
cml2g6lp7d9rgijv5upd2axg4,0.4265548884868622
cml2g73xpdu9zijv5a6h2irdu,0.42649248242378235
cml2g6iq9d5sjijv5if9pbdwl,0.4602576494216919
cml2g72b2dsidijv5hca6f6di,-0.4328528344631195
cml2g6xxrdnttijv5ypwfu8ms,-0.48398157954216003
cml2g6op7dd29ijv5tanjplya,0.46244126558303833
cml2g6vkjdkvzijv54jmd4td6,0.41360509395599365
cml2g6r3jdgn1ijv5zpy3l1hg,0.42793360352516174
cml2g733udtemijv5pgzofswq,-0.4186954200267792
cml2g6qpldg7nijv577i835qq,-0.4306862950325012
cml2g6e2eczuvijv5e3hod04x,0.47000375390052795
cml2g6vfmdkqrijv5avt0epag,-0.5410136580467224
cml2g6kxxd8sqijv5sgnr6ejk,-0.42548707127571106
cml2g6zardpc4ijv561umgxj7,-0.42855435609817505
cml2g6gnud319ijv56hb9mtu4,0.48473989963531494
cml2g6ns5dc8bijv5h9i2o64d,0.4292815923690796
cml2g6t0kdinoijv5gru4uio0,-0.42627665400505066
cml2g6l2jd8z7ijv5semue0w7,-0.4327247440814972
cml2g6ql3dg2qijv5v07yg7jo,0.44165948033332825
cml2g6fiid1kfijv5lke17h5n,0.47607746720314026
cml2g6dsjczjpijv5eweay0v4,0.47404664754867554
cml2g6g55d2coijv5b5790o0b,0.472712904214859
cml2g703ydq8fijv5auh3nsvj,-0.4263698160648346
cml2g6vvcdlg0ijv558lg8lkz,-0.5776917338371277
cml2g6xnwdniqijv5qmd5bfww,-0.4289224445819855
cml2g71bodrj5ijv52rfqvxnq,-0.4320833683013916
cml2g6ilod5lyijv5p1rtwel1,0.42750903964042664
cml2g6dnuczf6ijv5vaz9z8qv,0.49195483326911926
cml2g6peqdex4ijv504rrswlg,0.44617900252342224
cml2g6l74d95aijv5uowhxqb9,0.4456227719783783
cml2g6elhd0fwijv5xjbg4739,0.49417436122894287
cml2g6u54djjrijv5hl6hbilw,-0.4324379563331604
cml2g6v12dkbsijv5scqghzkg,-0.43473756313323975
cml2g6t5adismijv52mdlhobd,-0.4212200939655304
cml2g6oz0ddbmijv5upe0ectj,0.43572765588760376
cml2g6jmxd72pijv5ytbuelc2,-0.6098987460136414
cml2g6xstdno7ijv595sfzrwx,-0.44289207458496094
cml2g6f4ld12uijv5g7275mvi,0.4874708354473114
cml2g72kldst0ijv5t5ogv44n,-0.4298730492591858
cml2g6jrkd798ijv54snejxt9,0.43442291021347046
cml2g6g9sd2ipijv55jkffr0u,0.4675731360912323
cml2g6hu1d4kuijv5nkkggvm4,0.5736249089241028
cml2g6z5rdp6lijv5v2ziuy4u,-0.4451438784599304
cml2g6nnddc2kijv5uqes17eo,0.43364474177360535
cml2g72phdsydijv5rhvq9c6h,-0.42785775661468506
cml2g6py5dfgkijv5f9i5jwgm,0.4306570589542389
cml2g6smzdi9dijv568c7ki9f,-0.42715325951576233
cml2g6dxkczp3ijv5lhdbs3q0,0.4852021336555481
cml2g6fw2d20mijv5hvnbtxzk,0.48113059997558594
cml2g6vzydlkyijv5rc9jrbjh,-0.4902155101299286
cml2g6pdbddq9ijv5f72c53ex,0.4275690019130707
cml2g72g0dsnnijv5jhcgjy52,-0.43173742294311523
cml2g72ywdt98ijv5wjx2v8b5,-0.44149675965309143
cml2g6tn9dj6hijv5t7ll7ghj,-0.42723217606544495
cml2g73ntdtyyijv5fvxjthyt,-0.4221493899822235
cml2g6wz3dmm1ijv5jmg22fwy,0.41001302003860474
cml2g6zkkdpmzijv5xhkqd9n5,-0.4269964396953583
cml2g74ceduqxijv5n5ahc22q,0.4912545084953308
cml2g6udxdjq2ijv5vsfg4qci,-0.43392446637153625
cml2g6uwedk70ijv5ly6scseg,-0.4220767319202423
cml2g70x4dr3dijv5aqbalk5a,-0.4267277717590332
cml2g6w50dlq4ijv5qddjchix,-0.4422760009765625
cml2g6n8tdbleijv59q2ngzsz,0.4303155839443207
cml2g6tw6djcyijv508nkggie,-0.43847787380218506
cml2g6sibdi4dijv5arx7z7d2,-0.42884892225265503
cml2g71qedryhijv5dyj7pv6o,-0.44256356358528137
cml2g6iuvd5z6ijv55n0d7gel,0.4460623860359192
cml2g6s4gdhqeijv5niu2zqy6,-0.4260360896587372
cml2g6ofsdct5ijv5rerqnhvp,0.4652283191680908
cml2g6q7cdfomijv5qlv6sqkw,0.43828320503234863
cml2g6wjndm5qijv55nhqldj0,0.41680994629859924
cml2g6ndsdbr2ijv5tu016i26,-0.42589956521987915
cml2g721cds7zijv532lcveox,-0.43515750765800476
cml2g6poddf6tijv5uqrtj9dy,-0.4287411570549011
cml2g6qbtdfsxijv545x3mk81,0.4452384114265442
cml2g6tefdj0gijv5lbysek0h,-0.43158993124961853
cml2g6wexdm0kijv5mcef0agv,0.4174923896789551
cml2g6sdqdhzoijv5jgwyf6uk,-0.42826569080352783
cml2g6mgidaokijv5uzpppzyn,0.4420582950115204
cml2g6sridiefijv5podfqnxc,-0.4353255331516266
cml2g71lkdrtdijv5odwfza6d,-0.4284813702106476
cml2g6rcvdgxhijv5dsbnooff,-0.4213275611400604
cml2g6ka9d7wvijv5hvgero8h,0.4472651481628418
cml2g6o6adckyijv5hcyxikqk,0.43014222383499146
cml2g6wogdmb5ijv5fpfmi8gw,-0.4413037598133087
cml2g716qdre0ijv563yesz67,-0.4288187026977539
cml2g6ltkd9wqijv5fin1o2oa,0.4257282316684723
cml2g6j4cd6ccijv5t1agtffv,0.560031533241272
cml2g6ygsdoffijv5czllyb32,-0.4284699261188507
cml2g6okfdcxnijv5glxw9f78,0.468861848115921
cml2g6gj7d2v0ijv5gvlbh4id,0.4884355366230011
cml2g73ssdu4eijv53ke2ghwo,-0.5404062867164612
cml2g6vatdkloijv5fy3vbau7,-0.45004525780677795
cml2g6zfodphkijv5ww22ydmc,-0.4285479784011841
cml2g6zyxdq36ijv5zss6v0i1,-0.43202531337738037
cml2g6p3qddgiijv5w2e26hpl,0.4227770268917084
cml2g6p8kddlbijv5mwwie8d7,0.4562912583351135
cml2g72u9dt3rijv5xcwgcg4a,-0.4250468909740448
cml2g6gejd2ovijv5mrfrhey7,0.4406203627586365
cml2g6qysdghsijv5x408mcoy,-0.4235396385192871
cml2g6i7td548ijv5aatk77kn,0.4595434367656708
cml2g6y7gdo4kijv51lowe0eo,-0.4171659052371979
cml2g6hpfd4efijv53gf0iy9l,0.4752727746963501
cml2g6rzwdhlpijv5f2n78coj,-0.4292631149291992
cml2g70n6dqsoijv54mb4h50o,-0.4251340925693512
cml2g6f97d18mijv5hdhchqvw,0.49134117364883423
cml2g6wtldmgiijv5tawhdfqu,-0.4241155982017517
cml2g6ylidokrijv5ye0m6oap,-0.4312227964401245
cml2g6frkd1uqijv5522qhq9r,0.47579988837242126
cml2g6pvtde92ijv5lw5z0wgl,0.42370179295539856
cml2g6izkd65sijv5jx1e6nbj,0.438806414604187
cml2g6n3ydbfoijv52jm1t122,0.4329889416694641
cml2g6hktd47zijv5v6fsd7ny,0.4934723675251007
cml2g6yc7do9zijv501zhkzfe,-0.41893061995506287
cml2g6kf3d838ijv53fj7gq94,0.43275555968284607
cml2g6h6id3opijv5ls45xgi8,0.47585737705230713
cml2g6j8td6idijv528fojy5t,0.5316670536994934
cml2g6nx4dce4ijv5l8g9iqv4,0.42680686712265015
cml2g6pmmde08ijv5fuogfog9,0.4354611039161682
cml2g6hg0d41kijv5pk69nd1z,0.47098127007484436
cml2g6g0jd26oijv5gll53cdt,0.48337018489837646
cml2g6ezod0wxijv5u8s1ikly,0.4907797574996948
cml2g6i34d4xlijv5xaqygtgx,0.4402886927127838
cml2g6uifdjtqijv5v0nj20im,-0.42986616492271423
cml2g6rm3dh6hijv55k6plxgm,0.4544101059436798
cml2g6p0adeinijv5dsp81t4g,0.44977015256881714
cml2g6o1qdchhijv5gq5rtd7n,-0.42869746685028076
cml2g6m74dadeijv534o8zdz6,0.4296552836894989
cml2g6icld5avijv5l3deuyxt,0.45913583040237427
cml2g6ji8d6vtijv5vmksglla,0.6396645903587341
cml2g71gldroaijv599oan2tn,-0.430492103099823
cml2g6egqd0ahijv52fdhhrcw,0.4680221378803253
cml2g7269dsd2ijv5trkf7jjg,-0.43228819966316223
cml2g6eq7d0l8ijv5p770obs1,0.4917638897895813
cml2g708tdqdpijv5vh6g1rci,-0.4247128367424011
cml2g6z0sdp15ijv5vh4zgizk,-0.4338126480579376
cml2g6umxdjxiijv5j40lk8yd,-0.612456738948822
cml2g742jdufnijv5fvtdynny,0.5198060274124146
cml2g6ebsd04tijv5du11tcj8,0.49316394329071045
cml2g6fdvd1ejijv57rv60o58,0.46504804491996765
cml2g6pa3desaijv5hcouwwap,0.4480167329311371
cml2g6lkod9m2ijv5a17psoml,0.42404475808143616
cml2g6r85dgs7ijv5f2jzu7s2,-0.42598745226860046
cml2g6mbtdaiyijv5hn058fc4,0.4458109438419342
cml2g6gx6d3drijv50bqvdm9b,0.49037477374076843
cml2g6d9mcz1bijv5pzfu3wa6,0.4456908702850342
cml2g6d55cyz9ijv5k9wz7rkk,-0.4884054660797119
cml2g6bg1cwgsijv5d3ksyxi2,-0.4031181335449219
cml2g6byacx3uijv5faheqna3,0.5163737535476685
cml2g609xch7cijv540hdiyp4,-0.3878606855869293
cml2g5xn3cdyvijv5safrrefo,-0.43991172313690186
cml2g5zd5cg4bijv5i84syhof,-0.4000479280948639
cml2g69o4cu45ijv5x4opit0w,-0.4163246154785156
cml2g69xjcuhaijv5qvx0o2zh,-0.4309897720813751
cml2g68mpcsvtijv5924u8leg,-0.4042634963989258
cml2g61enck06ijv5oise65jw,-0.44510918855667114
cml2g690rctcgijv5jgfxfhqo,-0.43744856119155884
cml2g64d0cnvzijv5xglasrum,-0.43735072016716003
cml2g66yxcr3xijv5qwq5o39j,0.42527487874031067
cml2g6czccylmijv57bkh0kr3,0.5538261532783508
cml2g5u3mcabjijv5t72ghq64,-0.42110711336135864
cml2g5yyucfmiijv555if4j1w,-0.4354588985443115
cml2g5zmtcgfaijv5r72lk7sw,0.43248045444488525
cml2g6brjcww4ijv5ivn4fe8a,0.5051947832107544
cml2g6alxcvfgijv51jbp6ilx,-0.4573354721069336
cml2g5st2c99rijv52ohj8nnd,-0.4282749593257904
cml2g5yayceq9ijv5wwxqx461,-0.3993445634841919
cml2g63fwcmq9ijv5fg2hjl6e,-0.44083645939826965
cml2g68w0ct6fijv5ygpgp9v7,-0.3969099223613739
cml2g5yp7cf9cijv525kwsz58,-0.41082364320755005
cml2g66bhcqbzijv5ufwlofi9,-0.40599480271339417
cml2g64r8coedijv5bb07d48g,0.4107310473918915
cml2g63b6cmk4ijv5sfxleey5,-0.4347741901874542
cml2g5tgmc9sxijv53p2i75uc,-0.43050214648246765
cml2g5u87cag0ijv586zkhp4g,-0.4393218755722046
cml2g61xdckpkijv5y85gc5fd,-0.4250158369541168
cml2g65j1cpbhijv58usi1uq2,-0.41389283537864685
cml2g68i3csqbijv5yrrlyimr,-0.43892255425453186
cml2g612ici3yijv5eek1dbxt,0.3899194896221161
cml2g6aqrcvlfijv5uvcj4nzk,-0.4276120364665985
cml2g61pqcitlijv5mco2bvqh,0.4178439676761627
cml2g5uhrcaprijv58irhyz7t,-0.41631317138671875
cml2g5tl5c9wjijv50j3g6z5a,-0.418015718460083
cml2g65sccpnbijv57a007vxn,-0.43038150668144226
cml2g6326cm7rijv5dlr1hnav,-0.43615755438804626
cml2g60eochcpijv5gz2kypsi,0.3888016939163208
cml2g661zcpzmijv5evgsa1x0,0.42033010721206665
cml2g61o1ckd1ijv5hetgx6i8,-0.4165973663330078
cml2g60jbchidijv5gs5695l7,0.5040753483772278
cml2g60xdchyeijv5iefgjs32,0.4987587332725525
cml2g5x8gcdleijv5owuqcxli,-0.43562638759613037
cml2g5skjc96cijv53rqzz9jj,-0.46855437755584717
cml2g61z6cj5xijv5gv8f5yac,0.4568096101284027
cml2g5vr3cbzvijv5k44tkm1v,-0.4455301761627197
cml2g62cucjnlijv5rx35cdap,0.415446937084198
cml2g6a70cuu8ijv5ovg4gfu2,-0.3929562568664551
cml2g61ubcizbijv5fyn05vif,-0.4134182631969452
cml2g5t2fc9ftijv52zez1953,-0.44796276092529297
cml2g5wp1cd01ijv5cjcf159x,-0.41480469703674316
cml2g63ytcndeijv5kdp8unuf,-0.3991740047931671
cml2g5vm8cbuoijv5wtxcff3q,-0.3962230086326599
cml2g66u6cqxiijv5rzneds9a,-0.41213473677635193
cml2g5tyzca75ijv5g2x2hu2o,-0.4457671344280243
cml2g636mcmdzijv5g5h9nlav,-0.3932611048221588
cml2g67mrcrz8ijv5c7cpylia,0.4199638068675995
cml2g62tcclvhijv57yleqsau,0.3999139964580536
cml2g5wz1cdaqijv59ijr8u2g,-0.40746837854385376
cml2g626scl22ijv5db3rm7la,-0.44609054923057556
cml2g650hcopzijv5olkxyn2n,0.4134373366832733
cml2g67vncs6yijv55lqb25s5,0.42571359872817993
cml2g5sorc97qijv5e0g2a3lr,-0.43391355872154236
cml2g64vxcok5ijv58c3rcdg3,-0.39948567748069763
cml2g69srcualijv5pvop31hx,-0.3984346091747284
cml2g69f2ctv2ijv5ys5gyuv4,-0.43513837456703186
cml2g62g1cld8ijv5htvhgzoy,-0.4426104426383972
cml2g61gkciiqijv5dslcj0iv,-0.39793792366981506
cml2g68djcsl6ijv54logaaa7,-0.3984466791152954
cml2g5yu3cffwijv5ir2ondqf,0.5130226016044617
cml2g5v7kcbf4ijv5gu1shesq,-0.40828773379325867
cml2g64huco25ijv5g14pg5id,-0.43448811769485474
cml2g69a6ctorijv5ejk3flk7,-0.45055344700813293
cml2g66gacqi9ijv5u14cz220,-0.43560054898262024
cml2g5uy0cb4tijv5gnd16th1,0.41657137870788574
cml2g65nscphoijv5s2o6xwzj,0.42684513330459595
cml2g5y1mceekijv52baazyxe,-0.39347800612449646
cml2g5ykacf2rijv59gwx753w,-0.42570948600769043
cml2g628acjhcijv5tnkuetvn,0.41937828063964844
cml2g5wkaccueijv52vfbftjw,-0.4189004898071289
cml2g61kzcinqijv5rr0cdazv,-0.3988526463508606
cml2g619ycjtrijv5n0el0rr4,-0.4050162434577942
cml2g5v2wcba5ijv588cirull,-0.40799859166145325
cml2g5vcpcbk8ijv52bqwlgy9,0.393574595451355
cml2g605ech2kijv5sbltvie5,0.3993634283542633
cml2g62oyclpeijv55j0eonsb,-0.40977779030799866
cml2g61sockj9ijv575uc91z7,-0.4531750977039337
cml2g5tuaca3cijv509yrgcqy,-0.3967800438404083
cml2g659kcozjijv5iqjlc02b,-0.42738616466522217
cml2g67rgcs50ijv5nno90w3x,-0.434688925743103
cml2g688vcsg3ijv5fkzze7ic,-0.3930370509624481
cml2g62xscm1lijv5mfh5130a,-0.43749290704727173
cml2g5umrcauvijv5b392g7eq,0.41686251759529114
cml2g6avscvroijv59zwjt3u5,0.5058691501617432
cml2g5zrkcgl5ijv5ftu375yw,-0.39110955595970154
cml2g68rict1vijv5oldyrx24,0.504802942276001
cml2g5sxnc9crijv562qhpij4,-0.4359546899795532
cml2g5vhhcbpdijv511zi8jny,-0.39015811681747437
cml2g6ca7cxkbijv5g2pxjl18,-0.4126562774181366
cml2g5z3rcft0ijv5c9zos3sw,-0.4505082964897156
cml2g67i1crt2ijv5i4mky77r,0.4150054454803467
cml2g63kscmweijv5m9mwyhc9,-0.43363386392593384
cml2g5zw0cgqzijv5auufgdqn,0.39980775117874146
cml2g6ckncy0bijv59arg5ted,-0.4128074049949646
cml2g666qcq5uijv5gw526yfs,-0.4367488920688629
cml2g673ucracijv5qkl9xdsm,-0.4341829717159271
cml2g600qcgwvijv5mffg5xp5,0.499988317489624
cml2g65ebcp5aijv51gugr8yk,-0.3924136757850647
cml2g5w5qcceuijv5447xz6ll,-0.4062064290046692
cml2g643fcnjmijv58rqfm3c3,-0.43570476770401
cml2g5w0ycc9dijv5dhu36rhg,0.40504059195518494
cml2g6cu9cycsijv5thlkcrtj,0.45029550790786743
cml2g6bahcw9eijv520e2f6iy,0.5091501474380493
cml2g6a2acuo6ijv52thner31,-0.44442877173423767
cml2g6agscv8bijv5y5kw2sad,0.5119563341140747
cml2g64mico8cijv53sg9nboa,-0.437445729970932
cml2g5wficcotijv5bwhc8m3u,-0.40598034858703613
cml2g6489cnptijv58467yz88,-0.4309239983558655
cml2g5wtpcd5qijv5fci0y02k,-0.41687917709350586
cml2g5vvscc41ijv549pxrqna,-0.42153865098953247
cml2g5m2nc2cqijv5k17hehkg,-0.44704386591911316
cml2g5fzhbulgijv57n5480cp,-0.4224117696285248
cml2g5h07bvr8ijv5e2g20378,0.39595168828964233
cml2g5pzgc6deijv5y4hjuuhs,-0.39498603343963623
cml2g5hs6bwniijv5eg9q7m9s,-0.39520421624183655
cml2g5h4sbvxiijv5zeq9f786,-0.3926490545272827
cml2g5ntmc4cjijv5iclghy8z,-0.43065953254699707
cml2g5j74byfmijv5g7ibob7e,-0.41826215386390686
cml2g5ohwc52lijv5z7advh0v,-0.4253697395324707
cml2g5k4mbzn1ijv5ny2aecxi,-0.4260372221469879
cml2g5n5ec3ivijv5hidha1lt,-0.4420788884162903
cml2g5mm6c2xkijv508movlze,-0.4248831272125244
cml2g5pl3c621ijv5je81kwmi,0.4011899530887604
cml2g5jbxbymbijv5kwqne21y,-0.4162267744541168
cml2g5neuc3tqijv5akryjlrb,-0.427451491355896
cml2g5i5rbx2fijv55tlo8j4r,-0.44718578457832336
cml2g5mvnc37nijv5kl00wz4e,0.4062499701976776
cml2g5ppsc65eijv5o0ejfy9n,-0.3980729579925537
cml2g5r8uc7otijv55j94942c,0.4014891982078552
cml2g5lobc1vrijv5lghgt7dp,0.38310307264328003
cml2g5p7dc5skijv5mandph1v,-0.4360511898994446
cml2g5k03bzhlijv5ndymahe6,-0.399844765663147
cml2g5mhcc2sqijv53jvfjdv7,-0.40598493814468384
cml2g5qo8c72cijv5y4d3qpdn,-0.42461082339286804
cml2g5jgqbyt0ijv5c3dda64p,-0.41753172874450684
cml2g5n0oc3daijv5ed5anufk,-0.45215192437171936
cml2g5rdjc7ulijv59xl07tz2,0.4085741639137268
cml2g5h9jbw33ijv58jjfzeg9,-0.4342033863067627
cml2g5qtac77mijv5brobpbvw,0.38933265209198
cml2g5hwkbwrsijv59v503vdh,-0.4565959870815277
cml2g5flubu4eijv5j5t7um13,-0.4488060474395752
cml2g5j2aby92ijv5nka8xoug,-0.3990199565887451
cml2g5q4dc6i5ijv5dxxpybao,-0.45957067608833313
cml2g5sayc8wwijv5y5spodsq,-0.41795045137405396
cml2g5hnrbwjtijv52y65fk2l,-0.4204436242580414
cml2g5pulc691ijv5m8j9t23d,-0.40017959475517273
cml2g5njsc400ijv5qlyt3y4m,0.39689311385154724
cml2g5iocbxquijv54t58h7px,-0.39045730233192444
cml2g5o8fc4u3ijv51d9a3kwq,-0.4360083043575287
cml2g5gqnbvg2ijv5rsso79j0,-0.38346436619758606
cml2g5qjcc6x4ijv5nyztf23w,-0.4209107756614685
cml2g5gd5bv13ijv5kznvv6ey,-0.4306735694408417
cml2g5k9mbzukijv5i0af0uap,-0.42857298254966736
cml2g5ksac0lyijv5l98dynyq,0.408047616481781
cml2g5jlfbyziijv5tk8h78l7,-0.4641198515892029
cml2g5f46btqqijv52m2vm6a4,-0.4819397032260895
cml2g5pgrc5zyijv56sth10g1,-0.4012486934661865
cml2g5i13bwxaijv50hr9xzx7,-0.45917677879333496
cml2g5l1fc0zrijv5bmosktnu,-0.4361732602119446
cml2g5gvfbvldijv55zztx8kj,-0.4145970642566681
cml2g5iafbx84ijv5ocqhipmf,-0.43752822279930115
cml2g5o3mc4oeijv52bn07o28,-0.4182312786579132
cml2g5sfyc92aijv53l0iwr9c,-0.4171737730503082
cml2g5qydc7daijv5izxo4ar8,-0.40024644136428833
cml2g5heabw8yijv595v3vn6n,-0.4006235599517822
cml2g5pbzc5wbijv5ker397rn,-0.3886215090751648
cml2g5ijnbxkaijv5qowb6guq,-0.4544505476951599
cml2g5omoc57oijv5v8cow2ks,0.506777822971344
cml2g5lacc1czijv555xdv81d,-0.3956194818019867
cml2g5lxuc26jijv5saoe2ozg,0.3972931504249573
cml2g5notc468ijv5eqa2ye0q,-0.3786211907863617
cml2g5fcpbtviijv5so1b7jvm,-0.44567209482192993
cml2g5qeec6s2ijv5szzyhnvw,-0.4255324900150299
cml2g5ljhc1puijv50pxblr2a,-0.4144035875797272
cml2g5nyrc4ioijv5xhm8kd0b,-0.4046124815940857
cml2g5fh8btzvijv5jbip151h,-0.4485131502151489
cml2g5r3hc7izijv5beb5192i,-0.4122190773487091
cml2g5mqvc32lijv5hr462s9e,-0.3866056501865387
cml2g5p2oc5ncijv5akmc7k7z,0.5095460414886475
cml2g5f8fbtt4ijv5pvo3vvxj,0.5010014772415161
cml2g5oddc4y6ijv5pes95xyk,-0.42597949504852295
cml2g5g8obuvsijv5piohmkcc,-0.41943883895874023
cml2g5s17c8m2ijv5j4chv0im,-0.41532373428344727
cml2g5dx0bsbyijv5ra6hwgb1,-0.3952217996120453
cml2g5e1pbqpsijv5kw3zmqrm,-0.40194347500801086
cml2g5d8abpnwijv5mc3pvc1r,-0.436789333820343
cml2g56hibgtxijv5ee8kwhd6,-0.4491056501865387
cml2g58ohbjoiijv5mbe6u7le,-0.43803831934928894
cml2g57kpbi7gijv5wqbg590q,-0.4257868826389313
cml2g5cktbougijv5knt4gxyq,-0.4269045293331146
cml2g5di4bpzxijv5yoyebzuf,-0.4142564535140991
cml2g5eb4br1wijv5tvads6hj,-0.40545564889907837
cml2g5a12blguijv5mh2h8yi0,-0.4074665307998657
cml2g5ekubrgrijv5xn0d2xwb,-0.43205228447914124
cml2g5aygbmo6ijv5p0cpyknj,-0.4570176899433136
cml2g56mdbgyvijv535me5plq,-0.4306734800338745
cml2g575wbhmqijv5igum4op8,-0.44443798065185547
cml2g57zbbisnijv58z5vv8x7,-0.4264366626739502
cml2g593ibk8aijv5pccv0jvz,0.39841198921203613
cml2g5drfbqbxijv5tqdj235i,-0.4934038817882538
cml2g5bcnbn63ijv534r9pojo,-0.3880789875984192
cml2g598dbkf0ijv5k6uyk4wj,0.41271287202835083
cml2g5ctybp5dijv56pef0bpl,-0.42669591307640076
cml2g584fbj02ijv5cnzqgzay,-0.445509135723114
cml2g58tgbjv0ijv5cspwr3cs,-0.4227888584136963
cml2g5ajxbm3tijv5nljkscni,-0.43435603380203247
cml2g57atbhtoijv52lnxu3m8,-0.4269978404045105
cml2g56vsbh9kijv5sgulbp3o,-0.431423544883728
cml2g570sbhfwijv5mca6klpg,-0.44264426827430725
cml2g5b39bmuqijv53g3qvz9p,-0.45048725605010986
cml2g5af4blxtijv57ufv55wb,-0.42691394686698914
cml2g5brabnqoijv5y8831k49,-0.4044538736343384
cml2g58embjaiijv5lo0iqr63,-0.4204009473323822
cml2g5efybr98ijv5v8uqguvh,-0.4145076274871826
cml2g5aoxbmapijv5byldw5gc,-0.4588078558444977
cml2g5dmrbq5uijv5gnxtc9ps,-0.4514964818954468
cml2g5ev7btk1ijv5vo9cguvi,-0.5509190559387207
cml2g57ucbilbijv54wntu3aj,-0.43215885758399963
cml2g5cftboo7ijv5qwj2mcku,-0.4224046766757965
cml2g5a5sblnkijv52nutgwoj,-0.450479656457901
cml2g59n1bkz9ijv5fremha82,-0.4360983371734619
cml2g5e2ebsjxijv5t2cg0vmo,-0.4156963527202606
cml2g5epybrodijv5oxwlfofh,0.4029567539691925
cml2g59dabklqijv5sai46d69,-0.41252705454826355
cml2g58jebjhjijv5nnrpls5b,-0.41603654623031616
cml2g5ecjbsxxijv5mkzepzle,0.5090182423591614
cml2g5drpbs3xijv5oamj6p7e,-0.4101894497871399
cml2g5d3kbphuijv5ws53u7k8,-0.4588206708431244
cml2g59w5bla8ijv5ie1jj9nc,-0.4244079887866974
cml2g5c17bo4bijv54gon2lfr,-0.4205470681190491
cml2g5c61bob2ijv5rxh54ri3,0.3777664303779602
cml2g59i5bksgijv5ehf65t8e,-0.4192812740802765
cml2g57fnbi0eijv52jgp4z7d,-0.40214523673057556
cml2g5bhgbncpijv5xgneumr5,-0.40421193838119507
cml2g5aadbls7ijv5n52sepbh,-0.4242762327194214
cml2g5cypbpblijv55iexu12a,-0.433344304561615
cml2g5bwbbnxlijv52x63rgs9,-0.4011923670768738
cml2g5atmbmhkijv5saxfmz09,-0.39350804686546326
cml2g5dwsbqitijv5ari2hgk7,-0.4049256443977356
cml2g58ydbk1jijv5voomnp63,-0.4788743257522583
cml2g5ddabpu1ijv5hwb4p6i4,-0.4251694679260254
cml2g5dmnbrw4ijv57doqh061,-0.3914088308811188
cml2g5bmbbnjiijv5b1bilzc9,0.3968193829059601
cml2g57pgbiedijv5g3yp019u,-0.40966424345970154
cml2g5e7abspmijv552sdy1qp,0.3932645320892334
cml2g5caybohmijv51e533xb2,-0.42200154066085815
cml2g512cb94oijv5ufdc6ijm,-0.427203506231308
cml2g4x7ab4xyijv5m0udeoo9,-0.40715041756629944
cml2g4wn2b4bzijv5mb71dsli,-0.492995947599411
cml2g503ob89bijv5m2xtdwxm,0.42797091603279114
cml2g4yyob6wnijv5h0v3x8ec,0.5531423091888428
cml2g4ytkb6qqijv5wvesarit,0.49700239300727844
cml2g4zitb7kyijv5cjbnly7c,0.42528149485588074
cml2g55d1beyzijv5bq5f7vzo,-0.43132883310317993
cml2g50seb8ttijv54agxno6h,-0.42296528816223145
cml2g524wba95ijv5zpklwe9h,-0.3936598598957062
cml2g4z8tb78kijv5epp4zi3i,-0.4306216239929199
cml2g4ztab7xlijv558q3jpo4,-0.43027663230895996
cml2g54tkbe6pijv5bf6jl0m0,0.4979889988899231
cml2g52scbb2yijv5ymgeko3c,-0.4217611253261566
cml2g4zyeb83lijv5pmc879id,-0.4240424633026123
cml2g55i2bf6qijv584y6qtxu,-0.4326101243495941
cml2g51iab9mjijv5swj0rpe9,-0.4174064099788666
cml2g53j7bc5qijv5vcl9z78e,-0.4268518090248108
cml2g53drbbxwijv55f4fti46,-0.4251541793346405
cml2g5339bbibijv5hibv4ht3,-0.42348864674568176
cml2g52mubav9ijv5sg40y2n3,-0.39107364416122437
cml2g4xssb5nwijv5rr0h3vm9,0.39832666516304016
cml2g53t7bchuijv57029fiu2,0.41505512595176697
cml2g51nhb9suijv5xmkex2ig,-0.4239164888858795
cml2g4yjab6h2ijv5qemglpcw,-0.4439024329185486
cml2g55x9bfwlijv5i7vagwqh,0.5062706470489502
cml2g4znyb7r9ijv5avryodwh,-0.43026605248451233
cml2g517wb9ahijv5wjmdlz17,-0.4285391569137573
cml2g50xeb8z5ijv5g5bcw5be,-0.4238539934158325
cml2g4wx8b4o7ijv5qqx90imr,0.5305319428443909
cml2g4ye6b6boijv5lb61sjjr,-0.4116348326206207
cml2g548ubd7kijv5ds2rxb0d,-0.42186176776885986
cml2g51u3b9z5ijv5jr0bdg6u,-0.4205479621887207
cml2g51d4b9gdijv5x5lvh1c7,-0.41816970705986023
cml2g4y95b66fijv5peuk06pb,0.39970290660858154
cml2g56cqbgohijv5a1y276zz,-0.4005111753940582
cml2g52hhbanvijv5zjxr2iwn,-0.41694971919059753
cml2g53yhbcqbijv54d9fduko,0.4113401472568512
cml2g54j5bdozijv52cw6vken,-0.4214792847633362
cml2g562hbg5tijv5cpicw1xk,-0.4279351830482483
cml2g50n9b8omijv5yzgbcopb,-0.4234635531902313
cml2g4xyxb5uhijv5z69r0cs0,0.3979247212409973
cml2g4xckb54hijv5o225s3ld,0.5088576078414917
cml2g54dtbdg9ijv5s6dz7vqb,-0.42115020751953125
cml2g55s5bfngijv51ubo2dxg,-0.4167225658893585
cml2g55n2bfefijv5kgdfy6vn,0.49308300018310547
cml2g52bubaghijv5npc2fnqp,-0.4223422706127167
cml2g4z3sb72nijv5v9qtf116,-0.4206218123435974
cml2g543rbcytijv592njpmkt,-0.4000226557254791
cml2g538mbbq4ijv5ic7e4lt8,-0.42860910296440125
cml2g567ebgf5ijv5m3vv5kdr,0.580750048160553
cml2g4ws3b4hvijv5q695m8km,0.39500290155410767
cml2g4xhpb5b1ijv59sx8xs2o,0.5169146060943604
cml2g50i7b8k9ijv5pajy3jb6,-0.4242171347141266
cml2g4ujdb1pvijv529o9094q,-0.45199054479599
cml2g4vusb3dvijv5kbp5qtv6,-0.4132075905799866
cml2g4s55aygmijv5lo1zrigj,0.4025440812110901
cml2g4uedb1icijv5pv4u92n0,-0.41501089930534363
cml2g4q12avwqijv5m3bg9576,-0.39583298563957214
cml2g4ov5at7cijv5j18iryic,-0.39489832520484924
cml2g4v7fb2osijv5pc1a3llj,-0.4139624536037445
cml2g4w8qb3tcijv5mk4ej8qn,-0.4269874691963196
cml2g4sspazboijv5i7ahpzv0,0.5114789009094238
cml2g4vq6b38kijv5804a0e2m,-0.405933678150177
cml2g4p45atftijv5xmoe0qeb,0.4065556824207306
cml2g4tgkb05sijv5fekzy92n,-0.4448150098323822
cml2g4qtxavgnijv5ciu2l9kj,0.39836812019348145
cml2g4pw9avqoijv5mofb7b3m,-0.44166553020477295
cml2g4pdiatqbijv5o36uq5mc,0.4180470108985901
cml2g4t6zaztaijv5trwqp3gd,0.5106767416000366
cml2g4qnyavakijv59r3l5p1z,-0.4206086993217468
cml2g4tvcb0s1ijv53yx5ydai,-0.45347052812576294
cml2g4tlib0d7ijv5e2mlljgv,-0.43155068159103394
cml2g4s09ayahijv5btebo23i,-0.45234447717666626
cml2g4ozoatbcijv52cvr7qzs,-0.4045471251010895
cml2g4pmuau02ijv50qxufjbm,-0.4146477282047272
cml2g4qy9ax1fijv59z0qzlav,-0.44958189129829407
cml2g4oqoat3cijv53fgqsupt,-0.39519914984703064
cml2g4u9ab1awijv5fb1sjt5m,-0.44165581464767456
cml2g4r30ax79ijv5sczoh03c,-0.39957356452941895
cml2g4rcgaxgmijv5ua5gz0rd,-0.41448917984962463
cml2g4uxsb2bbijv5q1k2euzp,0.4085291624069214
cml2g4qjoawk9ijv5pr44mob9,-0.448307067155838
cml2g4sa1ayniijv5483ofgik,-0.4190555214881897
cml2g4rvday40ijv5zeu22cpr,0.5053051710128784
cml2g4rh1axlsijv5o3xpvm5j,0.39229321479797363
cml2g4rqlaxxoijv5sghhybds,-0.3975483775138855
cml2g4vgpb30aijv5azxrtfzv,-0.3945085108280182
cml2g4vbzb2uiijv5iroqal2j,-0.3998243808746338
cml2g4qa2aw8nijv5mvce23ge,0.39888787269592285
cml2g4rlsaxreijv5n3dg7p1o,-0.407871812582016
cml2g4wi0b43gijv5wk0t115y,-0.44728121161460876
cml2g4q0mauhwijv5cw1uhsf3,0.41833749413490295
cml2g4qadautqijv5ohwns54j,-0.4765789806842804
cml2g4sxkazi5ijv5l4hxd65a,-0.4040546715259552
cml2g4sevayukijv54p6m7kbf,-0.4246372878551483
cml2g4qerauysijv5jjpdb13t,-0.4189804494380951
cml2g4pvwaubrijv5zslq59cg,-0.4121440351009369
cml2g4pr7au5sijv57lpc9tta,-0.413268119096756
cml2g4qelawehijv5l96nmd97,-0.40763717889785767
cml2g4q5gaunuijv53nnyhodn,0.4072461724281311
cml2g4q5paw2sijv5odq3io6a,-0.42090895771980286
cml2g4tbnazyyijv51374nu7f,0.507763147354126
cml2g4p8matklijv5nh2e6mo5,-0.5052642226219177
cml2g4t2hazpaijv5sb7hlcgy,-0.4151208996772766
cml2g4qtgawvsijv57lddp69r,-0.3987804055213928
cml2g4g3aajo7ijv532jxhtmc,-0.4491388201713562
cml2g4k84ao6pijv53e94nps6,-0.4153733253479004
cml2g4ghiak4kijv58ldfllyh,-0.399623304605484
cml2g4ngearscijv597tptq2v,0.4284966289997101
cml2g4h5vakuiijv5kw7kxnz7,-0.4029550850391388
cml2g4mssaqzcijv5dgv7j8a4,0.4085175096988678
cml2g4haual08ijv5hhbpiai3,-0.4413088262081146
cml2g4jgsanczijv5u9wvj2b3,-0.4508274793624878
cml2g4om3asypijv533o6ap1y,0.40128394961357117
cml2g4linapmuijv5em8xca9i,-0.41859328746795654
cml2g4j7han2sijv58i0drkby,-0.41904085874557495
cml2g4g7wajt0ijv5ki2w2icz,-0.41661322116851807
cml2g4l9iapcnijv59dg8ynhp,-0.40635377168655396
cml2g4fk0aj6eijv5m821qpqa,-0.47834789752960205
cml2g4npras40ijv5ygxl8mxi,0.39865046739578247
cml2g4h0xakphijv5ry2w4rx3,0.42518821358680725
cml2g4i4balzkijv5s9r2rp7k,-0.4096073508262634
cml2g4nugas9wijv5vdgrehpk,-0.4041420817375183
cml2g4ie6am9hijv545w7es93,-0.376821905374527
cml2g4ls9apxeijv5855hvzil,-0.3766116499900818
cml2g4jc8an7oijv5q8km55hs,-0.41436195373535156
cml2g4kvlaox4ijv50tzd8y3c,-0.39187318086624146
cml2g4l05ap2nijv5osukiecl,-0.3915579319000244
cml2g4le4aphrijv5pazet51j,-0.41876909136772156
cml2g4gmfakadijv59xlqh6kw,-0.4409063756465912
cml2g4ftgajf4ijv5gyd3mdnt,-0.4072860777378082
cml2g4fygajjkijv5pxrwtbo3,-0.4054044187068939
cml2g4hpoalhtijv507dvwms6,0.4035598337650299
cml2g4nbmarmjijv5g5n5l3r3,0.4229668378829956
cml2g4lnbaps1ijv5b75pm2xz,-0.3969500958919525
cml2g4gckajysijv51vqof58g,-0.38963913917541504
cml2g4hfqal66ijv5retztcbw,0.40549665689468384
cml2g4jytanw6ijv5fopp49ps,-0.4202077090740204
cml2g4j2lamy2ijv5i5vnkhrv,-0.44427797198295593
cml2g4km1aomfijv59ckcxrp2,0.4286758601665497
cml2g4jleani5ijv5c0rxodf1,-0.4512433111667633
cml2g4hz8altlijv5o7i8tkmw,-0.4108237326145172
cml2g4mfbaqn6ijv5ajigl13l,-0.44551175832748413
cml2g4lx1aq2xijv5zrx8vm2q,-0.37900280952453613
cml2g4maxaqiiijv58k6k6z4i,-0.4023730158805847
cml2g4m69aqd8ijv5hx9jcsoo,-0.4043746292591095
cml2g4kcxaobuijv5bodx6hop,0.4196331799030304
cml2g4jubanrjijv5yj1scmh6,-0.42663151025772095
cml2g4o89asl2ijv53acalkh2,-0.4630275368690491
cml2g4k3kao1cijv53pnvy7el,0.4017612636089325
cml2g4gw1akjxijv5v5ne1cre,0.424140602350235
cml2g4hkralc7ijv56asnzvw2,-0.3854871094226837
cml2g4nzbasdtijv53up1ehg6,-0.39584049582481384
cml2g4nl8ary9ijv50w801q7c,0.4037497937679291
cml2g4kqmaortijv5uhs23qg0,-0.39062342047691345
cml2g4n2darauijv5jq8oy14x,0.42031797766685486
cml2g4fooajaiijv5qtputpq2,0.39041057229042053
cml2g4ij5amf7ijv5nonh1xa4,-0.4104292094707489
cml2g4mxoar54ijv525um8eb9,-0.40305107831954956
cml2g4ohiasu3ijv5odccuobm,0.4066016674041748
cml2g4hujalnlijv58o2adxcf,0.39274799823760986
cml2g4iy0amuzijv55xyp9ooe,-0.42179566621780396
cml2g4khaaoh8ijv5f9u9qf55,-0.4132128655910492
cml2g4n74argnijv57m6r1ozw,0.42240259051322937
cml2g4ocuaspmijv5mzswka86,-0.38221967220306396
cml2g4m1paq83ijv5j2ljagyu,-0.4046522080898285
cml2g4it8amq3ijv5denb18yi,-0.4466170370578766
cml2g4io9aml1ijv5537dryu6,-0.41347938776016235
cml2g4da2agg4ijv5m08y52mg,-0.41362664103507996
cml2g4bhnae49ijv5f1m5wjaz,-0.41730955243110657
cml2g48kra9lbijv5eifhl1eo,-0.40293100476264954
cml2g47a7a7uoijv540zdgc83,-0.567664623260498
cml2g4bcmadx1ijv5r2rzmlxa,-0.397539347410202
cml2g48z9aa7yijv5ahwuaj3n,-0.4551164507865906
cml2g4dtqah4jijv5eov9bsza,-0.4031032621860504
cml2g4bweaeptijv5zfdanen7,-0.42542600631713867
cml2g48pla9t1ijv5rxo5tuwe,0.5048468708992004
cml2g4ff0aj0gijv5ztuvatla,0.5140401721000671
cml2g4eeaahvbijv5ja8dtm9z,-0.4162598252296448
cml2g4aihacnzijv5rec0rjpi,0.4360905885696411
cml2g48ukaa0rijv5ln19qrvz,-0.4114628732204437
cml2g46rza76mijv59jkzwugf,-0.48981449007987976
cml2g4d56ag9mijv5647q9rjy,-0.4387160539627075
cml2g48fza9dgijv5b08t5bys,-0.38833990693092346
cml2g4a35abyqijv5oh82irnz,0.44556543231010437
cml2g47rua8giijv5b80gq1s8,0.5041494369506836
cml2g4adaacfhijv5oag0mwog,0.4518848657608032
cml2g4e3yahi1ijv5leb9kdzn,-0.43637657165527344
cml2g4el2ai1oijv56292ewc5,0.40891674160957336
cml2g4bmgaebeijv5zxs37ner,-0.42479366064071655
cml2g4cgkafeuijv5eikrdqzb,-0.4388008117675781
cml2g46wma7d5ijv5d965jpqz,-0.494371235370636
cml2g471ea7k4ijv581oc95ta,0.4047737717628479
cml2g4djwagtgijv5w4giozk8,-0.4559059739112854
cml2g4a86ac6kijv5gdfw49lb,0.44292986392974854
cml2g4brfaeinijv5bjm8ro2t,-0.42322537302970886
cml2g4cblaf88ijv5mmbwpopv,0.39354830980300903
cml2g4dyvahbeijv5n3t69dly,-0.4455457925796509
cml2g4eq4ai8hijv5qf34y0y4,-0.3987560570240021
cml2g4b7oadq2ijv51nyl455z,-0.43711403012275696
cml2g4f07aiksijv5h8gmkzpb,-0.407787561416626
cml2g4815a8tkijv5sdq5bv13,-0.4125659167766571
cml2g4ax8ad7mijv514xuwd0u,0.4555679261684418
cml2g47ena80fijv5gavr84s1,-0.40493515133857727
cml2g475ua7p9ijv5xf6jot9i,-0.412955105304718
cml2g4cqeafqpijv5k5u484cr,0.3955095410346985
cml2g4b2badgqijv59ktnzlhg,0.5401977300643921
cml2g48apa96pijv534q6itie,0.3960265815258026
cml2g49xvabplijv5yrjjqote,0.42612361907958984
cml2g498paajtijv5vc0p0tcp,-0.40280207991600037
cml2g4c1naewsijv55rfebqjx,-0.40917375683784485
cml2g4f59aiqlijv5v2308ffz,0.4041001796722412
cml2g4evaaif6ijv5yrj6rwo9,0.39315325021743774
cml2g45upa5l4ijv5numa59fa,0.45173195004463196
cml2g44q6a338ijv5523dvryh,-0.42981061339378357
cml2g46n4a6x5ijv5ifsw2ubg,0.43315979838371277
cml2g45lwa59oijv581h5prpi,0.4429912567138672
cml2g46d8a6djijv5js0it8c9,-0.4240407943725586
cml2g44vna3gyijv5bxkrwgw6,0.4729743003845215
cml2g45h0a4y4ijv50c236ojx,-0.4312431514263153
cml2g46i8a6nnijv54ctheuwi,0.4544591009616852
cml2g45qda5ftijv5r0ofbyn0,0.43395647406578064
cml2g44gia2oqijv579s09dn6,0.5592471361160278
cml2g45z5a5saijv5o9zxdn34,0.4460010826587677
cml2g44bea2e1ijv5rcrv7qh7,0.4740069508552551
cml2g450ua3tyijv5ouhuyxss,0.46399539709091187
cml2g468ga64rijv5bn4snsxt,0.5504446029663086
cml2g45bga4k3ijv51tk7ddzz,0.5283443927764893
cml2g456ba471ijv59hfazzjr,0.4605192542076111
cml2g425i9yagijv5kottz10n,-0.5264941453933716
cml2g42xza0tpijv56fdyowul,-0.4225423336029053
cml2g40cn9w54ijv578u2vm86,0.3965824246406555
cml2g41iw9xjwijv59jsoppek,0.41756588220596313
cml2g43tia1t8ijv53o3rt1py,-0.40414491295814514
cml2g3y089t8eijv5ln06gpv5,-0.41299203038215637
cml2g3ye29tnnijv55lagxvlv,-0.42968082427978516
cml2g3z5t9ukgijv5q7q80bsz,-0.4255770146846771
cml2g403r9vu5ijv5rfwglzgn,-0.4070739150047302
cml2g3xrl9t0tijv5zubw42v9,-0.416581392288208
cml2g42tka0o2ijv5hoxyx5wl,-0.4386332333087921
cml2g43kfa1ifijv582rh0e11,-0.3902033269405365
cml2g42kia0c7ijv59a00r6g0,0.5311055183410645
cml2g446za28sijv5sgv5ba2d,-0.4158037304878235
cml2g42eh9yn5ijv5lnfbhsqt,-0.4044437110424042
cml2g42iy9ytdijv5q2b60vhm,-0.42475202679634094
cml2g3zjz9v30ijv54rmicu9l,0.4029726982116699
cml2g3zyv9vo6ijv5g3xq6ccu,-0.40950489044189453
cml2g40yz9wunijv5jf68opmk,-0.4397292137145996
cml2g3yng9tz3ijv58sd0m00z,-0.42150551080703735
cml2g3xj09stlijv5el9t06yh,-0.42093339562416077
cml2g40uc9wouijv51qa1ttq2,-0.4123236835002899
cml2g42119y5rijv5t0iyon09,-0.4074513018131256
cml2g3yiw9ttkijv5zrafgm5v,0.4011998772621155
cml2g43g1a1dbijv5wcaaumfg,-0.43676188588142395
cml2g3xvv9t4aijv5ldcivkok,-0.4197724163532257
cml2g42s29z5mijv5bei1l5ef,-0.4688299894332886
cml2g429z9yh0ijv5yin0phoc,0.428800106048584
cml2g3y4o9td1ijv59fxtrpbt,0.41701674461364746
cml2g3y9g9ti2ijv5tim94x4y,0.45475631952285767
cml2g3zp19va0ijv5kfpz694m,0.4028649628162384
cml2g442ia248ijv5yz6hoyf5,-0.4192712903022766
cml2g3ywu9u9wijv524p62xmq,-0.41516631841659546
cml2g41wq9y1dijv5goniwkw6,-0.5506560802459717
cml2g434v9zksijv5n602kdq5,-0.40006670355796814
cml2g42g0a061ijv53xjm7x0h,0.43205615878105164
cml2g43y6a1yoijv5yomskxg2,0.4240950644016266
cml2g41s59xv5ijv5z9hq3biu,-0.40937915444374084
cml2g3z199ufvijv5fjxbxokb,0.4067746102809906
cml2g43owa1o2ijv553mfomgx,0.3892977833747864
cml2g418f9x79ijv5ysshrfe9,-0.4099733829498291
cml2g43do9zvfijv5xk05yl6b,-0.4850338399410248
cml2g43bia17qijv55qpec7u8,0.412554532289505
cml2g3xnb9sx9ijv50f82trbt,-0.4675634503364563
cml2g42p1a0i0ijv5pl758ewc,-0.4196799099445343
cml2g40lj9wdsijv5bbgrbo4x,0.4138166606426239
cml2g413t9x1nijv5xx24obyp,-0.4859737157821655
cml2g42bga01fijv53orogq34,-0.41343215107917786
cml2g43979zq1ijv5x1i3zhl6,0.39816659688949585
cml2g40pu9wj0ijv51ujm3nas,-0.3989622890949249
cml2g3ub99olxijv53nqr18fr,0.41851484775543213
cml2g3tql9nl8ijv5om8a8n0t,-0.43577855825424194
cml2g3t0n9mduijv53t7sn0oe,-0.4025149643421173
cml2g3ogu9gpaijv50hjl2qv2,0.4175867438316345
cml2g3o2c9gaqijv5ocjvdyc0,0.4261477291584015
cml2g3wrr9rwmijv5gtg7vbmw,0.5387600660324097
cml2g3uz49phsijv5eql6q2v6,-0.41977712512016296
cml2g3qu19jnqijv58fz5wri1,-0.39038342237472534
cml2g3oux9h53ijv55ieszwri,0.4126068651676178
cml2g3rf69kbtijv5geg3dg67,-0.43037500977516174
cml2g3tb09muxijv50kybq1lq,0.43333834409713745
cml2g3rqr9kphijv5lyin1pzm,0.40068674087524414
cml2g3s179l3zijv5058zdeeb,-0.4141825735569
cml2g3pjn9hz2ijv54pa57325,0.5381882786750793
cml2g3oby9gkrijv5vhu54hkf,0.4178352653980255
cml2g3pt99iafijv556yu9fqv,0.4093281030654907
cml2g3q9m9iwqijv5o4om5j3v,-0.4182537794113159
cml2g3q409ip9ijv5fyo8dih6,-0.41591256856918335
cml2g3v3p9pomijv5a3reoue0,0.4440973401069641
cml2g3slh9lseijv5j2275pmn,-0.42061319947242737
cml2g3qjw9jbfijv54upqvs7n,0.39473044872283936
cml2g3qp09jhnijv57h5kjsj8,0.43200764060020447
cml2g3w4i9r0qijv5b8ywgnfg,-0.40155768394470215
cml2g3qeq9j4aijv5o56zdp68,-0.4114086329936981
cml2g3u0y9o3tijv5agaw8f7u,0.5602668523788452
cml2g3r4k9k0sijv5y02xgl4w,-0.4172767102718353
cml2g3p9a9hm0ijv53vh3acog,-0.41007378697395325
cml2g3rw09kwoijv5tzv6yrpu,-0.42880791425704956
cml2g3vve9qozijv5czaqilra,0.42768269777297974
cml2g3pec9hrwijv5wx8gkyyq,-0.47121262550354004
cml2g3tlh9ncfijv5x878alkc,0.4330238103866577
cml2g3sg09ljqijv5zljj9n95,-0.45671388506889343
cml2g3s5y9l8cijv5y07e63zm,-0.41678497195243835
cml2g3p4b9hg9ijv5m5x96rmk,0.42821821570396423
cml2g3oq99gzhijv5c4hx8ayd,0.4053475856781006
cml2g3pyp9ihrijv5hkc524bq,0.4191160500049591
cml2g3upu9p41ijv5kyicyb1a,-0.42959579825401306
cml2g3sqv9m10ijv51sj17pmq,-0.4191262125968933
cml2g3wna9rr6ijv5tuwzg68f,0.4291892647743225
cml2g3xa79sjlijv59o1vbw60,-0.42803138494491577
cml2g3njn9frfijv5tymbbeo7,-0.42342790961265564
cml2g3wwc9s2eijv5862lli9u,0.42573899030685425
cml2g3qzc9ju9ijv54qx461ah,-0.40929409861564636
cml2g3t5p9mm6ijv56i22tbx9,0.5338479280471802
cml2g3vm29qcpijv5jvy90ob0,-0.448187917470932
cml2g3tvu9ntvijv5n3g2ze7p,-0.4607553780078888
cml2g3v8f9puzijv5jcbwpq82,0.4304006099700928
cml2g3vct9q12ijv5qr9bnbdi,-0.40592727065086365
cml2g3uum9payijv5l1r7ju3h,0.41192400455474854
cml2g3u699oeuijv5ene8zq5i,-0.48655465245246887
cml2g3tgd9n3nijv5jz7w3b6i,-0.4835694134235382
cml2g3ozj9haqijv5odlq9q1m,0.4124153256416321
cml2g3w919r7kijv5zbavbqfy,-0.4811065196990967
cml2g3nnx9ftaijv52bazsxto,0.4118403494358063
cml2g3nsq9fz3ijv5vqtrsp40,-0.4108274579048157
cml2g3x129s84ijv5x79f77yk,-0.4107365310192108
cml2g3win9rksijv5z8i3h4me,-0.419736385345459
cml2g3vqn9qidijv53lcqkg5n,0.40548989176750183
cml2g3olk9guaijv5315n2fj5,-0.4284520447254181
cml2g3wdx9re7ijv5k8hxkxr4,-0.42668333649635315
cml2g3nxf9g4zijv5vkx51frk,-0.4036683142185211
cml2g3vhc9q78ijv53m4zb8ns,-0.4313655197620392
cml2g3rky9kicijv5zmw69iij,0.4060633182525635
cml2g3x5m9sdrijv58fysscc2,-0.4326651990413666
cml2g3sat9lbpijv5wxo64v8q,-0.469887375831604
cml2g3i00997jijv5keqwfhru,-0.4178633391857147
cml2g3l1l9cvwijv5zafnwiv7,-0.39910319447517395
cml2g3kn49cdpijv5uwadsb15,-0.40979838371276855
cml2g3n5l9fe4ijv5arfbosbu,0.43275386095046997
cml2g3gec97eeijv536ahk32t,0.40385857224464417
cml2g3lfs9dbcijv5vqm95sil,0.3958021104335785
cml2g3hpj98wjijv5webtc4r1,0.4112195670604706
cml2g3mvr9f2fijv55a4nfok1,0.42082902789115906
cml2g3k8x9bwkijv5g275y6yn,-0.417399138212204
cml2g3mcn9efgijv55myhio0i,-0.3924364745616913
cml2g3h6898e0ijv57wvgndqz,0.534000039100647
cml2g3h1k988kijv5kpm1k92n,-0.4191323220729828
cml2g3f8f9636ijv53k90m6sf,0.39128586649894714
cml2g3ix09aazijv5z17p4yd2,-0.46896088123321533
cml2g3gj897kyijv5a63zqawv,0.4281364679336548
cml2g3jg19ax9ijv5rw4efqs3,-0.42021116614341736
cml2g3lkh9dgmijv5bk9ve8vm,-0.40934887528419495
cml2g3na79fimijv52992o9br,-0.42762356996536255
cml2g3j209agkijv5esg4v8sh,-0.411559134721756
cml2g3lyh9dxhijv5gqkjtljh,-0.40525728464126587
cml2g3kid9c87ijv5d18l9z0q,-0.42021796107292175
cml2g3kdm9c2jijv5a9ascjcv,0.411285936832428
cml2g3fmt96imijv5mpjy26zc,-0.41158249974250793
cml2g3i9g99jyijv5swgtdb5u,-0.4039173126220703
cml2g3fvx96qsijv5jugtfwa0,-0.41755807399749756
cml2g3ink99zhijv537ehs35b,-0.4462619423866272
cml2g3jpl9b9vijv5t30s5mg1,-0.4044071137905121
cml2g3jkw9b3hijv5ctk6ixyz,-0.4141513705253601
cml2g3iit99thijv5wci35sbi,0.40604275465011597
cml2g3frb96miijv5zxe1tdjr,-0.42228811979293823
cml2g3gnr97r5ijv5bumqobf6,0.44157689809799194
cml2g3g0796w5ijv5hlc0t65q,-0.41851505637168884
cml2g3mhm9eloijv5f40rrn67,0.44101524353027344
cml2g3krt9cjlijv5jrcmormg,-0.41038623452186584
cml2g3is79a52ijv5ceoerz50,-0.4310934543609619
cml2g3kwo9cphijv5ye95r7j3,-0.39957454800605774
cml2g3g4v971pijv5px0m2h10,0.3917393684387207
cml2g3n0l9f8qijv50gvy37ks,-0.42507776618003845
cml2g3hvf991qijv5u7le9nll,-0.40188491344451904
cml2g3ltn9drlijv5vghqkdr8,-0.39656731486320496
cml2g3lp39dlnijv592ko9ugm,0.414511114358902
cml2g3k429bq9ijv5vy1p5whm,-0.4195927381515503
cml2g3m7z9e9gijv55y6x8oqc,-0.40978848934173584
cml2g3eke93wqijv5cz2jctbz,-0.41577914357185364
cml2g3d0w91tmijv5x1s4s069,-0.4299158751964569
cml2g3bm3900cijv5bipr7ppo,0.4073082506656647
cml2g3dso92vfijv588dsum11,0.40481969714164734
cml2g3cin915sijv5p8yrw7ba,-0.4207075536251068
cml2g37s58v5rijv5xjheho8e,-0.40504226088523865
cml2g3apb8yt4ijv5bvpfgeo3,-0.3982318043708801
cml2g3deo92biijv518vyypij,-0.3887397050857544
cml2g37ej8uuwijv5zlig40tu,0.4224843680858612
cml2g3bzy90ikijv5q40ygt3y,-0.4209173619747162
cml2g3eb893lyijv5lop2yfb0,-0.4232248365879059
cml2g39qu8xevijv54rcjart9,-0.4217909872531891
cml2g3akc8ylqijv5osm5lx0l,-0.4177549481391907
cml2g38k38w10ijv56cd62dry,0.4316749572753906
cml2g3cwb91p6ijv51phcpubu,-0.40212252736091614
cml2g38op8w6hijv5ypxdjh3q,-0.41998422145843506
cml2g3ayq8z3iijv5ov3zed9g,-0.4247065782546997
cml2g39lx8x8jijv59vdi619a,-0.414214164018631
cml2g3d9y9258ijv5d26vs321,-0.4170745611190796
cml2g3cn191caijv5iy7rxotp,-0.420043021440506
cml2g3f7594p5ijv5ylcgd8md,-0.42843061685562134
cml2g3a0p8xs0ijv5qwq7msem,-0.4145517349243164
cml2g38fh8vvoijv5ugpkazli,-0.42791059613227844
cml2g3bhh8zthijv5812tzjw4,0.4167383909225464
cml2g3e1u93bbijv5z84rvp5h,0.38906431198120117
cml2g3c4r90oyijv5nblaudvw,-0.4126366674900055
cml2g3bqm9061ijv58omux2f8,0.3954944312572479
cml2g38tm8wc4ijv5lcvzeh27,-0.4284961223602295
cml2g39vp8xlbijv5zwcm5aq4,-0.4065711200237274
cml2g3d5i91z6ijv5j5swkw4h,0.41016489267349243
cml2g3em095dqijv5qsk4jzlc,0.392914354801178
cml2g3efn93qeijv5a01pwsrh,-0.42188549041748047
cml2g381g8vf8ijv5cl9nmevj,-0.4176645278930664
cml2g38yi8whpijv5fko0rva5,-0.4302951693534851
cml2g38658vl2ijv5aqycp2wh,-0.4252728819847107
cml2g3ep09433ijv55snkgmxt,-0.4174700379371643
cml2g3e6v93ipijv5w69438d4,-0.42307746410369873
cml2g3aag8y6iijv59mrjlm4m,-0.43696123361587524
cml2g3ce290z0ijv5ggag3gr0,0.40864208340644836
cml2g3eyl94flijv5x2zk72f8,0.423687607049942
cml2g3eqj95jkijv5ss5o8vjw,-0.4275139272212982
cml2g3a5l8xz2ijv5lgfqmlbk,-0.4243163466453552
cml2g3ezo95uiijv5j95npujn,-0.4223588705062866
cml2g3afe8ydtijv53rzrvvon,-0.45967987179756165
cml2g3crj91ixijv5zwrl6ja3,-0.4148935079574585
cml2g37ir8uwxijv52ao5zezw,-0.41893821954727173
cml2g3b3j8z9zijv50xnbva46,-0.39787229895591736
cml2g3bv890c5ijv5wmkzs2ac,-0.4175952672958374
cml2g38as8vqaijv5jywxmyiu,0.39483532309532166
cml2g3fbi94v1ijv5fzsu8zda,-0.4286847710609436
cml2g3dx7933eijv58ut4j5td,0.39876165986061096
cml2g39878wt2ijv58kn0ag72,0.4086360037326813
cml2g393b8wn9ijv5kzqhmxc2,0.4077247977256775
cml2g3djd92jkijv5wwnvntgo,0.40527790784835815
cml2g3etu949gijv5nrw6mdr0,0.4177429676055908
cml2g3bcv8zmuijv5f55tv2xv,-0.4136142432689667
cml2g37n58v0fijv53gacpvdh,-0.404891699552536
cml2g39h88x2vijv59w5queei,-0.4128422141075134
cml2g3fkz957mijv5zianizit,-0.42453765869140625
cml2g3b828zg5ijv5fj307s0n,-0.4090103209018707
cml2g3fgd9519ijv5v4yi2yzy,-0.4182758331298828
cml2g3ev695pjijv57wao54l7,-0.4220256805419922
cml2g33gi8oy3ijv5p018f1hl,-0.4199705719947815
cml2g34zw8qzdijv5jkdy9fpm,-0.4168325364589691
cml2g331g8og1ijv5k7nabixv,-0.4169920086860657
cml2g344n8pyhijv50nkyw3qu,-0.3911963999271393
cml2g33l68p5gijv5fnykogmd,0.4422881603240967
cml2g36iz8tctijv5e649ht0x,-0.41748949885368347
cml2g32w08o9kijv5qcido9ny,-0.4314953684806824
cml2g33zs8pr4ijv5w8btal07,-0.4233222007751465
cml2g379l8unrijv5kz5r5kck,-0.4067598581314087
cml2g35eq8rjyijv5i3d20m0i,-0.4230707883834839
cml2g33708omuijv587pnndtd,0.4518928527832031
cml2g32ra8o2zijv5p5wc63l3,-0.42949554324150085
cml2g34g08qciijv55gusftjf,0.4322997033596039
cml2g36zi8u5nijv5ysqpreq4,-0.4182537794113159
cml2g36u28twbijv505yjbbsq,-0.4361020624637604
cml2g32ma8nx6ijv5kie2xz1q,-0.4104386866092682
cml2g36928sz3ijv5u1bn7bi6,-0.4235420525074005
cml2g33uy8pk4ijv5b79r8753,0.4049152433872223
cml2g36on8tmkijv5x2me91cb,0.3988216817378998
cml2g33pw8pcpijv5b85u9626,-0.4069835841655731
cml2g35jn8rrlijv51je9j3ai,-0.4304608702659607
cml2g359n8rbgijv5243yx8gm,-0.47104063630104065
cml2g363q8spiijv58noukx1d,-0.4305853545665741
cml2g34an8q5gijv5j9vk1szo,0.4025687277317047
cml2g34qu8qptijv5y0dz5w9n,-0.4011089503765106
cml2g31d48m0wijv5rod4yzjt,-0.4360855221748352
cml2g31in8mc8ijv55tlmhz3v,-0.4892103374004364
cml2g32cl8nkhijv56uj97adk,0.5359581112861633
cml2g322p8n4bijv5f0di3qcr,-0.4915941655635834
cml2g32hf8nr6ijv5xwyph5yc,-0.4421166479587555
cml2g327p8nciijv5bgvgup1b,-0.44761139154434204
cml2g31xn8mw6ijv5u19c6de0,-0.4840359389781952
cml2g2xae8h6lijv5fmq6dnoi,-0.39199167490005493
cml2g2uw18ea8ijv5jhv6ucc5,-0.46299442648887634
cml2g2xkk8hj0ijv5ewdgfjfn,0.4008517563343048
cml2g2yw78j19ijv59mekc0xa,-0.45062997937202454
cml2g2qwx89rzijv5lq5gw2df,-0.40707600116729736
cml2g2qz68944ijv532o3phl7,-0.44092267751693726
cml2g2zia8jpyijv59purquwt,-0.4172745645046234
cml2g2sz88bvqijv530fmgy0v,-0.437265545129776
cml2g2zrw8k2hijv5j4pfops4,-0.445832222700119
cml2g301h8kf4ijv5t3v6qxcv,0.39577755331993103
cml2g30u38lcsijv5sf4ts39p,-0.40171048045158386
cml2g2rcy89f6ijv5gio1cvma,-0.4040646255016327
cml2g2ugc8dqhijv5p1fl7tf8,-0.38237884640693665
cml2g2zau8jjnijv5wcljqxg5,-0.4365585148334503
cml2g313l8logijv5upkpspg9,0.4589869976043701
cml2g2s1w8atbijv5c96bj30j,-0.4225834310054779
cml2g2yik8il9ijv51n34yoti,0.39141005277633667
cml2g2wl38gdkijv59adru0jz,-0.4324802756309509
cml2g30fk8kutijv5lkzhjrjf,0.41364842653274536
cml2g30yo8li4ijv51phgksjw,-0.4162786602973938
cml2g2z118j7kijv5zho28wmh,-0.3986831605434418
cml2g2xze8hyyijv5utxtsfvj,-0.4195397198200226
cml2g2v1a8egpijv5gytwokck,-0.4322565793991089
cml2g2rad8a3mijv5t9s0y8d7,-0.41026607155799866
cml2g2rhh89j5ijv5hv71cbz9,-0.42387181520462036
cml2g30pc8l6oijv5stzr0st0,0.44862672686576843
cml2g2rsq8al1ijv5kj8etsbk,-0.42646658420562744
cml2g30kk8l12ijv5e77su78x,0.40484777092933655
cml2g2xpk8hp8ijv5u6c4cldj,-0.4063946306705475
cml2g2y978i9gijv5e7nxhrfn,-0.44520851969718933
cml2g2wft8g75ijv59dwsdxwp,-0.44108158349990845
cml2g2rjl8absijv599p2vcxr,-0.41893312335014343
cml2g2tdb8cbvijv52le54rnt,-0.4253162741661072
cml2g2sue8bq1ijv511x33xo4,-0.4435180425643921
cml2g2ub88djwijv5c88dgzhs,-0.4026189148426056
cml2g2vbg8eueijv5f6l13d8x,-0.41853347420692444
cml2g2zwn8k8wijv5f8hhy70g,0.43273264169692993
cml2g2wvk8gpsijv5phsqw08c,-0.4318286180496216
cml2g2xfe8hctijv5gyyb5o5h,-0.417817622423172
cml2g2v6g8enkijv546k0n02p,-0.4310404360294342
cml2g2wqh8gjpijv521k1117o,-0.39931997656822205
cml2g2yrf8iv6ijv5xabzt4zp,0.3916512429714203
cml2g2sg98bb0ijv5ehxsa5tg,-0.4186762869358063
cml2g2y4b8i43ijv5bptejx80,-0.4012245237827301
cml2g2zn18jw6ijv5if054ijz,-0.4083958566188812
cml2g2ydq8if8ijv5afr1xoas,-0.38061952590942383
cml2g2two8d2uijv56pnmi6qu,-0.4098677635192871
cml2g2r8f89b9ijv53yb58bx3,-0.44443732500076294
cml2g2uqp8e3oijv5xs6qhx2s,-0.43351101875305176
cml2g2s6q8azaijv58462en2v,-0.4019710421562195
cml2g2uli8dx3ijv5tg9drqkv,-0.4332572817802429
cml2g2rf08a7xijv5x4qdtgn5,-0.42384833097457886
cml2g2vq98fb5ijv52xznd9qs,-0.4358886778354645
cml2g2qsa89nkijv5irv4r0zy,-0.46817436814308167
cml2g2rx68aosijv5r1chwn7w,-0.4211809039115906
cml2g2spg8bkeijv5whp1xkq0,-0.4396449625492096
cml2g2t3w8c16ijv5f8bn840s,-0.4143480360507965
cml2g30ar8kolijv5twkls1r1,0.4037928283214569
cml2g2w5l8fumijv546bft1x3,-0.41525477170944214
cml2g2ro88agcijv5wze4hfq6,0.3899417817592621
cml2g2t8f8c5gijv5oy25u1sh,-0.42253756523132324
cml2g2xuq8hvbijv5gxm764pw,-0.4237479567527771
cml2g2w0k8fodijv5dgpkc0id,-0.4194467067718506
cml2g2u608dd0ijv5ghd7v4h1,-0.43243882060050964
cml2g2vgo8f18ijv54nzq2g3v,-0.43916958570480347
cml2g2thz8ci7ijv5v7efkv62,-0.43023955821990967
cml2g2r3n897eijv5vrjkwwis,-0.4237654209136963
cml2g2tmt8cp2ijv5c1xgvabk,-0.40077918767929077
cml2g2tru8cvzijv51rdzjo6n,0.4220110774040222
cml2g2moo822vijv58kg2ilf0,0.3851392865180969
cml2g2n4y830aijv53vtvbssu,0.3856990933418274
cml2g2ogh85djijv5mkidxo6o,0.42011409997940063
cml2g2ovj8640ijv5njiunyu8,0.4285014271736145
cml2g2qb488bsijv5ommfrbov,-0.4091567099094391
cml2g2paz86qqijv5nejm4o0n,0.42801618576049805
cml2g2pr787hkijv5t8c0jos6,0.4082597494125366
cml2g2pm5878lijv5t88hus4w,0.428700715303421
cml2g2nv384aiijv5eo8tbe7z,0.4249747097492218
cml2g2quh88ziijv5kq0rqx3f,-0.40802425146102905
cml2g2npk83zcijv58owoirud,0.4139349162578583
cml2g2mjm81rlijv531junvdd,0.39917993545532227
cml2g2q6j8854ijv5mi81b8ts,-0.4332660138607025
cml2g2qg288inijv5lar89rhl,-0.39520490169525146
cml2g2nkb83o4ijv5g2z96tlc,0.4300220012664795
cml2g2kzj7yygijv5lf8mjj8e,-0.4342709183692932
cml2g2l9s7zh6ijv5cvbybt7g,-0.39964261651039124
cml2g2q1k87xyijv54weguug0,0.40433964133262634
cml2g2l4l7z7sijv5vbpv0ebe,-0.4457244277000427
cml2g2p5q86hpijv5bkqyp3dy,0.43003785610198975
cml2g2kkh7y69ijv5keztsqta,-0.40309807658195496
cml2g2m4480wsijv58kgw7f0i,0.42816421389579773
cml2g2let7zq2ijv5gjrjkjpr,-0.39007818698883057
cml2g2lze80qtijv52si7a0tv,-0.3977161645889282
cml2g2mee81gfijv51kxijsks,0.5166962742805481
cml2g2kfd7xwhijv57r48h4q8,-0.44001850485801697
cml2g2obf8552ijv52156cvoe,0.3720097541809082
cml2g2o6c84wvijv5qrqbdu4z,0.40305349230766296
cml2g2kua7yp1ijv5qqnoosgo,-0.41307076811790466
cml2g2ljz7zzzijv5h6ym9oty,0.411325067281723
cml2g2olk85m2ijv5mb28d466,0.42634984850883484
cml2g2ka47xmqijv50gaub7o6,0.40116462111473083
cml2g2m97816hijv5n6dll997,-0.401802659034729
cml2g2kpc7yfcijv5f4s6oydq,-0.39309051632881165
cml2g2oqf85v3ijv5r9olzeod,0.42492911219596863
cml2g2pgy86zpijv5r9lgv0rc,0.42529505491256714
cml2g2lu480fwijv542uvk2r5,-0.39357680082321167
cml2g2k0c7x7uijv5q2gqdwqs,-0.41541725397109985
cml2g2juy7wwuijv5h4dx2m6h,-0.4754156172275543
cml2g2qps88tnijv52ya11huc,-0.431056410074234
cml2g2pwc87qiijv54en65hy6,0.3850964605808258
cml2g2mtz82e0ijv539o9akde,0.3978075683116913
cml2g2o0m84lqijv56s3sf1m1,0.4132661521434784
cml2g2mzj82p6ijv5epax1a50,-0.3970468044281006
cml2g2jq47wp7ijv5afdz4w3y,-0.4416710436344147
cml2g2ivc7vbcijv5iptqf29p,0.48061075806617737
cml2g2i697u83ijv58j20buco,-0.4294590353965759
cml2g2hdb7sseijv5vh9ldk35,-0.5323589444160461
cml2g2ib97ugyijv5pb0ee1dd,-0.5308272838592529
cml2g2j5v7vtjijv53jk3unha,0.535952627658844
cml2g2hib7t2xijv5hsazfq28,-0.4541386365890503
cml2g2hx37tsvijv59t3qqpif,-0.4468707740306854
cml2g2jg87wanijv5e6bgznkx,-0.37843766808509827
cml2g2iqb7v2tijv54h9y4f9u,0.47496119141578674
cml2g2i1p7u1hijv55tkydiis,0.45334362983703613
cml2g2j0n7vkfijv5mhydu96i,-0.41096651554107666
cml2g2hn67tbdijv5j7gqhtao,-0.450893372297287
cml2g2h807si0ijv5v9xzlsan,-0.6622333526611328
cml2g2jav7w2qijv50jyiegpv,0.4973911941051483
cml2g2igg7upfijv5i47cfz8p,-0.41731569170951843
cml2g2hs27tk4ijv5acu8v09p,0.4885491132736206
cml2g2jl37whlijv5xkpr5xhv,-0.3802405297756195
cml2g2ehb7oxxijv506s4rdv0,0.38783344626426697
cml2g2cfg7m86ijv5dwtu6fhn,0.4427195191383362
cml2g2b8c7ktiijv56nu3ddb4,0.37917882204055786
cml2g2caq7m0qijv5fmnfi4sk,0.3909255564212799
cml2g2gil7rp9ijv5eyf35efa,0.4127926528453827
cml2g2grk7s1jijv53xz3c6va,0.3993985950946808
cml2g2bmd7l90ijv56zy6kl5l,0.38708341121673584
cml2g2d3p7n6rijv50i77l6td,0.39146533608436584
cml2g2evc7pcvijv557g773r4,0.3883601725101471
cml2g2c5r7lt6ijv5pv39uhy8,0.377920001745224
cml2g2fyz7qu3ijv5j1izf2ub,0.41127485036849976
cml2g2d8l7nd9ijv5zado8eia,-0.3827107846736908
cml2g2eqo7p7aijv53dwtfhae,0.37973833084106445
cml2g2apn7k7pijv5deg91bm7,0.4051733911037445
cml2g2ftz7qmjijv55q9lgg2r,0.37960830330848694
cml2g2dyf7obxijv5f3ulurc5,0.4102587103843689
cml2g2bhi7l3uijv5e1lczs6m,0.385699063539505
cml2g2dth7o4jijv5uhltti8v,0.43316909670829773
cml2g2g8v7r9nijv5odiwkyxu,0.3755066394805908
cml2g2do97nxgijv5qxiwns2e,0.40017735958099365
cml2g2au67kdtijv5f8bbnvh5,0.39355531334877014
cml2g2fov7qekijv5owa9zgh6,0.4132118225097656
cml2g2elz7p2rijv54yquxd9q,0.39049583673477173
cml2g2bw57lizijv599luq0ix,0.400473415851593
cml2g2bct7kz1ijv5fmu8mgux,0.4037569463253021
cml2g2f087pidijv5b34rw6ri,0.42063644528388977
cml2g2gn37rveijv55w4t1zgr,-0.3777145743370056
cml2g2e7x7onpijv5w785gfki,0.4144674837589264
cml2g2ecn7osxijv5cn8pf6yr,0.4172663688659668
cml2g2a6r7jkbijv5kymvl5i6,0.42622044682502747
cml2g2ayz7kjnijv5b0xeuemk,0.4155485928058624
cml2g2abk7jq1ijv5nisk9sk5,0.4167499840259552
cml2g2gdv7rhjijv51x4icz4l,0.3839966356754303
cml2g2brc7ldrijv57e5s5ysw,0.4291319251060486
cml2g2cp27mjvijv57qlcdm1y,0.36879831552505493
cml2g2fez7q1vijv50hkouylk,0.41378822922706604
cml2g2cyu7mz7ijv57ixjl8hw,0.39104586839675903
cml2g2f9x7pvaijv5yc9ymd7c,-0.3812955319881439
cml2g2ag87jvoijv59c1eybpo,0.4076741337776184
cml2g2c0z7lnyijv5hc6m12ds,0.37712541222572327
cml2g25ty7ddfijv5r5t8pmua,0.3979618549346924
cml2g26qy7ek5ijv57slm9zii,0.3994094133377075
cml2g2a1t7jd5ijv5zsp04jzb,0.4086024761199951
cml2g293c7i3qijv5uz0kknh1,0.3877602815628052
cml2g27lj7fw0ijv5vpq1pg4z,0.39438164234161377
cml2g263l7dokijv5mvbb6w11,-0.38855892419815063
cml2g26d77e3pijv5qxzxgv0j,0.4151153266429901
cml2g29wr7j69ijv5fnh5xecq,0.41133540868759155
cml2g28jp7havijv5z2wc2jag,0.4180452823638916
cml2g25kg7d1qijv5ki5pfq9e,-0.390958309173584
cml2g28a47gy4ijv5v9xnuxd9,0.3846476376056671
cml2g29ia7ipaijv5j7ywwxxh,0.4232218265533447
cml2g275j7f1gijv5c40c9iho,0.3942892551422119
cml2g26m77eduijv5pxtap82u,0.4127419888973236
cml2g27gk7flpijv5ubespvh5,0.4304090738296509
cml2g29rz7iztijv5unfjqeii,0.3825445771217346
cml2g268d7dwsijv5hopoap4w,0.3888249397277832
cml2g29dg7ii1ijv57v0jnuip,0.399669885635376
cml2g28yp7hwrijv5rqzxk7vr,0.41190287470817566
cml2g25p67d7iijv56wibzvh5,-0.3817498981952667
cml2g27vr7ggcijv5skpzcg0d,-0.39891317486763
cml2g25yo7diaijv5387k92aq,0.40574878454208374
cml2g25es7cn2ijv57859fsnw,0.5866504907608032
cml2g270x7exgijv52pojbw10,0.38190174102783203
cml2g28tu7hp7ijv56hivlzg7,0.3756420314311981
cml2g298d7iarijv5skozg3ij,-0.3758961856365204
cml2g27ax7fblijv5pmt9pk0e,0.40436995029449463
cml2g26vz7equijv58yv82ibf,-0.39667513966560364
cml2g28ev7h47ijv5na4s33dh,-0.3859484791755676
cml2g28ou7hi5ijv51ig12dzb,-0.4062836170196533
cml2g25997c9wijv5pjddbcmd,0.45756036043167114
cml2g27qw7g6bijv5gfi8jox5,0.428149938583374
cml2g1o8n78q0ijv5if67oavd,0.4169817864894867
cml2g1lkz75cxijv5xbw9ta2f,0.45761364698410034
cml2g24um7btaijv5hqwk5vmy,0.3864741325378418
cml2g23tj7a83ijv5ah9863st,0.39178451895713806
cml2g1io0708pijv5fszeh208,-0.4348267912864685
cml2g1mf7761mijv5wreo26gu,0.4513411223888397
cml2g234j79hxijv5ki7shvzi,0.40265730023384094
cml2g22r178x7ijv51yp55osy,0.4224645793437958
cml2g1jsp71w7ijv5netrx12v,0.3938656151294708
cml2g1l05746uijv50nvemwbp,0.4456247091293335
cml2g1ijg702aijv53cxqzdlq,-0.3888450562953949
cml2g24ba7b0vijv53667xcld,0.3859425485134125
cml2g1jjf71fnijv5zfto95mp,-0.4200357496738434
cml2g1jan7146ijv5eykd0rmw,-0.37940776348114014
cml2g24247akfijv5fyqto9ro,0.4192688465118408
cml2g1n3y76zkijv5rk1gpbh0,-0.42152875661849976
cml2g23xp7ad0ijv5r49btdo9,0.3808172345161438
cml2g1lpt75neijv53tea3ri9,0.4373070299625397
cml2g246n7asqijv5dke01jtd,0.44335269927978516
cml2g23hh79ztijv5dmf6wx6r,-0.39895522594451904
cml2g1jo571oiijv5d9lc35mg,0.4153797924518585
cml2g1nra781kijv500orffx1,0.4364330470561981
cml2g1mum76mdijv5tllfyu5c,0.3963060975074768
cml2g1iai6zqmijv59bn3psy9,-0.41728460788726807
cml2g23pg7a5bijv56kh5e5fo,-0.38205885887145996
cml2g1nzt78caijv598e8c5hy,0.4207155704498291
cml2g1iew6zvtijv52giapxgb,-0.4147220551967621
cml2g22vm794bijv53v2vnui9,0.5366026759147644
cml2g1kfp731vijv56paajh4g,0.4026453495025635
cml2g24g57b84ijv577upjthx,0.3843945562839508
cml2g1kv773wbijv59wp8wka3,0.43402668833732605
cml2g1k6v72oaijv5ugycuj61,0.3918343782424927
cml2g25497c3iijv5ve3w0kt4,0.3868381977081299
cml2g1i656zluijv5re5nd48x,-0.40545302629470825
cml2g1lab74rwijv59xzbkd5s,0.3938863277435303
cml2g1k2172dzijv5xlvp0k1l,0.4396362006664276
cml2g1j6370xeijv5wrdu3qk0,-0.4224286377429962
cml2g238s79ndijv5grospmll,0.3977094292640686
cml2g23d379tiijv59ybqjxfd,0.38149985671043396
cml2g1jez719jijv5ni7mfkv4,-0.408496618270874
cml2g1j1m70qqijv5wjo1tp8o,-0.39909255504608154
cml2g1kpz73lsijv5a1loxktx,0.4137289226055145
cml2g1mza76soijv5cjnny3kf,0.44759902358055115
cml2g1ni877n7ijv5hgfdhdfy,0.4317271113395691
cml2g1mon76c2ijv5ak0yt8m1,0.5355972647666931
cml2g1nmr77ufijv50px3ltmc,0.4320683479309082
cml2g1jx9723rijv5nc4uy33p,0.43362748622894287
cml2g1l5174heijv5ksoj6ay3,-0.39854371547698975
cml2g24kz7bf5ijv5hlu7ftrw,0.41282686591148376
cml2g1kkq73bbijv5td0faoev,0.3757628798484802
cml2g1lg4752eijv5m58tp0q6,0.4220147430896759
cml2g1o4478iuijv5q2slszij,0.4246542453765869
cml2g1djc6s9mijv5d5hhvgd3,0.402397096157074
cml2g1d9v6ru2ijv5624roobk,-0.4291704297065735
cml2g1g8k6wrkijv5i25j9vvs,-0.46685346961021423
cml2g1grb6xlkijv5l54qwxev,-0.41296327114105225
cml2g1fpi6vxxijv5i2mtqkx0,-0.41981440782546997
cml2g1c1f6px8ijv5bwckfm0m,-0.418316125869751
cml2g1brn6pfxijv5pnyz9ehw,-0.4059433341026306
cml2g1ho36yyaijv5n2ookheb,-0.4222145676612854
cml2g1hes6ymhijv5i2l6c28c,-0.3790907859802246
cml2g1h5g6y7oijv5i6bzhapb,-0.417150616645813
cml2g1c6f6q5tijv5rwcface3,-0.42028796672821045
cml2g1e8g6tioijv51scm7mm8,-0.40329182147979736
cml2g1ff76vg7ijv5euudqqri,-0.44309738278388977
cml2g1fuf6w6sijv525ul4kp0,-0.44842973351478577
cml2g1cbb6qdnijv5hnxkyfh4,-0.4186660945415497
cml2g1d5b6rmdijv5uhjn44ix,0.3939496576786041
cml2g1dem6s1uijv5vvehvy71,-0.4313034415245056
cml2g1evu6uhvijv5j7ahppat,-0.4214588701725006
cml2g1i1u6zh4ijv57kzmssv0,-0.4336073100566864
cml2g1eqy6u8yijv5oxsgh2pe,-0.4322715997695923
cml2g1h0v6xzwijv58ddc29kg,-0.3919289708137512
cml2g1fk56vp6ijv57lkefagj,0.39262574911117554
cml2g1fa66v7aijv5pu50zldr,-0.38938871026039124
cml2g1dof6sioijv5p9lr9q5i,-0.4477255344390869
cml2g1cvw6r8cijv51xkqty7f,-0.40251287817955017
cml2g1ghx6x75ijv5ln70fjj2,-0.4481006860733032
cml2g1gd86wzmijv5k81b92c5,-0.4236077666282654
cml2g1ha96yf7ijv5s6wjg5cy,-0.41939252614974976
cml2g1dyi6t0lijv5uox1kud5,-0.42615950107574463
cml2g1bwg6polijv5d8n0jpw9,-0.42284461855888367
cml2g1hss6z55ijv57e3ufdli,0.3937367796897888
cml2g1cg96qkhijv5dg7cwy31,-0.42819929122924805
cml2g1cqc6qzhijv5p3yj44mn,-0.4385372996330261
cml2g1e3c6ta2ijv5x4amm3m3,-0.4472685158252716
cml2g1clh6qsyijv56jfqm6um,-0.44270387291908264
cml2g1dtk6srnijv5qbu1p732,-0.4259542226791382
cml2g1hxe6zc6ijv5r2esexej,-0.4395902156829834
cml2g1gw06xsnijv5jut47mhy,-0.4088112413883209
cml2g1gmi6xe3ijv5q2xv4zd7,-0.40788719058036804
cml2g1f0p6uqqijv5itqdoh9v,-0.4394688606262207
cml2g1f576uyeijv5jgj34z52,-0.4441789388656616
cml2g1bn36p8kijv55cwb8cd7,-0.4144420027732849
cml2g1fzb6wf4ijv5d1zn745k,-0.42737895250320435
cml2g1ed96trjijv5hxw8blyz,-0.4229976534843445
cml2g1ajr6ndqijv5ak4br17z,-0.4328078329563141
cml2g1aow6nn2ijv5tp21hic5,0.5080137848854065
cml2g196t6l3sijv57nufv32k,-0.46282219886779785
cml2g19be6lb4ijv5gd62vz81,-0.4450816512107849
cml2g19w46m7aijv5weyc9ogo,-0.4673459827899933
cml2g1b3m6oedijv5j07p882b,0.3969597816467285
cml2g1aet6n4dijv5idx5q2qh,-0.4013233780860901
cml2g1b8k6onpijv5u9qjp9pc,-0.4473491907119751
cml2g1bdq6ow8ijv5zt14suqn,-0.40633633732795715
cml2g19rf6lzlijv5qukm8d99,0.5312328338623047
cml2g19g56ljoijv5ecosusjv,0.4749583601951599
cml2g1ays6o5eijv5z3s5plkl,-0.4687478840351105
cml2g1aa06mv2ijv52v0ri9yk,0.4333761930465698
cml2g18x86kmbijv548d4svy5,-0.4398512840270996
cml2g1a5a6mlpijv58r9f5fda,0.40340176224708557
cml2g19kz6lscijv5iqwxa4dr,-0.40842577815055847
cml2g19236kv4ijv5xejwfrip,-0.4795385003089905
cml2g1atx6nwfijv5w7fvyf2b,0.3824720084667206
cml2g18su6kgyijv54xpm5pmc,-0.670258104801178
cml2g18nx6k6pijv5za5790m4,0.4711596369743347
cml2g18ac6jqjijv5x78qhbye,-0.5792551636695862
cml2g18f56jy4ijv5ogtbk921,-0.5952353477478027
cml2g185s6jmvijv5v8uj9e89,0.4913254678249359
cml2g17wy6jdjijv5gw5pkgfe,0.6149595379829407
cml2g181g6jigijv55tbw369m,0.4488224387168884
cml2g17rl6iy7ijv550k2x60y,-0.5387110710144043
cml4457vs009e7zv5ycx8t193,-0.4167116582393646
cml4457gw00007zv5iaw9w7ua,-0.4378005862236023
cml2g14pb6gwvijv5oumqulxt,0.4134780466556549
cml2g17ep6im1ijv5s5pw7uv2,0.4489281177520752
cml2g16p06i63ijv5okuwk7bb,0.41435831785202026
cml2g13ps6ga5ijv5vmowy990,0.43691739439964294
cml2g17ix6iphijv5io7pxcnj,0.6188446879386902
cml2g13yk6gfsijv5y04aognt,0.5265861749649048
cml2g15ow6hk3ijv56hudjbgu,0.5237227082252502
cml2g13cu6g2uijv54p4rcf8c,0.5293760895729065
cml2g12v06fpxijv5wh8kisen,0.5042481422424316
cml2g15kf6hhgijv5r5rn05as,-0.4118194282054901
cml2g16ay6hyyijv5a8lbk092,0.5302759408950806
cml2g17n96itiijv5kkazmagg,0.7202233076095581
cml2g13ld6g7oijv5ducqzv61,0.4113447964191437
cml2g152k6h5bijv5kyqy9poh,0.5271808505058289
cml2g14to6gzfijv55wz3fga4,0.5241319537162781
cml2g14bs6go5ijv5auh8friu,0.41971978545188904
cml2g16f66i1hijv57hg21k5t,0.42957282066345215
cml2g16t86i7kijv5k04t2y2b,0.3936392068862915
cml2g166b6hwdijv5cgcoryoz,0.4509827196598053
cml2g14kq6gu2ijv5ys87pt7j,0.4907153844833374
cml2g13u36gcyijv57zrib58w,0.4323456585407257
cml2g15xk6hqyijv5466ml2md,0.40252920985221863
cml2g14y46h2aijv5szmnivtm,0.41072049736976624
cml2g15746h8dijv512o0dgq8,0.4224867522716522
cml2g15bn6hbfijv5wvjgbv43,0.52089923620224
cml2g14306gikijv5k85iie0p,-0.4451466202735901
cml2g15g06heiijv565bd4ueq,0.5264289975166321
cml2g161r6htmijv5fggiu1p5,0.5210607051849365
cml2g13gz6g51ijv5l8c5iiq3,-0.43844202160835266
cml2g17aa6iidijv5ck5cpaiu,0.45636940002441406
cml445d3q03wu7zv52unetk7u,0.4832002818584442
cml445dh404687zv5tqhrm5v7,-0.41573888063430786
cml4459dk01ay7zv5004xg5f0,0.42968589067459106
cml445blo02va7zv5a7wxttjh,-0.44895926117897034
cml445bza034o7zv5w0zdf6oc,-0.6785208582878113
cml445cco03e27zv55bar1yxf,-0.6515982151031494
cml445auv02ci7zv55axgelxl,-0.48392367362976074
cml445cq803ng7zv5etdgg41z,0.5415011048316956
cml445a4301tq7zv5c6xqz7o6,-0.4213676452636719
cml4459qs01kc7zv5y8ior0x1,0.42081353068351746
cml4458mz00s67zv51ng8kauu,-0.40559107065200806
cml445aha02347zv55uihdibl,0.44054797291755676
cml445b8702lw7zv555k6q36e,0.4156884551048279
cml445908011k7zv56x6nblk6,0.40732818841934204
cml44589m00is7zv5mhkzkd7i,-0.40830904245376587
cml2g12md6fk7ijv5zmet5jfa,-0.47859078645706177
cml2g0z9n6cb3ijv5kk2xnmhf,-0.45067527890205383
cml2g0y656bf0ijv5di6n3qy4,0.4372366964817047
cml2g0zqt6dcoijv5zyegcccb,0.3933907151222229
cml2g0zv56dfpijv536on05nk,0.4026966691017151
cml2g0zma6d9bijv5302cazgb,-0.41072362661361694
cml2g12dm6femijv5puiet0q7,0.39842239022254944
cml2g124e6f8cijv51hq3cx5g,0.4099328815937042
cml2g0yah6bi1ijv5e8pj71xa,0.40976542234420776
cml2g118o6eifijv5ruazcvik,0.5224363803863525
cml2g10m86e2qijv595u1zpfp,0.5243141651153564
cml2g0ynl6bsoijv5afiw1g2q,0.4065937101840973
cml2g0y1y6bcnijv5n622r984,0.4071774184703827
cml2g0zhz6d63ijv5qfxh0awc,0.43156230449676514
cml2g0ys16bwaijv5y9quukrw,0.4149928092956543
cml2g11m46et6ijv5lf1wrmry,0.42399781942367554
cml2g0zja6chrijv5ev9l38r0,-0.4173232913017273
cml2g12qq6fn4ijv5uqpzpbka,-0.48441848158836365
cml2g100i6ct6ijv5feic7gem,0.4086490273475647
cml2g0z5f6c79ijv50nwby9nr,-0.4134054183959961
cml2g104x6cwjijv5h3sftodb,-0.42658984661102295
cml2g11hk6epoijv5tdbbu2ms,0.42108121514320374
cml2g10qk6e5jijv5vdyd48o5,0.3968304693698883
cml2g0ywj6bzuijv5hge8ck5w,-0.4382209777832031
cml2g11zs6f4nijv5jquj2nr8,0.42048895359039307
cml2g0yj86bp3ijv5hlszz9ob,0.41386598348617554
cml2g11d56em1ijv5pkchq9p6,0.4379138648509979
cml2g10v16e8cijv5qy8dvewb,-0.39306220412254333
cml2g0zw56cpvijv5od2pozd8,0.41520822048187256
cml2g0xwh6ayhijv5jauij93b,0.5387240052223206
cml2g10dq6d2wijv50pa1bk07,0.423268586397171
cml2g0xr46akbijv5yje2asa6,0.4493618607521057
cml2g12986fbvijv5kduhk1w2,0.39884626865386963
cml2g11406eesijv53ylct11g,0.4341629445552826
cml2g11v76f0zijv5jbv7yj6e,0.4220944344997406
cml2g0zzf6di7ijv56iuh80kn,0.42901983857154846
cml2g10hr6dzvijv5b7krggp4,0.4332154095172882
cml2g10zi6ebhijv5f3ex6gcu,-0.3925264775753021
cml2g12hz6fheijv56zic7vie,-0.3939695358276367
cml2g0z0y6c3eijv50ml2xq7d,-0.4362281560897827
cml2g0znl6ckwijv5dxladpp7,0.40391555428504944
cml2g0ze56cf1ijv55cno5i2w,0.439026802778244
cml2g109d6czrijv5809hirvx,0.4264560043811798
cml445dud04fm7zv569gbgyq5,0.4237145483493805
cml445e7y04p07zv5msiwfuud,0.45500606298446655
cml445ele04ye7zv5he4ja8en,-0.6804180145263672
cml2g0x4769z9ijv5ikwkn7q1,0.39920830726623535
cml2g0xml6ag0ijv5ekpzzvf3,0.40385186672210693
cml2g0wmo69inijv5uay4gpiw,0.5286906957626343
cml2g0wig69epijv5t4awx6nz,0.425020694732666
cml2g0x8m6a3hijv5y98jybg4,0.46147868037223816
cml2g0xhw6abtijv5l34cynf0,0.43387654423713684
cml2g0w0468xpijv5c31kgxf3,0.438407301902771
cml2g0wr169mrijv5k99mh8vs,0.40513449907302856
cml2g0wdx69agijv5axol52am,0.4251944124698639
cml2g0vbq681tijv5fx2s0p9i,-0.6628232598304749
cml2g0vrd68o3ijv50xx7322w,0.4453027546405792
cml2g0vvp68sxijv5hz7yxihe,0.4009256660938263
cml2g0wvb69qwijv5vaph9oqv,0.38804206252098083
cml2g0w4q691wijv53pxeqg10,0.4423099756240845
cml2g0xd36a7mijv5s2bm9gd9,0.42535677552223206
cml2g0v0q67bcijv50c5a20jd,-0.5260379910469055
cml2g0v6c67mqijv5qwwpbmsh,0.4424590766429901
cml2g0vhn68edijv5eesz0gxk,0.41465064883232117
cml2g0w9b6965ijv52hmv7gpa,0.41316109895706177
cml445fpe05qk7zv5w8szud3o,0.4470957815647125
cml445eyj057s7zv5a26kqtsj,0.5911147594451904
cml445fc005h67zv5fv1x4yjc,0.45384466648101807
cml2g0urw6743ijv5fyqbj605,0.509020984172821
cml2g0tgd660vijv5wacuyk5k,0.44175824522972107
cml2g0txm66euijv5vnt1l5dn,0.4429567754268646
cml2g0ujb66x3ijv5f5yteymp,0.44151660799980164
cml2g0ueu66toijv5bxg1nvzt,0.4189504086971283
cml2g0top667wijv58ymbjhpj,0.4711778461933136
cml2g0skt65cjijv5axja70w0,-0.42320889234542847
cml2g0soz65fqijv5y7vdb5nl,-0.48129576444625854
cml2g0uag66q8ijv5btx39on7,0.44925472140312195
cml2g0syi65nsijv5ureapxj6,-0.4461616277694702
cml2g0t3165quijv5my3ct4ri,-0.4501105546951294
cml2g0t7j65u6ijv54oo6o9x3,0.45411786437034607
cml2g0unj670kijv5na6aak9x,-0.5170494318008423
cml2g0scf656iijv5lz0u6k8p,0.6759266257286072
cml2g0uwd6784ijv5j63iuqhc,0.4144429564476013
cml2g0tbw65xlijv5x3971t34,-0.504473865032196
cml2g0ra064opijv53yf7dunt,0.4654289186000824
cml2g0pe463umijv5v42rq7k9,0.45905888080596924
cml2g0qcs64b7ijv5wr5zsncv,0.4628867208957672
cml2g0ql464emijv5946o3mqe,0.4769200086593628
cml2g0r5u64nbijv5gq02js9k,0.46553513407707214
cml2g0p9u63spijv5b6fcv4lt,0.45905134081840515
cml2g0os063igijv5cpfbn75j,0.44983288645744324
cml2g0oj263evijv5k6uuozb2,0.4730702340602875
cml2g0o1r637rijv5ckpqo00c,0.4640556573867798
cml2g0nt2634qijv5ak6y0s3t,0.49310141801834106
cml2g0nxh6366ijv5g8g1jw41,0.46662986278533936
cml2g0re664qcijv5980comeb,0.4385112524032593
cml2g0pzz643xijv5w0aj34fc,-0.45070770382881165
cml2g0oep63d1ijv5csvf9kf6,0.48779046535491943
cml2g0qxm64jtijv5ekshpot3,0.4759836196899414
cml2g0r1q64ljijv52wezswpd,0.46493589878082275
cml2g0ono63gsijv538bnsmtd,0.4651843011379242
cml2g0s3i652qijv5v5yovg18,0.4245126247406006
cml2g0rmo64vpijv5yfapa7gd,0.5877302289009094
cml2g0prf6405ijv57ls0w048,0.4733251929283142
cml2g0pvo6421ijv5g7c6vuyt,0.5885270237922668
cml2g0rv464z7ijv5n64upiuc,0.4529551565647125
cml2g0p5b63qkijv58jvi5eab,0.6105718612670898
cml2g0rzc650wijv56vvhwixm,0.47096699476242065
cml2g0qtk64i2ijv500mclhhb,0.47324657440185547
cml2g0pms63ygijv5e4k8onoa,0.4732607901096344
cml2g0rqu64xeijv5uptk25i5,0.4407026171684265
cml2g0p0z63oqijv5jbmoumj7,0.4779898524284363
cml2g0qp964gbijv52ss0l34w,0.4776121973991394
cml2g0o5z639fijv5310ojbta,0.48629847168922424
cml2g0pig63wjijv5uq90m0pw,0.4787507951259613
cml2g0q49645gijv52a5a9sit,0.4761255085468292
cml2g0oac63b9ijv5qb1kq1rr,0.4821228086948395
cml2g0qgz64cuijv5n60lk3gg,0.4614373445510864
cml2g0s7o654mijv54eyu5cwx,0.652702271938324
cml445g2v05zy7zv53eer8bzk,-0.439506858587265
cml445h6r06s47zv596hu80yt,0.49465280771255493
cml445gg4069c7zv53vzdcws0,0.5934269428253174
cml445iov07to7zv50ptw4bc0,-0.6137037873268127
cml445hxp07aw7zv55knbn0m3,0.4941596984863281
cml445ib907ka7zv51r99k7a6,-0.46885329484939575
cml445hka071i7zv5vymrywod,0.4926438331604004
cml445gtg06iq7zv50rav50n9,0.5877533555030823
cml2g0lns61itijv590vz2w6a,-0.677483081817627
cml2g0mj8628jijv54sdwjcj1,-0.6442101001739502
cml2g0kxb60ykijv57rj1s5c5,-0.6505143046379089
cml2g0n0p62l4ijv5prszmwp6,-0.6378307938575745
cml2g0leu61bvijv5vys0s8uw,-0.6601875424385071
cml2g0m5m61ysijv5pr5wkhaw,-0.6892291307449341
cml2g0n9s62reijv5g2gxt3y9,-0.6730850338935852
cml2g0nor6333ijv5wal2otbm,0.6762741208076477
cml2g0ma3621vijv5qy7k48zb,-0.6738330125808716
cml2g0ljd61fdijv5hvaee6d1,-0.6562945246696472
cml2g0mrw62exijv5aubikuyg,-0.6756041049957275
cml2g0n5d62o9ijv58qxw1n1v,-0.6779415011405945
cml2g0mnl62bvijv56j4qm24f,-0.6774677634239197
cml2g0lag618eijv5l4ukbgrb,-0.6468186378479004
cml2g0lsb61m9ijv5zy8p5f1o,-0.6422101259231567
cml2g0l61614vijv5k7sr1ta6,-0.6438015103340149
cml2g0ks860mcijv5k51d5aic,-0.45376312732696533
cml2g0mw962i0ijv5fqaoqfdg,-0.6686921119689941
cml2g0mei6254ijv5djmwks3r,-0.6757254600524902
cml2g0lwq61pjijv51y4n1r0c,-0.672490119934082
cml2g0l1q611qijv5l5uzp0nm,-0.6734454035758972
cml2g0kiq60bdijv5pudcerfb,-0.5970041155815125
cml445j2b08327zv5hijltsm3,-0.46264711022377014
cml445jfo08cg7zv56tw5xjbb,-0.45627060532569885
cml2g0kee608cijv50yftuu9m,-0.6496583223342896
cml2g0jzi5ziuijv5b7pdmzo9,0.6317984461784363
cml2g0k515zx6ijv54jrxdh47,-0.5570568442344666
cml2g0jte5z4iijv5407bwd0h,0.570450484752655
cml2g0k9t602hijv5c67dy7kz,-0.6775165796279907
cml445jt508lu7zv5le3cv0rg,-0.5884332656860352
cml2g0joy5z0yijv560n6hpyl,-0.4623839259147644
cml2g0bzp5vaxijv594zoxv55,-0.4397587776184082
cml2g09hg5u8pijv5km8p1htc,-0.4569379687309265
cml2g083l5tqfijv5rsrdljbh,0.4963960647583008
cml2g06e25t9nijv5ncz9axh1,0.5185226202011108
cml2g0bo95vpsijv54fjhos0y,-0.45651543140411377
cml2g0i525yekijv5z49v9be3,-0.4534423351287842
cml2g0flp5x9nijv5byyffe1c,-0.46195268630981445
cml2g05rx5t1vijv5mfrb13ov,-0.6245507001876831
cml2g0clj5vn7ijv5ipxf19i6,-0.4524247348308563
cml2g0ils5yk9ijv5a2lqxkc8,0.45868000388145447
cml2g055j5sqnijv5uida4rgl,-0.4436523914337158
cml2g078m5ti9ijv5d9ph1w7v,0.4887300729751587
cml2g0iu35yn4ijv5zc3e2l99,0.4719547629356384
cml2g0d7n5w99ijv5qhf3e5t6,-0.47066518664360046
cml2g0fpz5xb1ijv5ia5bnsus,0.39150699973106384
cml2g0hmv5y3qijv5l21tksd0,-0.4561125636100769
cml2g0g6z5xgwijv5lvs0glfk,-0.45196714997291565
cml2g06ql5tc9ijv5uq7drbjr,0.42725881934165955
cml2g06ia5tauijv5vpq862o8,0.4021575450897217
cml2g07ur5todijv518ietb8x,-0.42718639969825745
cml2g07d25tjpijv5npiwwkjm,0.39971235394477844
cml2g0dop5wekijv55wbqaibo,-0.4566701054573059
cml2g0hrb5y54ijv56k15436j,-0.45442473888397217
cml2g0idd5yhjijv56zbdo3s1,-0.450440376996994
cml2g041o5s8nijv5v38z3eht,-0.4528906047344208
cml2g0e1s5wmeijv5cgiwz9e8,-0.46212273836135864
cml2g0dkh5wdeijv573b8bcnp,-0.46045076847076416
cml2g0dsu5wfxijv5bldamud8,-0.46253353357315063
cml2g0cdh5vw0ijv58fyzq6v4,-0.449562132358551
cml2g09vl5ug4ijv5d45bigm0,-0.4464091360569
cml2g0cz75w6mijv5c5w56bz8,-0.46461257338523865
cml2g0c895vdcijv5aa7t3e17,-0.45292434096336365
cml2g0evf5wweijv56lgxjnj3,-0.4260405898094177
cml2g0c0w5vtpijv5vipfk9pk,-0.462838351726532
cml2g07z45tpeijv56e9jcz55,0.45831573009490967
cml2g0hio5y2bijv5upachuxf,-0.4169650375843048
cml2g06575t6rijv5twmkupkm,0.4550199806690216
cml2g07lv5tm6ijv5b7sh8a6g,0.5000547170639038
cml2g09qx5uejijv5hy6ut3pm,-0.4506492018699646
cml2g0a9q5uknijv5qcya1xaf,-0.4386122226715088
cml2g08ha5twyijv5p4r3fohb,-0.4656350910663605
cml2g0gxh5xuxijv5158t6baz,-0.39149197936058044
cml2g04se5slnijv5iiir4a62,-0.44345346093177795
cml2g03su5s5cijv5uq4u04m6,-0.5047874450683594
cml2g04f55sgnijv525xyv0wb,-0.45229944586753845
cml2g03oh5s3sijv5rlzoywjx,-0.46289703249931335
cml2g0brc5v80ijv5jt81gdrw,-0.43844693899154663
cml2g0bn75v6lijv5wwyngiw1,-0.4533976912498474
cml2g05nm5t0bijv56xljbrk0,-0.6338781714439392
cml2g05125soyijv572hauuzm,-0.4324150085449219
cml2g08lq5tylijv5pyw8794q,0.4910435974597931
cml2g0c565vufijv5irt0frf9,-0.4636925458908081
cml2g0j2h5yq0ijv5kxaisptr,0.4553031325340271
cml2g0bet5v3oijv5pgmvwm3d,-0.45129042863845825
cml2g0eeh5wqnijv5s5clc3y1,0.3982788324356079
cml2g08ct5tvnijv5r2c865u7,-0.516042172908783
cml2g0i965yg2ijv5mkhj79ij,-0.4539019763469696
cml2g08uu5u1oijv5pnenspsn,-0.4321760833263397
cml2g05eb5stzijv5im9ccors,0.4912520945072174
cml2g07465tgzijv58r17joct,-0.4439427852630615
cml2g09cv5u75ijv5hlc4gr0j,-0.44994741678237915
cml2g0h1q5xwfijv5icudu4nf,-0.3920406997203827
cml2g0fdd5x78ijv5sg0dnmne,-0.4476385712623596
cml2g03ka5s20ijv5hhazftfk,-0.5228603482246399
cml2g0dg55wc0ijv586vn1sqs,-0.40554079413414
cml2g0ea65wp7ijv5vits878s,-0.45098569989204407
cml2g0c3v5vc5ijv5dhg8i60a,-0.4473598301410675
cml2g0f3y5wz7ijv5zp5bitl8,-0.4620574116706848
cml2g0cce5vemijv5u34z2fqj,-0.4634224474430084
cml2g069l5t86ijv5o23s59yv,-0.4650548994541168
cml2g0hec5y0xijv5rqghsjef,-0.4518655836582184
cml2g0aw55ursijv5hexu2p5a,0.4108683466911316
cml2g0bvk5v9eijv5tiel5fdh,-0.4557356834411621
cml2g0fu65xcjijv5898t1dpz,-0.46666064858436584
cml2g0d3g5w7vijv5gomoellr,-0.4616721570491791
cml2g093r5u4fijv5drscolmo,0.4881921708583832
cml2g08z95u35ijv5ygm7mb5v,-0.4645567834377289
cml2g0ail5ungijv5d0atj75w,-0.4367385804653168
cml2g08q95u06ijv5wpsgt5br,0.4941273331642151
cml2g0an15uovijv5hfdk5eqr,-0.4427853226661682
cml2g0gt35xtkijv5ei4e5wc3,-0.4332644045352936
cml2g07qb5tndijv5bau9jy8y,-0.4594632089138031
cml2g0aro5uqaijv5dcphaodv,-0.4300520420074463
cml2g04ji5siaijv5eml65mim,-0.46863722801208496
cml2g07hi5tl1ijv5b5pi6ocb,-0.4608253240585327
cml2g0bjt5voiijv5an9x8rmq,-0.45199814438819885
cml2g0bae5v28ijv53v4w2bsw,-0.42477619647979736
cml2g098e5u5rijv5lniaryoj,-0.4341335892677307
cml2g0bj35v56ijv5ihnren6k,-0.438339501619339
cml2g0dbt5wanijv5u1cow71g,-0.4569951295852661
cml2g0en25wtgijv5jkxyridu,-0.44306060671806335
cml2g0jgi5yy2ijv5i65rgbs2,-0.44724857807159424
cml2g06zm5tfxijv5toe25sgi,0.5165839791297913
cml2g0i0n5yd5ijv5ysgmwvxc,-0.4519878029823303
cml2g0chr5vwwijv54sm2fodf,-0.4528099596500397
cml2g0jks5yzhijv5r7lnd4kb,0.4366063177585602
cml2g0fhh5x89ijv5wzc88dgr,-0.44499650597572327
cml2g0ha35xzcijv57ykfehsm,-0.4445221722126007
cml2g0g2o5xfdijv5jwkxx4h8,-0.4527025520801544
cml2g0eiu5ws1ijv5ij9m33tf,-0.4337146282196045
cml2g03xa5s75ijv5z96kq8g8,0.49443355202674866
cml2g04nz5sjzijv5f5d9opyr,-0.447226881980896
cml2g060u5t57ijv5m4jq0j78,-0.444592148065567
cml2g04wm5snaijv5ii42kdvd,-0.4343603253364563
cml2g0ipx5ylpijv5jg9amu4t,-0.4757818579673767
cml2g0fyf5xdvijv5msq0na2j,-0.4611440598964691
cml2g0bsh5vr3ijv5nknt9q1q,-0.4595990777015686
cml2g0a095uhpijv5b2pxi1v6,-0.46575483679771423
cml2g0iyb5yomijv5b3ch4sps,-0.4429982006549835
cml2g0ae65um3ijv5x6jfl099,-0.4404926300048828
cml2g05wi5t3kijv5btk2o4oh,-0.4430747330188751
cml2g0gbc5xigijv51itq6xb7,-0.45171919465065
cml2g02it5r2nijv5ecicf3v1,-0.43231645226478577
cml2g01zo5qjyijv5jn02t7ko,-0.4408630430698395
cml2g00jz5p51ijv58lushw0p,-0.4483635723590851
cml2g02wr5rfpijv5dhorv2tv,-0.4323500692844391
cml2g031c5rkiijv5zq8tgdux,-0.45583656430244446
cml2fzyud5naiijv5hla7jjo8,-0.40688982605934143
cml2g02dx5qxvijv5k126lual,-0.43073615431785583
cml2g017b5pryijv5dc18khjx,-0.4314236342906952
cml2g00al5ovbijv5zgpnaqoz,-0.443839967250824
cml2g00tc5pegijv5pr6b4hu6,-0.44313207268714905
cml2g005w5oq0ijv55le5g18w,-0.45392709970474243
cml2fzzi45o0lijv5xtp1brp2,-0.40988555550575256
cml2fzzmq5o5uijv59awfg7ap,-0.4076579809188843
cml2fzzrm5ob1ijv5vo4qikjj,-0.41100579500198364
cml2fzy0x5m8hijv54er2lze3,-0.46422648429870605
cml2fzybh5mouijv5s68fx846,-0.518236517906189
cml2fzypj5n5bijv54omeap6o,-0.40757185220718384
cml2g012m5pnaijv5nwf2mm0w,-0.4579869508743286
cml2g02985qt8ijv5t7m9geqb,-0.453887403011322
cml2g01uz5qflijv5qvtik91c,-0.43152859807014465
cml2fzz3w5nkwijv53976mt0g,-0.409668505191803
cml2fzz8o5nq4ijv53q43c23u,-0.4098014533519745
cml2fzyz15nfoijv5eedikm7a,-0.40952304005622864
cml2fzzdd5nvcijv5wbks6ubb,-0.41063666343688965
cml2g03ay5ru7ijv50wn3e28l,-0.4405686557292938
cml2g01gs5q1qijv5qlcazqd0,-0.4290560483932495
cml2g03fk5rxbijv5itleu8im,-0.5562796592712402
cml2g00f85p07ijv52dpbfqwe,-0.4552377164363861
cml2g03685rpdijv532gk4bsg,0.4883337616920471
cml2g00y05pivijv5niy54xfl,-0.44016018509864807
cml2g02nh5r7gijv5v908tp01,-0.4405198395252228
cml2g00oo5p9sijv5l4ypn8g9,-0.4354397654533386
cml2g00165oktijv5nksso9yx,-0.4490940570831299
cml2g024g5qomijv5s1rzd521,-0.4408493638038635
cml2fzy6b5mgdijv56xzewtwy,-0.49170804023742676
cml2g01q55qayijv5tvzn06dy,-0.43455129861831665
cml2fzykz5n08ijv5qhuu43av,-0.4109402894973755
cml2g01lf5q6aijv5ni9ujazw,-0.4312003552913666
cml2fzuqa5jrnijv5mjflfqvl,-0.4931047856807709
cml2fzuur5jwaijv5obr8o9hi,0.5523821115493774
cml2fzxiy5lx3ijv5z2fpkg64,-0.44915878772735596
cml2fzvyo5ksyijv5xb1i323h,-0.4324118494987488
cml2fzwry5ldoijv57r9k2v54,-0.4543110430240631
cml2fzwng5laaijv5y0tbjv7o,-0.43783438205718994
cml2fzw3c5kwiijv5et8zu4xo,0.4942651093006134
cml2fzuz65k1dijv5cs03ioml,-0.49689704179763794
cml2fzxwf5m5uijv5621roaxi,-0.44170013070106506
cml2fzw7w5l05ijv5pgfa6a5h,-0.45236822962760925
cml2fzv7x5k8lijv5lfc3na2x,0.4567718207836151
cml2fzx5n5locijv5xl5ckj02,0.4119267761707306
cml2fzvce5kc4ijv57rtg3yy3,-0.5212665796279907
cml2fzwde5l3nijv5i9i28i9y,-0.4484494626522064
cml2fzvlo5kjzijv55kc2mh3w,-0.45891377329826355
cml2fzx9x5lrcijv5pxnnjcep,-0.46458685398101807
cml2fzxnk5m04ijv5l3wnqly0,-0.41192910075187683
cml2fzxs35m30ijv56qprtamw,0.4993579387664795
cml2fzxeh5lu7ijv5fsm3w9vq,-0.46268007159233093
cml2fzv3k5k51ijv5pt5aegz7,-0.44501540064811707
cml2fzvug5kpyijv5fdye9k86,-0.46515679359436035
cml2fzwie5l72ijv5wued8kr7,-0.4379388391971588
cml2fzvq05kmxijv50owpza0u,-0.4755098521709442
cml2fzug15jivijv5uymtbxww,-0.4291423261165619
cml2fzub95jekijv58cedek69,-0.4321235418319702
cml2fztx25j1xijv5upbgucz9,-0.4319261908531189
cml2fzu695ja5ijv5p71ylymn,-0.43719759583473206
cml2fzt965ifaijv5hbmx9vok,-0.4654557406902313
cml2fzscr5hkbijv5z2uvp3k6,0.460159033536911
cml2fzruq5h7hijv55653xxmx,-0.40766918659210205
cml2fzr2c5gegijv5ajik8jv8,-0.4636603891849518
cml2fzrq65h3xijv5d1zq8327,0.40320149064064026
cml2fzs3u5henijv5knj6i1dg,0.4649161696434021
cml2fzsve5i21ijv5zqatd9og,-0.535385251045227
cml2fzt4h5iasijv5wwjvied8,-0.46936801075935364
cml2fzsh85hnmijv5jsmgz5em,-0.5960078835487366
cml2fzts65ixfijv5oh79mqfl,-0.47444215416908264
cml2fzqor5g2wijv5vn9sj1r2,0.3944950997829437
cml2fzqxr5gaqijv50nd66tvv,0.4788283407688141
cml2fzqfp5fvwijv5ylt33pj5,-0.5185009241104126
cml2fzqta5g6uijv5eay75782,0.5130135416984558
cml2fztn75it1ijv5n2jnf3f7,0.49378702044487
cml2fztij5iomijv5ndarej5k,-0.45858943462371826
cml2fzrgn5gtzijv5o0qjbtq0,-0.4700402319431305
cml2fzrbw5gpzijv5mpomuyil,-0.4689463973045349
cml2fzsqt5hxpijv553k9li37,0.5006354451179504
cml2fzq9l5fgtijv5mzqua5k5,0.6030055284500122
cml2fzs8g5hi9ijv5ogg8vvr7,0.45493340492248535
cml2fzt025i69ijv5v7k2kv1b,-0.4631994068622589
cml445k7t08v87zv50qqg2qjd,0.4131826162338257
cml2fzon15ecrijv5apo4l3ub,-0.467396080493927
cml2fzoec5dlwijv50zz3obb9,0.5444720387458801
cml2fzo0b5dutijv587x8swgn,-0.42114192247390747
cml2fzpi65evdijv56h54gzxr,-0.43488770723342896
cml2fzpmn5ey7ijv5blvlhg90,-0.4569777548313141
cml2fzorc5efeijv5gims23s1,-0.46211981773376465
cml2fzo995dzpijv5rxbuqfqh,-0.4367889165878296
cml2fzpdu5esoijv5h4uvvugy,-0.4177202582359314
cml2fzpwd5f8vijv572geka2c,-0.44554370641708374
cml2fzq0l5fbjijv5og6xy75h,-0.4582841992378235
cml2fzp065ekoijv5gleicrbk,-0.43848925828933716
cml2fznvr5dsbijv5q6h5ts9f,-0.434335321187973
cml2fzovo5ehzijv56z0p1567,-0.42793458700180054
cml2fzo4u5dx8ijv5rnq79j4v,-0.4716133773326874
cml2fzq505fe6ijv5tjem1vb7,0.4933905303478241
cml2fzp9c5epxijv5g1qf2gch,-0.42308804392814636
cml2fzoio5ea9ijv50wnvz5sh,-0.4524593949317932
cml2fzomn5dpqijv5dfxpht04,-0.49253591895103455
cml2fzoif5dnvijv5dqxp3gzv,0.5003858208656311
cml2fzp4x5en7ijv5uol21k8g,0.3988272249698639
cml445kz809e07zv5vc2auy89,0.5404219031333923
cml445klt094m7zv5oro6eebt,0.5145338773727417
cml2fzj5b5aj3ijv53cgayfg1,-0.4417271912097931
cml2fzkys5bkgijv5kvjrk60l,-0.390088826417923
cml2fzjdt5amvijv525mcj701,-0.41792771220207214
cml2fzn2j5cuiijv5yjnst10o,-0.40245383977890015
cml2fzmfu5cefijv5lw00ytn2,-0.43511828780174255
cml2fzlq25c2kijv5nriiytdp,-0.4342842698097229
cml2fzfet57v6ijv5ii660eos,0.43658551573753357
cml2fzlcs5bwjijv5yt850vfm,-0.4576120376586914
cml2fzo5z5dhsijv54u2enwch,0.4725334346294403
cml2fzi6559y8ijv50uib62iy,-0.42149633169174194
cml2fzisd5adxijv5g8ulrofu,-0.41832488775253296
cml2fzi1v59wbijv59ruys6fx,-0.41670161485671997
cml2fzhxo59u6ijv59sexch6l,-0.43354713916778564
cml2fznax5cy6ijv5txm1f25g,-0.40074026584625244
cml2fzgd258liijv5p2wk0mc4,0.44791531562805176
cml2fzhtk59s4ijv5z3cjcneb,-0.4164084792137146
cml2fzn6p5cwdijv59881683a,-0.40679264068603516
cml2fzmbh5cccijv55j14ilzj,-0.4782875180244446
cml2fzfw458a5ijv5ltg1wke9,-0.41768771409988403
cml2fzkq85bgnijv59mi3q8os,-0.42543426156044006
cml2fzmtr5cqjijv5ntla69wp,0.5113239288330078
cml2fzhp659pxijv5t8pmjbz3,0.5165727138519287
cml2fzllt5c0kijv5ov368itv,-0.4369329810142517
cml2fzoa85djsijv5rwag329v,0.43092578649520874
cml2fzhgr59lzijv5tkz8g6p4,-0.4234845042228699
cml2fzji65aovijv56toz66gk,-0.43362095952033997
cml2fzfai57shijv5sjcruztx,-0.4285781979560852
cml2fzio35ac9ijv5ui9ix7ya,-0.42736437916755676
cml2fzglu58tiijv5gkebmpqn,0.39942288398742676
cml2fzg0a58d0ijv5fhnghky5,-0.43619683384895325
cml2fzlh55bykijv58r7uskbl,-0.4313771426677704
cml2fzexj57lmijv5y7u6vtzl,-0.4016245901584625
cml2fzo1r5dfvijv5sn65d5rl,-0.4320998787879944
cml2fzh8c59fuijv51zn23uad,-0.427956223487854
cml2fzm2x5c8kijv5z2vickke,-0.3990887701511383
cml2fzj0x5ahbijv51cnly9gv,-0.431200236082077
cml2fzhkx59nwijv5sxw0r37q,0.43874284625053406
cml2fzf6357pyijv57gncd7lv,0.43948599696159363
cml2fzl325bm8ijv5uy227h5e,-0.4058917164802551
cml2fzguk590mijv50x07560u,0.39288586378097534
cml2fzelc57hnijv52ab1gt9j,-0.40591686964035034
cml2fzfn8580oijv52ia2lyum,0.44353625178337097
cml2fzj9i5akvijv5esy3pjzo,-0.4173402786254883
cml2fzijt5aauijv5gei6dd1s,0.4441298842430115
cml2fziag5a0dijv5cmp12fwd,0.40440189838409424
cml2fzkuf5bigijv5cnlioxfm,-0.42752113938331604
cml2fznsj5d69ijv5qqdskyu3,-0.4338464140892029
cml2fzhcm59jfijv57arf46f0,0.5254683494567871
cml2fzgq558x3ijv5ivsbcqdg,0.4038180410861969
cml2fzmy75csdijv5wlv9ho98,-0.4281432032585144
cml2fzepg57j5ijv58f80s792,0.4390029013156891
cml2fzklz5bemijv53hmzzc1k,-0.42560309171676636
cml2fzk9c5b8zijv5gbtykz0w,-0.4304707646369934
cml2fzkhq5bcnijv5rt4yghnq,-0.4083594083786011
cml2fzmpi5cogijv5a763botg,-0.43954408168792725
cml2fzg4j58fqijv53l9khoo7,0.42714211344718933
cml2fznfc5d0bijv5fnkt7i20,-0.40540990233421326
cml2fznob5d48ijv5vrhcdr05,-0.39460986852645874
cml2fzg8s58ihijv5b0bbfk93,-0.4009171724319458
cml2fzgyw5943ijv5hptnsghq,-0.4351300299167633
cml2fziwl5afkijv5e8lbo37x,0.52043616771698
cml2fznjq5d2cijv5t9n27l5w,-0.40608781576156616
cml2fzk565b7iijv5ifi73ogj,0.5283425450325012
cml2fzjmh5aqwijv56p52gmuw,0.5280275344848633
cml2fzghh58prijv5v741s96l,0.5272118449211121
cml2fzluh5c4gijv555co9dfc,-0.45870915055274963
cml2fzk0w5b5iijv5fbyodsid,0.4376671016216278
cml2fzkdg5banijv5e5g9n85v,-0.39555153250694275
cml445lhw0afk7zv59dv86xqy,-0.859980046749115
cml445lcp09ne7zv58if9983v,-0.41984498500823975
cml445l4e0a667zv5gyb2vj2b,-0.4598614275455475
cml445lpz09ws7zv5djomhqmc,0.7107294201850891
cml2fzc5o5591ijv5k9jhqarh,-0.43686461448669434
cml2fz2ve4u6sijv5leloetux,-0.4123064875602722
cml2fzatg5471ijv50xbf7t5a,-0.43438372015953064
cml2fzakd53yoijv5ks80gcc7,-0.43296635150909424
cml2fz27y4t8nijv5egdyqkfh,-0.487009733915329
cml2fz7274zyfijv5gqdk60uv,-0.4117775857448578
cml2fzdv756tdijv5sd73zp20,-0.4055594801902771
cml2fzbka54twijv5zsfd2htd,0.4271465837955475
cml2fz65h4ympijv56llhlf1g,-0.4036621153354645
cml2fz6jn4z75ijv5142dhawh,-0.43137305974960327
cml2fz6ey4z0dijv5qrlx5rsa,-0.43115806579589844
cml2fz6sy4zkrijv5whprr9id,-0.4029964506626129
cml2fze8b574mijv5kjpvc9ws,-0.39633700251579285
cml2fz2ma4tt4ijv5pjy91lru,-0.410234272480011
cml2fze3v5716ijv5weq9kuwf,0.43475255370140076
cml2fza6m53moijv5cn9csvnk,-0.43713197112083435
cml2fz7735058ijv5l61uwsb1,-0.41533544659614563
cml2fzc9w55c0ijv5h9wmii0l,-0.4192172586917877
cml2fzcr455pyijv5tlqezi1w,-0.4138161242008209
cml2fz9ne537wijv5rxeyjgk3,-0.42996951937675476
cml2fz58b4xgmijv5ux3ssu1p,-0.4099287688732147
cml2fzab853qrijv5zoh90pky,-0.4318678379058838
cml2fz93652nqijv5oocqvu99,-0.434325635433197
cml2fzd92567vijv5vcpe762i,-0.41778337955474854
cml2fz3du4uuxijv5nhxveln2,0.4059125483036041
cml2fzcmr55m8ijv5neaehthe,-0.42542764544487
cml2fzc1g5561ijv507zav5jo,0.4312575161457062
cml2fzbbj54msijv5396kn5fx,-0.4157179594039917
cml2fz9sk53bdijv5mxv8achm,-0.4317719042301178
cml2fz7bv50c1ijv5zy5b0rlj,-0.4075412154197693
cml2fz4ty4ww2ijv5ksfprvb1,-0.4221876561641693
cml2fz6a74ytkijv5yza9l75l,-0.4222926199436188
cml2fz6xk4zrlijv51nl1oy0l,-0.4158110022544861
cml2fz5mi4y18ijv5smodkw4c,-0.424948513507843
cml2fz8ji51x7ijv5v4tx6r6x,-0.40275055170059204
cml2fzdmi56krijv503oli9sc,-0.4147471487522125
cml2fzdzl56xpijv5f4wju1fr,0.42713844776153564
cml2fzdqr56p2ijv5p6u1r9hz,-0.4214364290237427
cml2fzbxc554fijv5o7flv0cw,-0.4146305024623871
cml2fz9ih534dijv52d6ral8d,-0.4098319709300995
cml2fz4b74w6yijv5xrlrcxnd,-0.40610456466674805
cml2fz3n94v8lijv5ntiup3cx,-0.42508673667907715
cml2fz3914uo4ijv55xqn9wex,-0.40417560935020447
cml2fzb7654iyijv56zqbktl0,-0.43099069595336914
cml2fzaov542vijv5xgdc42je,-0.41079044342041016
cml2fzce855f5ijv51xiiskum,-0.41857045888900757
cml2fz2364t1uijv53y647do9,-0.4928493797779083
cml2fz85d51duijv5rwxva90z,-0.42693018913269043
cml2fzeco5783ijv5ov1u0gvw,-0.4325423240661621
cml2fzdi356gfijv5xcsax3w8,-0.41852813959121704
cml2fz7m950mqijv5ql2c4v8t,-0.39981165528297424
cml2fz8en51qfijv5r5hlgt6x,-0.4043999910354614
cml2fz2cn4tfgijv5clpdypbq,-0.4731839597225189
cml2fz8t952auijv5txtiw8w2,-0.4359879195690155
cml2fz8oh523zijv5s0i0amsc,-0.4368565082550049
cml2fz6oc4zdyijv5xy7wstje,-0.40880057215690613
cml2fzb2m54f7ijv5qbqn8yl5,-0.44800323247909546
cml2fz4p64wp7ijv5jlkfzn1k,-0.43384701013565063
cml2fz5cz4xnhijv5nfsv7rch,-0.412404865026474
cml2fz1ye4sv1ijv5br8jr2lm,-0.4871651530265808
cml2fz7vw510cijv5mwpt2w5w,-0.4301547110080719
cml2fz2hh4tmbijv5vvl6kqwm,-0.4124404489994049
cml2fzcvs55ujijv5bhr2i2vl,-0.4111763536930084
cml2fz34e4uh9ijv5gcybjq1h,-0.43213677406311035
cml2fzbop54xaijv5nj3yn68x,0.40426114201545715
cml2fzbfv54qkijv5mg6aebxp,0.39754563570022583
cml2fzddl56c5ijv5yofqqp3p,-0.41611742973327637
cml2fz3wz4vmaijv5x1deu6hf,-0.4131292998790741
cml2fz41w4vt6ijv5g6095yt8,-0.41538357734680176
cml2fz53l4x9rijv5rttaqglh,-0.4355175495147705
cml2fz9dp531gijv5xtie9ubu,-0.42314255237579346
cml2fzd0855z9ijv533e3f39t,-0.4143201410770416
cml2fzaxy54b8ijv5lrsrd59c,-0.4352811574935913
cml2fz2qs4tzzijv5lu2sr77y,-0.41238874197006226
cml2fz89w51kmijv5ewbv2hi1,-0.42618581652641296
cml2fz98o52ulijv5wecz9oyk,-0.4531310200691223
cml2fz7r650tjijv5glr9b1df,-0.4100610017776489
cml2fz80o5173ijv5vd5hf8p0,-0.4084613025188446
cml2fz5ra4y81ijv5bziq6k46,0.40284138917922974
cml2fz46f4w02ijv5ptqg372d,0.40327322483062744
cml2fz5hq4xucijv5i57qdnw6,-0.42565596103668213
cml2fz3im4v1tijv5r0kfm6i1,-0.4295705556869507
cml2fz3rx4vfeijv5dgcncuvi,-0.4063253402709961
cml2fz4kc4wigijv50yf5650r,-0.40315666794776917
cml2fz9xh53f2ijv5jsuri3xb,-0.42797452211380005
cml2fz4yo4x2xijv5izju5uqf,-0.4300869107246399
cml2fza2653ivijv5266ijrxl,-0.4292772114276886
cml2fzcie55ijijv5rbt76zbs,-0.4185187518596649
cml445lvh0aoy7zv553btpfdq,-0.6546611785888672
cml2fz1cc4scwijv57fd22ntf,-0.40855976939201355
cml2fz0qn4rvaijv59f880ajc,-0.44101566076278687
cml2fz03p4r3tijv5jbcet89l,-0.5846260190010071
cml2fyzy64qp8ijv507qynzrr,0.6382191181182861
cml2fz0hy4rnjijv5e5mwjt1a,-0.4389295279979706
cml2fz0mc4rraijv5eidzc6ze,-0.42953768372535706
cml2fz1u04sreijv5j052bhc6,-0.4260818660259247
cml2fz0v64rz8ijv5m5a6o7yg,-0.4262947738170624
cml2fz13v4s77ijv5sv3n2tov,-0.48286938667297363
cml2fz1h04sgfijv5vqupz7nl,0.4948039948940277
cml2fz0cw4rcqijv5c8vlch4l,-0.5268464684486389
cml2fz1884sayijv5354ngjrd,-0.47721466422080994
cml2fz0zi4s3cijv5w422tm18,-0.48234906792640686
cml2fyyr44oi1ijv5g467hwfv,0.41262155771255493
cml2fyyvp4omwijv5t6l8rj6c,0.42476627230644226
cml2fywr94ml0ijv5nuaz1zn3,0.43503740429878235
cml2fyxqr4nh2ijv5ltn952vj,-0.43385612964630127
cml2fz07r4q4kijv5uyts5r6m,-0.39844655990600586
cml2fyxm84ndcijv5ntxpqlyu,-0.4305051565170288
cml2fyztt4qlqijv5zfhs07a1,-0.43052351474761963
cml2fyzm34pgbijv56alq6ioc,0.4376932382583618
cml2fywdv4m7xijv5osebst9n,0.43131697177886963
cml2fyw9f4m5fijv5ato9rwvj,0.40458357334136963
cml2fyxdg4n6zijv5uojfbj8s,-0.4453388750553131
cml2fyymm4od4ijv5idee4tuv,-0.4263991713523865
cml2fyzhv4pbwijv511ai0of0,-0.40529295802116394
cml2fyxht4n9yijv5t7lz626p,-0.42261430621147156
cml2fyz4m4owdijv5lttj90yb,0.4100334048271179
cml2fyz074os1ijv56cjowbv7,0.4306296110153198
cml2fyyi54o7rijv5pz8u8ryc,0.43313586711883545
cml2fz0gp4qe0ijv50i2t0wbu,0.5444571375846863
cml2fz03b4pzyijv5fazitbno,0.42337939143180847
cml2fyxv64nksijv54l11dz04,-0.4126708507537842
cml2fyy4d4ns5ijv5duloh1z4,0.4304150640964508
cml2fyy8u4nx6ijv5nqsospd4,-0.42281776666641235
cml2fyzum4pqkijv52bbhjuf9,-0.42261818051338196
cml2fz0lm4qinijv5wkymvlyw,-0.44209641218185425
cml2fywi94mc9ijv5b1b6fn1p,0.42767903208732605
cml2fyzyu4pvbijv57by2vx3o,-0.42606595158576965
cml2fywmv4mgmijv56h0tudzb,0.42822176218032837
cml2fyzdm4p6pijv57ciwr5b0,-0.4385092258453369
cml2fywvq4mpaijv5cjlfy0mp,0.44843029975891113
cml2fyxzz4noaijv55duvmbqs,0.4295530617237091
cml2fyx954n33ijv56bzxph76,-0.39274701476097107
cml2fyx4p4mz4ijv5732xsm65,-0.4066007733345032
cml2fyz934p1iijv5yfpeqqsc,-0.41917097568511963
cml2fz0c54q9aijv5e6wv13g3,-0.4303208887577057
cml2fytkf4kwhijv5ove7o6h7,0.4268893599510193
cml2fyp8k4j46ijv5qaf43qxl,0.4185647666454315
cml2fyo604iooijv5y3vo4rix,0.4063056707382202
cml2fym604htgijv589rr06g6,0.44379115104675293
cml2fylc14hjyijv5l9stu4md,0.4332072138786316
cml2fyfba4evnijv5535v30qq,0.5702598690986633
cml2fykv34ha7ijv5uzldsl9w,0.41789379715919495
cml2fyoa94iq6ijv5jhny5isf,0.4408223032951355
cml2fyeyt4erxijv5mf9petrm,0.5801356434822083
cml2fymvb4i4qijv5dbkzzxei,-0.4522911608219147
cml2fyuz44ljiijv5rgo63ir4,0.44154420495033264
cml2fyoj04it4ijv55hu7z6u8,-0.5179710388183594
cml2fyvwr4m1dijv5tdpyqldr,-0.4654884934425354
cml2fykes4h4fijv5ung4i6jy,0.4412101209163666
cml2fyorf4ivtijv50bpvrrw7,0.46227189898490906
cml2fyq1r4jcuijv5stymfi73,-0.4945642054080963
cml2fyu554l3yijv5qbl4tfjs,-0.4919326603412628
cml2fyrbx4jv8ijv5oyva5pj4,-0.459153413772583
cml2fyk2s4gzuijv5yefsw9og,0.4308658242225647
cml2fypgw4j6oijv5iyno90rx,0.4291021525859833
cml2fyw0x4m2sijv5e6i4wc0q,0.40511438250541687
cml2fyqmu4jneijv52bpquw47,0.41243237257003784
cml2fysr54khmijv55hhmizc7,-0.5301850438117981
cml2fyuqo4lgnijv5ybgjb3t3,-0.4410119354724884
cml2fyn7x4i9aijv5ndcj5yvp,0.44580507278442383
cml2fytgd4kuuijv5rjmymd4n,-0.49656471610069275
cml2fyoep4irnijv5a4p9g1lw,0.4113379120826721
cml2fyj1f4gidijv5dzjqimfh,0.4465186297893524
cml2fyr7s4ju4ijv5ezsgd72m,0.5355347990989685
cml2fytoj4ky2ijv52gat1s74,0.405192106962204
cml2fyh2p4fnoijv5zkjo13z2,0.41755589842796326
cml2fyng44icdijv5umyo6t9a,0.47153225541114807
cml2fygyi4fm7ijv5g8hj8cgp,0.4177621901035309
cml2fysa54kc2ijv5py6bstva,0.4442742168903351
cml2fykmv4h7hijv5iox6dxcr,0.442533940076828
cml2fyqir4jm9ijv5ntogkej7,0.5689614415168762
cml2fyj5d4gk1ijv5wweiw1sq,0.5705116391181946
cml2fylok4ho2ijv5yzo2j449,-0.4108280837535858
cml2fyeus4er5ijv5yx8e3na3,0.5787084102630615
cml2fye9r4ei8ijv5h1gg3wwq,0.5711750984191895
cml2fypxk4jbpijv50khvl691,0.5385825634002686
cml2fyozm4iyeijv5vvtm9q6x,0.5678003430366516
cml2fysef4kd7ijv54sc0gnm3,0.5363904237747192
cml2fymn64i33ijv5bi3zxth9,0.5332110524177551
cml2fyfrx4f16ijv53gq14x9l,0.4890880882740021
cml2fytca4ktdijv52ajtn6nw,0.42262300848960876
cml2fyffe4ewwijv55eb14hd5,-0.408806174993515
cml2fyu974l5gijv573bftlse,0.45478954911231995
cml2fysva4kj2ijv5rhp3t9zq,0.40612903237342834
cml2fyhrt4fytijv5yoqsp1wk,0.5664779543876648
cml2fyrkd4jy9ijv5qptmpscj,-0.43487322330474854
cml2fyuia4ldkijv5imzlimjg,0.45360466837882996
cml2fyfnt4ezpijv58157wucf,0.45537635684013367
cml2fyk6r4h1gijv5qvomrrw9,0.4453613758087158
cml2fynk54idqijv52dbh8kd0,0.45987361669540405
cml2fypcn4j5gijv5l9qepnrf,0.4442097544670105
cml2fyj9g4glmijv5s2py81e8,-0.5920900702476501
cml2fytww4l1cijv5xd6d7kcp,0.4544591009616852
cml2fypp54j97ijv503g8x2kx,0.4548356235027313
cml2fyhzr4g1hijv5lnvpb8mt,0.41162747144699097
cml2fyikn4g9iijv5bafzf5rx,0.4026161730289459
cml2fyumf4lf3ijv5he3i4yli,0.41273489594459534
cml2fyovm4ix5ijv5cbud0cnt,0.47117581963539124
cml2fyhvu4g04ijv5tkpuq2a1,0.43305760622024536
cml2fygq54fj9ijv5yjo0x1l8,-0.4204678535461426
cml2fymzl4i69ijv5vleniixc,0.4450521469116211
cml2fypl34j7wijv5q4gu0259,0.43047478795051575
cml2fymr84i3oijv5scr2jtnm,0.42493483424186707
cml2fync24iauijv5x5swabd3,0.4479251205921173
cml2fyq5u4jdxijv5h6ut8yiu,0.43467941880226135
cml2fyvff4lp3ijv5eugoneem,0.4194525480270386
cml2fyqze4jrfijv5hqwr11ef,0.43120142817497253
cml2fyn3r4i7rijv54fsa82kc,0.4443340003490448
cml2fyhjo4fw9ijv57za9zs3o,-0.4884888529777527
cml2fyo1o4in6ijv56svy0iqh,0.5683574676513672
cml2fyq9z4jf2ijv5d1ue849d,0.4703744053840637
cml2fynxi4iloijv5szumx8ci,0.45112738013267517
cml2fyv3a4lkxijv5tbjmbxbq,0.5363655686378479
cml2fyf744eu9ijv52xhsdecc,0.44174906611442566
cml2fylg64hleijv567oemp5b,0.5328117609024048
cml2fygdq4feyijv569ehhh34,-0.41510555148124695
cml2fyic74g69ijv5yxxntgw0,0.5650617480278015
cml2fyght4fgcijv5wxwqmkc7,-0.4190272390842438
cml2fyu114l2rijv5dcp8ur2f,-0.41961541771888733
cml2fyfvy4f2pijv5b81dly7r,0.5709772109985352
cml2fyglx4fhsijv52fp14zmk,-0.413572758436203
cml2fyi3s4g31ijv5fyl7xagt,-0.5088155269622803
cml2fyjpx4gscijv5n5mzgnqt,0.43381667137145996
cml2fyv794lmcijv5gp9k3ekc,0.42181822657585144
cml2fyrxo4k82ijv5nqn5i13q,-0.42937833070755005
cml2fyee04ejeijv5i46mld7z,-0.4477071464061737
cml2fyemb4elxijv5ct59u724,0.4912775754928589
cml2fyvb84lnuijv571aw0ml5,0.4187227487564087
cml2fyhb64fqjijv51fjd1gsx,0.42636218667030334
cml2fye194efwijv5r51763hl,-0.46284201741218567
cml2fyei44eknijv5d3k4jhhj,0.4765966832637787
cml2fyfjk4ey9ijv5h5xcqmp5,-0.41141897439956665
cml2fysik4kelijv51um7sf6s,0.43048951029777527
cml2fyvso4lzxijv54ma5dzh7,0.4173714220523834
cml2fyf2y4esyijv5479kvk0g,0.45077934861183167
cml2fyg9k4fdiijv5bdkjhunu,-0.42090359330177307
cml2fygug4fkqijv5n6koadyc,0.4145631790161133
cml2fye5g4egzijv567l1sr3a,0.4534727931022644
cml2fyigf4g7vijv5bgx69r4a,-0.5009733438491821
cml2fyrtg4k6lijv5uxvsviwp,-0.4759746789932251
cml2fyon54iuiijv50fz7uqxd,-0.49542924761772156
cml2fyrg74jwqijv58psqicrb,-0.43604928255081177
cml2fysmz4kg1ijv53oq0olrv,0.4391440451145172
cml2fyjlv4gqnijv5tzcgvar7,0.4841392934322357
cml2fyjdq4gnaijv5qdodvyra,-0.4555041491985321
cml2fyixe4ggsijv5bo8wi2sq,0.43579986691474915
cml2fyt864krzijv5ui7lvbx2,0.4225420355796814
cml2fyjtz4gtuijv5y0c1zoqf,0.43556544184684753
cml2fylws4hquijv52lhwpmtx,0.4226895570755005
cml2fym0w4hs6ijv52bicdhpc,0.4269758462905884
cml2fyjhs4gozijv5y1porzby,-0.40221619606018066
cml2fyuv14li7ijv5cj7f1tpe,-0.5261020660400391
cml2fykqz4h90ijv59apak48a,0.4324324429035187
cml2fyita4gfcijv5gf4ts0bz,-0.5037387609481812
cml2fykaq4h2xijv5o14xp30q,0.5634781122207642
cml445pw60dk87zv5greu7l58,-0.591464102268219
cml445p610d1g7zv5ntayscet,-0.5490630269050598
cml445o2p0c9a7zv5p7d5xgwj,-0.4464377462863922
cml445q9g0dtm7zv58klf2oqo,-0.558783233165741
cml445qzy0ece7zv5yc3vxllg,-0.5875812768936157
cml445mz60bh47zv5461tjidq,0.5733364820480347
cml445mma0b7q7zv58o0kmp4r,0.4721672236919403
cml445piz0dau7zv5j97votvo,-0.5771226286888123
cml445ncj0bqi7zv5a92ur3j2,0.528500497341156
cml445qms0e307zv57t962ny4,-0.583238959312439
cml445npj0bzw7zv5i3ydaaiz,0.52779620885849
cml445m8t0ayc7zv592nqojb1,0.5427528619766235
cml445ofv0cio7zv5lrujr9iw,-0.6373485922813416
cml445osu0cs27zv5goforrik,-0.5868040919303894
cml2fydx34eecijv5few70arh,-0.430778443813324
cml445rq60ev67zv59dwsg6sk,0.5406103730201721
cml445s380f4k7zv569d4k3tz,-0.42219382524490356
cml445rd30els7zv5sntgmbda,0.679678201675415
cml2fydso4ebyijv5fz3p00tk,0.4999622702598572
cml2fyd6n4e0nijv5xn0lmhqn,0.4171011447906494
cml2fycx04dpuijv56cznya0u,-0.42622819542884827
cml2fydoa4e9mijv5c3v6qjez,-0.4725295901298523
cml2fydb24e30ijv529pjil5h,-0.4667930006980896
cml2fydju4e7hijv5j2lf7501,-0.4808451533317566
cml2fyd1x4dw2ijv5cun69kln,-0.4525946378707886
cml445sg90fdy7zv5qcmbvy2j,0.4953016936779022
cml445ub80gow7zv58qgui54u,0.5355097651481628
cml445t6t0fwq7zv5leb7f7qh,0.5948174595832825
cml445tk60g647zv5se57jjuw,0.4700234532356262
cml445stg0fnc7zv5qs0no2zq,-0.47070077061653137
cml445txm0gfi7zv5n131na97,-0.44339537620544434
cml2fyby04cg6ijv5qdsdwbp4,0.5938616991043091
cml2fyck74dkuijv5ws1pk4mx,-0.4641677141189575
cml2fyc6t4dbuijv5z2rvjblc,0.41068771481513977
cml2fycfn4dhbijv5onsuvvco,0.5206411480903625
cml2fyc2t4cl0ijv5olm3342q,-0.4285679757595062
cml2fybt34cbjijv5our4vyuy,0.4159298539161682
cml2fyboe4c7bijv5xe8k437i,0.4180038273334503
cml2fybak4bwmijv5l10xxxsn,0.4170655608177185
cml2fybxv4d4jijv55ord6cmz,-0.4641963839530945
cml2fyc774co3ijv5x07pg25k,-0.4549773335456848
cml2fyckt4cypijv5w6eew2op,-0.45882052183151245
cml2fycss4doqijv59qv4epve,-0.5101462006568909
cml2fycgf4cvaijv5g70lklc2,0.46449244022369385
cml2fycbv4crlijv5jhsproe2,-0.45079466700553894
cml2fycb94desijv52ecvp8ip,-0.4369734525680542
cml2fyb5m4bq6ijv57o3efwq5,-0.4128977358341217
cml2fybt84d1oijv5oao03nod,-0.43916746973991394
cml2fybf74bzmijv5f4qkneuo,0.42231178283691406
cml2fycoj4dmuijv59stdkimd,0.528168797492981
cml2fy7hg48nwijv5fudvj5q2,-0.4975629150867462
cml2fy6cg47n0ijv501k54jpb,-0.526849091053009
cml2fy7zi4950ijv52dx0nbi0,-0.5346073508262634
cml2fy9ds4aesijv59b8bkurv,-0.390576034784317
cml2fy8hs49lfijv5acz18igi,-0.4365428686141968
cml2fya974b14ijv5pxsgc8fj,0.43523460626602173
cml2fy9924aa9ijv5wrm1hkyv,-0.4674932360649109
cml2fy9vs4ar2ijv547o2knqm,0.4156290590763092
cml2fy6q747yyijv5rmlr7blz,-0.5567895770072937
cml2fy9ms4alaijv5qu3551j1,0.42239800095558167
cml2fy9ig4ajgijv5080ym18u,0.4550527334213257
cml2fy8vh49xvijv5o9cuq9rt,-0.43486645817756653
cml2fy8d849hcijv568swkw98,-0.46325916051864624
cml2fy7uw490oijv5hc8ujfny,-0.49907544255256653
cml2fy78j48gbijv536vgbofi,-0.47862228751182556
cml2fy73z48byijv521y9x0lh,-0.5229266285896301
cml2fy7lv48s5ijv508s6j777,-0.4948839843273163
cml2fy7qd48weijv5pnut9rz9,-0.4942309856414795
cml2fya054au0ijv50pxd8g8h,0.4327984154224396
cml2fy94k4a63ijv59z18iwp2,-0.43163612484931946
cml2fy8md49phijv588sf1tng,-0.43539300560951233
cml2fyb114bm8ijv508vy1svv,0.6015366315841675
cml2fyadl4b47ijv5voh29d54,0.42423632740974426
cml2fyamu4bavijv5wvbtzkou,0.4267979562282562
cml2fy9rb4ao7ijv5haai2re5,0.4806134104728699
cml2fyaia4b7hijv5saothjt3,0.444415807723999
cml2fy6zn487mijv5iby31u31,-0.5173880457878113
cml2fy88q49dbijv5i5nixx3n,-0.46489977836608887
cml2fyawb4bifijv5uq3jteeg,0.3924105167388916
cml2fy842499dijv5wd42e95k,-0.491321325302124
cml2fy6lk47ulijv5mooyq6d8,-0.503973662853241
cml2fyar94benijv5m6zfail1,0.39332887530326843
cml2fy9034a20ijv5cwsrf3b5,-0.43219897150993347
cml2fy6v0483aijv5qxyylziu,-0.5247407555580139
cml2fy6gx47qaijv5wy8wfcfp,-0.5010672807693481
cml2fy5tw473iijv5r1o9fc4c,-0.621404230594635
cml2fy5kk46scijv5awmllzu1,-0.6639337539672852
cml2fy5g946pjijv5koi5lmas,-0.6823818683624268
cml2fy63747ceijv5b4reomey,-0.5690392851829529
cml2fy5bg46jpijv5c2ts3jbd,0.5028162002563477
cml2fy67v47ipijv57wbvx0kk,-0.5100281834602356
cml2fy5p746xuijv5kfacexil,-0.5979232788085938
cml445upb0gya7zv5q5tdvzwk,0.4138709008693695
cml445v2w0h7o7zv5mbenkvc2,0.44623512029647827
cml2fy51m468gijv5r9e9e1fm,0.834762454032898
cml2fy4nf45u6ijv5jfd7p30c,0.7324028015136719
cml2fy49l45ihijv5cjvbjvsg,-0.5070629715919495
cml2fy44t45dcijv5p5ecx341,0.5447888374328613
cml2fy56k46dmijv543r4o9v9,0.866916298866272
cml2fy4ef45n7ijv5nney2gs9,0.7305795550346375
cml2fy4wu463iijv5nktsfmyu,0.7173877358436584
cml2fy4s445yuijv510a2996w,0.8371337056159973
cml445wkh0i987zv5318u7omz,-0.5723448395729065
cml445wy70iim7zv5j6ustkm4,-0.42992261052131653
cml445w700hzu7zv54klch54v,-0.5967135429382324
cml445xoy0j1e7zv5bpori8di,0.42162859439849854
cml445vga0hh27zv5io48lelr,-0.5111774206161499
cml445xbm0is07zv54kfrp01z,-0.4429517686367035
cml445vtn0hqg7zv5rep8h890,-0.5501450300216675
cml2fxz0z40ylijv5039sw6gr,0.45849794149398804
cml2fxxpv3znfijv5z5wzyf37,0.46657365560531616
cml2fxy3p4005ijv577ow702z,0.45993125438690186
cml2fxzef41beijv51i2a1yjf,0.46489304304122925
cml2fxtu23vutijv5nqmhx6ir,0.4933019280433655
cml2fxucr3weyijv51pozp3ds,0.5858719944953918
cml2fxwxj3yubijv5ns5abqib,0.46244001388549805
cml2fy1q243msijv5dhp5y9s6,0.5822654366493225
cml2fy16u4322ijv5c67auqdi,0.4617869257926941
cml2fy3d144uyijv5kon8hmpl,0.45463141798973083
cml2fxv0i3x69ijv5qa2130kw,0.44064947962760925
cml2fxxyy3zvvijv53q71aukc,0.4674838185310364
cml2fy0kc42i2ijv5ftnpu9dp,0.4598909616470337
cml2fy23q43xbijv53x3kf9ac,0.5169111490249634
cml2fy01a41wuijv51yo3u9g6,0.4590458869934082
cml2fy1zc43u9ijv5sjbfm8en,0.46007367968559265
cml2fy38g44ruijv51m7wefno,0.47281429171562195
cml2fy3qt4548ijv5zd2oekon,0.4860744774341583
cml2fxv523xanijv5eqee55jj,0.4461032748222351
cml2fxw1o3y3aijv5vboml4jh,0.4300647974014282
cml2fxv9s3xf2ijv5ie9rrntb,0.46217599511146545
cml2fy0tc42pxijv5jwxu6o9d,0.4838801324367523
cml2fxxgl3zeyijv5vzuubztk,0.45923376083374023
cml2fxumq3wtrijv5itl86w14,0.4473694860935211
cml2fxvis3xm2ijv54fgmaekt,0.4662103056907654
cml2fxvn93xpqijv5gtnb6fx0,0.4542170763015747
cml2fxu3l3w4rijv5k4kq1zl7,0.494669646024704
cml2fxtar3v91ijv5sryxlocs,0.46262127161026
cml2fxw673y77ijv59ygpa1bm,0.4228651523590088
cml2fxzj341fpijv5zx6kd7ag,0.45910170674324036
cml2fxwf83ye8ijv5sx2cr1to,0.4842330813407898
cml2fy0fz42eiijv5z8bwzuw8,0.46052286028862
cml2fy1bk4367ijv5t4egqi8w,0.45778486132621765
cml2fxyd7408pijv5fk7yc05o,0.4567667841911316
cml2fxz9x4173ijv5k0gnl77u,0.4577736556529999
cml2fxwan3ya6ijv5d0m3v888,-0.39997950196266174
cml2fy12g42yfijv50is7w7vq,0.45922359824180603
cml2fy1g843a7ijv51op5jqok,0.48016348481178284
cml2fy0bc42a6ijv597ug2c3c,0.45569437742233276
cml2fxtfw3vhiijv5frha2bf9,0.49742424488067627
cml2fxvs13xtmijv5wudklww4,0.4635290205478668
cml2fxwjt3yhtijv5wxjw5jat,0.46651941537857056
cml2fy2hh4471ijv5tf1t00po,0.4833779036998749
cml2fy0op42lmijv5q5soco5y,0.45096051692962646
cml2fy0xy42u8ijv55b6cgje7,0.4879656136035919
cml2fy3ho44y5ijv5lww94jhu,0.4624866545200348
cml2fxu8c3w9qijv5q5ogxydu,0.49779626727104187
cml2fy1us43r1ijv5bx1a5ueo,-0.484652578830719
cml2fy40d45aaijv502yxfktv,0.5835044384002686
cml2fxx283yyjijv5hvqarn4z,0.4625844955444336
cml2fxyht40czijv5s7u7hro1,0.4632699489593506
cml2fy3vb4578ijv5bsp1rc75,0.46124258637428284
cml2fy3m84517ijv55p5d9icu,0.4858356714248657
cml2fxzwp41sjijv5aon9x8ox,0.45979687571525574
cml2fy2lu449vijv59zzgg4es,0.4611993432044983
cml2fxxud3zroijv5ii0osqv1,0.4526326358318329
cml2fxxl83zj7ijv5rn4txowh,0.4612993001937866
cml2fxve93xihijv52clb7r23,0.4865463078022003
cml2fxtys3vzsijv5bakxb36l,0.4963929355144501
cml2fxtph3vqeijv5q9k03ffc,0.48621290922164917
cml2fxtku3vluijv539w5j7e3,0.4768127202987671
cml2fy28h440kijv5q32ff1zi,0.4589059054851532
cml2fxznq41jzijv5olhesr0l,0.46284252405166626
cml2fxzsc41obijv584j5gue6,0.46815118193626404
cml2fxyw940ubijv59ctwluog,0.4620487093925476
cml2fxwt43yq4ijv524u2as1b,0.4639231264591217
cml2fxx6w3z2rijv5ryb1e40l,0.46056032180786133
cml2fxz5k412uijv5lqkqd6q2,0.46000152826309204
cml2fxwod3ylxijv5l4fny7no,0.46897730231285095
cml2fxuvt3x1yijv50f0bg743,0.4495328366756439
cml2fxura3wxqijv5jeity2ln,0.45554178953170776
cml2fxymc40h7ijv57l1fcsz1,0.46293365955352783
cml2fxowd3rciijv5k937zplh,0.5333512425422668
cml2fxpfl3s1zijv5uukraqnv,0.492485374212265
cml2fxrt63u3bijv5irim117n,0.5180661678314209
cml2fxqbu3suyijv537jdlxyn,0.46649622917175293
cml2fxt5v3v2yijv5rf35ztkp,0.5056672096252441
cml2fxptj3sevijv5l51xgz18,0.4894320070743561
cml2fxqgk3szbijv5myrovzk3,0.49193617701530457
cml2fxpy53sjdijv5446822v0,0.4838053584098816
cml2fxp233rrfijv5pq60bgs5,0.4980323016643524
cml2fxp6k3ruiijv5on2muqqx,0.5138677358627319
cml2fxq7f3srlijv56fnjcyf5,0.5071958303451538
cml2fxrc43tt2ijv5n5ffp6n6,0.4992978870868683
cml2fxqus3td0ijv5js5d2knz,0.497102290391922
cml2fxql83t45ijv52ibnaqfo,0.48676159977912903
cml2fxpow3safijv53u5qwxme,0.48728179931640625
cml2fxq2s3sntijv5zvlu9xg4,0.4850890338420868
cml2fxoqi3qxjijv574508j2a,0.6779299974441528
cml2fxssj3up3ijv5p3zg15fs,0.48525094985961914
cml2fxpk83s68ijv5o4eujiar,0.5073376297950745
cml2fxsc73ue6ijv5gs1xmrrz,0.49551692605018616
cml2fxr443tngijv5sxp3nfqc,0.48255130648612976
cml2fxslb3ujjijv5dqints1a,0.49214091897010803
cml2fxs413u8uijv5hc33gbh8,0.5177317261695862
cml2fxrkx3txwijv5etw8kxpc,0.48580625653266907
cml2fxqzh3ti7ijv570m0jgfh,0.49305620789527893
cml445yfj0jk67zv51tyr5umb,0.48486390709877014
cml445y270jas7zv5oa9mo0ro,0.5807278752326965
cml2fxolc3qmsijv5io3rc495,-0.4807245135307312
cml2fxogm3qhvijv5re0h9mwr,0.6475729942321777
cml2fxo2p3q7vijv59dpd9rb2,-0.43531522154808044
cml2fxny03q4iijv51vk1txnx,-0.4185275137424469
cml2fxn3l3oidijv5hcbmxtwv,-0.3996146023273468
cml2fxmls3o5aijv594yi2v38,0.39427798986434937
cml2fxnlj3oxkijv5qqvcum20,-0.4111217260360718
cml2fxn7x3oloijv50qda3179,-0.46340689063072205
cml2fxmhj3o1lijv5i7i6q1hk,-0.46104758977890015
cml2fxnpz3p0vijv55di3sqk7,-0.396381676197052
cml2fxmq33o8gijv5oa99u05l,-0.39528775215148926
cml2fxoc23phmijv5s02tbueb,-0.3970969021320343
cml2fxmzc3ofeijv5grtsb4qe,-0.39273080229759216
cml2fxo7p3pe1ijv5u752nmw9,0.41368356347084045
cml2fxo3e3payijv5ia5dlfs9,-0.39842334389686584
cml2fxmur3obyijv5l2ue8wu3,0.397643506526947
cml2fxoku3pp0ijv5qvlcjsbe,-0.4024657905101776
cml2fxoc03qekijv5cew58p4y,0.44190460443496704
cml2fxnyv3p7jijv5ct81dhbk,-0.3988209366798401
cml2fxo7h3qb9ijv5iyudqbu4,0.44216087460517883
cml2fxnh43ou9ijv55qur0ikv,0.4180256128311157
cml2fxnug3p44ijv5w5q4pqj9,-0.4166327118873596
cml2fxoge3plbijv5ysz7y7gu,0.44733482599258423
cml2fxjzn3m0nijv557zvtk2b,-0.453388512134552
cml2fxdja3h2iijv5p70qjwa6,-0.4029812812805176
cml2fxd5d3gqjijv5bownc5d7,-0.40339016914367676
cml2fxivo3l56ijv5rffbtdkd,0.4428207576274872
cml2fxhj23k4oijv5j97so199,0.45107561349868774
cml2fxh1c3js7ijv5j337y5yu,0.45033857226371765
cml2fxirg3l28ijv5dinr8q8v,-0.42238539457321167
cml2fxk413m4bijv5euaog69g,0.4389539361000061
cml2fxcrv3gfkijv5yt68zhg6,-0.3955288231372833
cml2fxbvi3froijv56ddm0cdi,-0.40084466338157654
cml2fxc0h3fuuijv5w20vl3sw,0.44089868664741516
cml2fxdeo3gyjijv59zq4c8cl,-0.4073050022125244
cml2fxc553fy5ijv520jxcdyj,-0.4666111171245575
cml2fxeb03hp2ijv5290ezygt,-0.4050346314907074
cml2fxe6h3hlcijv54smqagqb,-0.4075233042240143
cml2fxm8k3nubijv5afom8daf,-0.39797964692115784
cml2fxd0p3gmiijv5jnde4ae4,0.432953804731369
cml2fxfwo3ivrijv5y93jcs7a,0.39196455478668213
cml2fxgaa3j5zijv57brsriqn,0.40137404203414917
cml2fxjva3lx3ijv5ly3ucf0c,0.38875675201416016
cml2fxdx83hdvijv5jf0bqt5x,-0.42423197627067566
cml2fxbn63fnqijv5ohdzuqz6,-0.46205976605415344
cml2fxkcn3mb9ijv5pohhih1c,-0.3949991464614868
cml2fxhei3k1gijv5isbhwvsk,-0.3988535404205322
cml2fxh5r3jvyijv5ekrd4s7j,-0.3930804133415222
cml2fxfjc3il1ijv5wrq31uvz,-0.41420429944992065
cml2fxmd13ny0ijv5fpldffpf,0.44790974259376526
cml2fxex83i4aijv5s049r6es,0.3987142741680145
cml2fxlqo3nfvijv5grw9cfto,-0.40539008378982544
cml2fxbrc3fqlijv512za25nd,-0.43607622385025024
cml2fxda13guiijv5oxuj9bkh,-0.4329433739185333
cml2fxjm93lqrijv5dhua9wy0,-0.40694090723991394
cml2fxgns3jh6ijv596tucdkv,0.42362910509109497
cml2fxgww3jogijv5hrxcewea,0.39337506890296936
cml2fxe1s3hhqijv5k8u2t0yj,-0.4115371108055115
cml2fxg0z3iz7ijv5c9gi38vv,-0.4685397446155548
cml2fxff03ihnijv5jc4tuslg,0.3878287971019745
cml2fxlm63ncfijv55cy9wu2l,-0.46292415261268616
cml2fxfns3iooijv5ixmx0rqm,-0.3975282609462738
cml2fxesp3i0zijv5snohjl8y,0.393195241689682
cml2fxjqo3lteijv5k4e8kgul,-0.42820674180984497
cml2fxeo93hxuijv5666ckgdv,-0.3958960771560669
cml2fxi9v3kpgijv5ubd91lm7,-0.39383113384246826
cml2fxi123kj5ijv53iocisu8,0.3912087082862854
cml2fxciv3g8uijv5czj3qa6r,-0.40733200311660767
cml2fxfan3ieeijv55r2iw6wd,0.40112388134002686
cml2fxl8f3n1qijv5lbjjno3x,-0.42770740389823914
cml2fxiis3kvyijv5dmqvu1xy,0.44792553782463074
cml2fxlv73njmijv5aia5r4dt,-0.40297403931617737
cml2fxefh3hsoijv5dh60dvo3,-0.4205787479877472
cml2fxl3y3my7ijv5ky2zsran,-0.4214009642601013
cml2fxlhk3n8tijv5cdm2h49m,0.4506598711013794
cml2fxc9r3g1xijv5ivuz266r,-0.42562058568000793
cml2fxlcy3n5cijv5n7po6bcn,0.42655014991760254
cml2fxhrz3kb3ijv5o1m7cprz,-0.4233909547328949
cml2fxm3z3nqpijv5bj5rf6ns,-0.39879122376441956
cml2fxdnu3h6hijv5gmxoje9c,-0.4034515917301178
cml2fxk8c3m82ijv5i08k5ao2,-0.4309611916542053
cml2fxha53jymijv5xxn9t1jn,-0.4755285084247589
cml2fxkh13mepijv5nyzk6opr,-0.4220271706581116
cml2fxek13hw7ijv5f1xtkqvi,0.4437468349933624
cml2fxkq93mnmijv5tyih43ct,0.42513683438301086
cml2fxjdn3lkyijv5nqks7fhz,0.3960692882537842
cml2fxied3ksrijv5l04dk9uw,-0.3938203454017639
cml2fxin53kzaijv5kso98vfe,-0.46320396661758423
cml2fxj4g3lb1ijv506bo1fbr,0.3959769904613495
cml2fxi5i3kmbijv59j72adnh,-0.41109609603881836
cml2fxfsa3isbijv5wsee8l2q,0.39767980575561523
cml2fxhnm3k7wijv5bki3wwnv,-0.42442628741264343
cml2fxkv13mr6ijv59n7bfz81,-0.41738611459732056
cml2fxcnb3gc8ijv51d4enuxh,0.3905026614665985
cml2fxcw43gj0ijv5v8iz0a83,0.3908345103263855
cml2fxgs83jksijv5d4273d6m,0.3987787365913391
cml2fxg5j3j2lijv5uju56qb2,0.4029506742954254
cml2fxges3j9mijv5rqsuossr,-0.417519211769104
cml2fxkze3munijv59rivpzys,-0.4216153919696808
cml2fxf1t3i7nijv5poh38nai,-0.41351795196533203
cml2fxjhx3loaijv5lue2t08w,-0.44391530752182007
cml2fx3hd386cijv51721l9gy,-0.39929088950157166
cml2fx5rt3ac7ijv5p9jztgnj,0.4185708165168762
cml2fx8tv3d1rijv58cwyy5nz,-0.4176888167858124
cml2fx7kq3bzdijv5esi6ai4g,-0.4176888167858124
cml2fx3lv3891ijv5wdvcbbiy,-0.4102499186992645
cml2fx9l43drxijv52xiy8zh0,0.44607576727867126
cml2fx3wy38k7ijv5qqeasaff,-0.4445124566555023
cml2fx65s3aowijv5mum32bhe,0.4278109669685364
cml2fx4pb39a8ijv5jywv85ty,0.38719409704208374
cml2fx8793ci7ijv56moa2wpq,-0.4188336133956909
cml2fx6rc3b9iijv5qmikjy97,-0.40621858835220337
cml2fx8313cgdijv5hesk7f6j,-0.3995557725429535
cml2fx7423bkvijv5ux0obg2j,-0.42360416054725647
cml2fx380380oijv5dm0els0a,-0.40017789602279663
cml2fxbdo3fgiijv55bfljns2,-0.41516122221946716
cml2fxbie3fk1ijv5rrmogb2o,0.45242542028427124
cml2fx7cf3brxijv51ajdhj35,-0.4431515634059906
cml2fx9pk3dvlijv5p3tlp8mn,-0.5222729444503784
cml2fx33i37y4ijv5wr18pvdk,-0.43099236488342285
cml2fxa7y3ec5ijv5bpiy88z3,-0.39760565757751465
cml2fx9u63dzrijv54k0f4c33,-0.426310658454895
cml2fxb903fcqijv5wt2h1n61,-0.398652583360672
cml2fxa3g3e83ijv5yy0ojlf2,-0.3989121913909912
cml2fx8kz3ctpijv5md0nfm2c,-0.40160009264945984
cml2fx53h39o7ijv5smr9oo24,0.3971458673477173
cml2fx41i38niijv548pssia6,-0.4432654082775116
cml2fx3cq383dijv5uv367l0j,0.4140379726886749
cml2fx7p43c2vijv5tg8vzpk6,-0.3923729956150055
cml2fx5mu3a7zijv5z5ac7jty,0.43787556886672974
cml2fx78a3boaijv5y192oj60,-0.418291300535202
cml2fx6vk3bd7ijv5nfzzivos,-0.41015753149986267
cml2fx46238qzijv5caw7iss5,-0.4032057225704193
cml2fx4u339f4ijv5bmr06zw1,-0.396051824092865
cml2fx9yx3e3xijv5e8plopnw,-0.40416577458381653
cml2fx8gc3cpmijv5sknfkwlg,0.3966686725616455
cml2fxali3eodijv5avt6d7jp,-0.408742755651474
cml2fx92w3d8hijv5d0vtomok,-0.38762134313583374
cml2fx4at38vuijv5q3h8mwdz,-0.4005712568759918
cml2fxace3eg8ijv5z3qqgzpa,-0.4185311496257782
cml2fx5wj3aggijv5j1y0mn0t,0.4351758062839508
cml2fxags3ekaijv5f64u2vl3,-0.3991777300834656
cml2fx7gk3bvlijv5vjez5f51,-0.4845181405544281
cml2fx7tr3c6uijv5iafg4r0y,-0.4053957462310791
cml2fx6ef3av5ijv53qtead4j,-0.4069514870643616
cml2fx8bs3cllijv5p11fpmw2,-0.42552661895751953
cml2fx4yw39k2ijv5n3aca0r0,0.3895741105079651
cml2fx4kj395lijv52h4k5b6o,0.3905201554298401
cml2fx6iq3aypijv5oa7t5qzp,-0.417506605386734
cml2fx6zw3bh6ijv5x5fks14b,-0.40327635407447815
cml2fx6a43aryijv527j33hy8,0.39315447211265564
cml2fx97b3dc6ijv5iy5c7vd6,0.39728519320487976
cml2fxb4g3f8yijv5my5ic1qb,0.4293293058872223
cml2fx5dd39zlijv5wtp02ib1,0.39270368218421936
cml2fx4fr390qijv5lkj9xp7o,0.3902151882648468
cml2fx6183akkijv5133oslrc,-0.38746196031570435
cml2fx8yd3d4vijv5b5fpm655,-0.4211268126964569
cml2fx5i63a3sijv54euyq42q,0.4227823317050934
cml2fx8pf3cxuijv5pxyy1nht,0.39217257499694824
cml2fx9gt3doqijv5rbcnrfmf,-0.389708548784256
cml2fx25w36tvijv58w9qsvj0,0.4527052342891693
cml2fx0dr34zbijv59zze5giw,-0.4076792597770691
cml2fwz4z32z4ijv5fkm6x3xk,0.3927549421787262
cml2fwyq532kcijv5gprphopx,-0.39137381315231323
cml2fx1ep3632ijv5bo847dz0,-0.4102678894996643
cml2fx2ts37ncijv50psutwfx,0.3940430283546448
cml2fwz0332uqijv50rbsbr58,-0.38987958431243896
cml2fx00j34mrijv514q0vu9a,-0.4421466588973999
cml2fx1sf36fhijv5q49mxyu9,-0.4073655307292938
cml2fx1x036k6ijv5871e0ls0,-0.42496442794799805
cml2fx0mw3592ijv51xcm2cc8,-0.4018043577671051
cml2fwzoc33hsijv57o4yx89l,-0.40675118565559387
cml2fx1nw36bnijv56d801ljc,0.4262445271015167
cml2fx0m734dwijv5a929wz08,0.3989981412887573
cml2fx0r934i8ijv5jpye4irw,-0.40827715396881104
cml2fx2k537cbijv5ucwzrzlb,-0.398154079914093
cml2fx1jb367rijv5ovk2mrws,-0.42628923058509827
cml2fx0rw35ebijv5ukojuztp,0.4120200276374817
cml2fx2yn37snijv5uky2313m,-0.41653862595558167
cml2fx0ig3544ijv581haldzv,-0.3936760425567627
cml2fx0hh34a4ijv547ogasob,-0.4276527166366577
cml2fx21k36ozijv5tqnqj5xq,0.3903687298297882
cml2fx04s34qaijv5rmyz9k0y,-0.4286860227584839
cml2fwzjj33d0ijv50x2aitya,-0.41580960154533386
cml2fx2p137i0ijv5gmwfje82,-0.4236360490322113
cml2fx1a235ygijv5pf47mq5v,-0.3937007784843445
cml2fwz9v333qijv5xcqmy28e,-0.4009367525577545
cml2fwygw32ebijv5tl2owd4l,-0.42220717668533325
cml2fwzt633m9ijv55972tr1w,-0.4167730510234833
cml2fx2fb376rijv5mcohoxe7,-0.4669335186481476
cml2fx03433vvijv56z37lsy4,-0.3942745327949524
cml2fwzy633qyijv5bdqmc3ms,0.39854568243026733
cml2fwylh32h8ijv56yerbhri,-0.39599844813346863
cml2fx07r340dijv50ybwy059,-0.4180912971496582
cml2fx10z35obijv5jom1zt90,-0.40998512506484985
cml2fx09734uhijv5ya9htyli,0.3937895894050598
cml2fx15f35taijv5caqt6exw,-0.4161153733730316
cml2fwzeq338cijv5aeuj6gb9,-0.48271608352661133
cml2fwvb92y4bijv5nnz410xz,-0.4610433280467987
cml2fwwsl307lijv5nuqiktz8,0.43037712574005127
cml2fwvfz2ybdijv55xq15wmm,0.422794908285141
cml2fwwcw2zleijv5388nirqj,-0.40333160758018494
cml2fwx2q30mcijv54lvdj4e5,0.39851444959640503
cml2fwyc03294ijv590vif5zy,0.3938550055027008
cml2fww7s2zeoijv50z3k062y,-0.4028699994087219
cml2fwy6x323lijv5txfrmy32,0.3947734534740448
cml2fwuim2x12ijv5vn0iozpo,0.3904677629470825
cml2fwxwq31qvijv5ykc4ei7f,-0.4121929407119751
cml2fwvyi2z1hijv5ctt8z2bq,-0.41262945532798767
cml2fwxhm314kijv5uavgkghi,-0.41379767656326294
cml2fwue12wvfijv5au4rhm9a,0.3969254493713379
cml2fwtzb2wdnijv56tmiwa7j,-0.39723071455955505
cml2fwvtv2yuuijv5e3p21g3v,-0.44129136204719543
cml2fwwxm30eqijv5djkgwx1p,-0.44396352767944336
cml2fwunl2x76ijv5tnagcfm8,-0.41392937302589417
cml2fwvkk2yhyijv55hwvo09f,0.40489986538887024
cml2fwus82xdcijv5584so2vq,-0.4277153015136719
cml2fwu402wjcijv5p4s4w6ka,-0.3992502987384796
cml2fwuwl2xjmijv55clw9dsx,-0.47733786702156067
cml2fwxmj31cbijv5evz6naj8,-0.40181440114974976
cml2fwxrq31jnijv5evzj56kg,-0.4042391777038574
cml2fww352z7zijv510zsg74h,-0.4304616153240204
cml2fwv662xwzijv5yvsfmtyt,0.44502225518226624
cml2fwtko2vyvijv5iqn3568x,-0.3952524960041046
cml2fwtup2w88ijv5ea2dlrpz,0.3968358337879181
cml2fwwib2zssijv5krydhrei,-0.4163122773170471
cml2fwy2131xxijv59gc3dc9w,-0.421976774930954
cml2fwtpi2w37ijv5jgbiqm6f,0.40890246629714966
cml445z660k2y7zv5q7p5i5xr,-0.4499936103820801
cml445ysw0jtk7zv5ixxoo1i1,-0.6170220375061035
cml2fwqup2sppijv5se48j3rb,-0.4582574665546417
cml2fwnzs2ppfijv5slu75cfq,0.4137022793292999
cml2fwpv92rnjijv5xdmh24j2,0.39516550302505493
cml2fwlqy2nh1ijv5re4xcb94,0.4076228737831116
cml2fwodb2q32ijv571wdlndc,0.3992249071598053
cml2fwohy2q7pijv5ewb4hp9u,0.39517173171043396
cml2fwqcw2s6vijv5jhsp9vni,-0.39125925302505493
cml2fwmqo2ogjijv5j02m7jgu,-0.4123827815055847
cml2fwnmd2pbsijv5p90hx10p,0.42616006731987
cml2fwl5c2n1uijv5uuw4a2v6,-0.40243393182754517
cml2fwldw2n7fijv55nu1d87a,-0.41487571597099304
cml2fwnv72pkuijv57wflfrm4,-0.415478378534317
cml2fwrm52thjijv5iri6wsa8,-0.40619993209838867
cml2fwr882t2mijv5utqzjwhc,0.4274318516254425
cml2fwnda2p2vijv5i8bpvptq,-0.39960581064224243
cml2fws932uchijv50uzqi4e4,0.4269775152206421
cml2fwovr2qlkijv5zob3m7id,-0.4400774836540222
cml2fwmmd2oddijv5zlvl7r5g,-0.39690300822257996
cml2fwsic2up5ijv57409re3e,0.3940218687057495
cml2fwrvj2tuwijv5vvz9hduh,-0.38856399059295654
cml2fwtae2vowijv5ad4y0hpm,-0.40634676814079285
cml2fwt0p2vdgijv5ahf1zhh8,-0.4352506399154663
cml2fwsmv2uvkijv5ofhz9243,0.3894456923007965
cml2fws052u1jijv5ro54c5od,-0.4351828992366791
cml2fwqz62stxijv55sipgkbs,-0.42433661222457886
cml2fwor52qgoijv5v7ywh5e8,0.40023091435432434
cml2fwm562nzcijv5g5wymai6,0.39918726682662964
cml2fwn4d2otrijv5u5gcslan,0.41853654384613037
cml2fwqq92sljijv57nu2n7zr,-0.42969465255737305
cml2fwsds2uirijv5tk0fo00j,-0.4176922142505646
cml2fwlmj2ndvijv59zytrggq,-0.42623576521873474
cml2fwsw62v7qijv5zlggphyz,-0.4266277253627777
cml2fws4g2u62ijv5ut4bdhmp,0.38949334621429443
cml2fwl9i2n4fijv53ypv3hov,-0.39312639832496643
cml2fwm0m2nvuijv5vyuazz4v,-0.42378950119018555
cml2fwqls2sgpijv5isvgcwcx,-0.40016451478004456
cml2fwq422rwzijv5a4hgax3s,-0.439706027507782
cml2fwr3d2sy3ijv5gv7ywll8,0.3976188600063324
cml2fwtfg2vtvijv5toii6jz4,0.4252264201641083
cml2fwpqw2rimijv5z0qdqkap,0.40257754921913147
cml2fwpmg2rdtijv5ffyczv09,-0.4044755697250366
cml2fwphy2r8tijv5cuiuiadu,0.42655783891677856
cml2fwp092qqdijv5zdqzvdbo,-0.4423709213733673
cml2fwmzx2op3ijv5sbnzap0y,0.42425572872161865
cml2fwo8t2pynijv5bus193ga,-0.4518544375896454
cml2fwm9l2o2wijv5ieoc6c9b,-0.5163220167160034
cml2fwnhu2p7aijv5lmmilc3w,-0.4336070418357849
cml2fwqhf2sbvijv5wmunyc3x,-0.42435237765312195
cml2fwli62nadijv5uhuhpxdk,-0.43674683570861816
cml2fwrhf2tawijv51202fcz7,-0.4159340560436249
cml2fwt5q2vj7ijv51v7q1d9n,-0.42300552129745483
cml2fwp9g2r09ijv53v9ziqbs,0.39480918645858765
cml2fwrqw2to7ijv58wstfjig,-0.42572304606437683
cml2fwp4x2qvbijv5plp4czg1,-0.42778831720352173
cml2fwo4a2pu1ijv5rdnf2sm4,0.39225953817367554
cml2fwpdn2r4jijv5ycuvawhq,-0.4885895550251007
cml2fwmvc2oktijv538f4akek,0.4236750304698944
cml2fwmi42o9wijv5vt1z8dnu,-0.40014737844467163
cml2fwnqv2pg7ijv5c643nwz4,0.410332590341568
cml2fwq8k2s1xijv50y0tgkoz,-0.39840278029441833
cml2fwmdw2o6eijv5ao4qrh36,0.4171918034553528
cml445zjl0kcc7zv58b6csu0o,-0.44953590631484985
cml2fwjkq2lw9ijv5x6mym71n,0.3925316631793976
cml2fwhij2k3eijv51zo2u947,-0.4188348650932312
cml2fwjpg2lzfijv565ntlsox,0.426632821559906
cml2fwjgl2lugijv5f6idkd48,-0.4043131172657013
cml2fwkb22meyijv5v8ja0wau,-0.46489307284355164
cml2fwhe02k02ijv5ij5oqbgk,-0.4131743609905243
cml2fwiyb2lawijv5l7eh4ugd,-0.40233972668647766
cml2fwk6x2mc3ijv58182k63n,0.45657217502593994
cml2fwjy42m5hijv5q8v6efaw,0.44620373845100403
cml2fwgs32jj1ijv53dkmxo5o,0.393421471118927
cml2fwip72l32ijv56pp7pruy,0.39685118198394775
cml2fwil32kzzijv5nje0o13g,-0.4240509569644928
cml2fwhw12khpijv5g1ogctpb,-0.4304524064064026
cml2fwl132mzaijv5n34yuzxz,0.39632081985473633
cml2fwjtw2m2pijv5vdh50xjk,-0.4399532377719879
cml2fwfx62irqijv5ablrgtgc,-0.4016873240470886
cml2fwgjh2jcfijv5k47tte7j,-0.43295836448669434
cml2fwgnp2jftijv5804avea3,-0.43021395802497864
cml2fwk2j2m8sijv5zb8hjjki,-0.46834468841552734
cml2fwicu2ktyijv59o6z8kz3,0.41195717453956604
cml2fwi8r2kquijv5vu8z6uz3,-0.41537395119667053
cml2fwi0d2kkuijv5271mp1pv,-0.41160067915916443
cml2fwgwi2jmjijv565kpwh0f,-0.4236927926540375
cml2fwga72j1mijv5km93o25y,0.42658522725105286
cml2fwjc62lqjijv5te9cvm9x,0.3967100977897644
cml2fwkoe2mr6ijv5guh5dgnk,-0.40409228205680847
cml2fwkso2mu6ijv5bpv0ejj2,-0.4107710123062134
cml2fwg5s2iy9ijv56ghvs8wm,0.3981185853481293
cml2fwigx2kwxijv5u67p3l4u,-0.4250498116016388
cml2fwh9m2jwoijv5d3hee83k,-0.41521450877189636
cml2fwkfj2mimijv5xza96ga7,-0.4058736264705658
cml2fwits2l6zijv5nyau6qoh,0.4265613853931427
cml2fwh5a2jt9ijv5nofec7v8,0.40249744057655334
cml2fwg1f2iv0ijv50dn71q7s,-0.39469650387763977
cml2fwfba2iceijv5r29a8x4r,-0.41201746463775635
cml2fwe8n2ho2ijv5otvrne19,-0.39168450236320496
cml2fwc8l2ggsijv51k5ay5e7,0.4937405288219452
cml2fwc0c2gclijv5lsmnbc9q,-0.41869014501571655
cml2fweh02hssijv5fff9emwt,-0.39921191334724426
cml2fwdb32h3uijv569qto02k,0.40728530287742615
cml2fwcmi2gqiijv5irq7mv8v,0.40562474727630615
cml2fwcoh2g86ijv5zxyodpvq,0.4961911737918854
cml2fwb512fa4ijv549tzd7hz,0.40679487586021423
cml2fwbi92fhwijv540gq5mta,0.42191535234451294
cml2fwe0c2hk2ijv5rwjj51s4,-0.43709802627563477
cml2fwbv62fpkijv525epufpp,-0.41100171208381653
cml2fwd312gzjijv57i2w09oy,-0.4106487035751343
cml2fwc4i2genijv5ow0u9n3w,-0.40171584486961365
cml2fwcuq2guwijv58me9pis9,-0.40955716371536255
cml2fwey12i24ijv5de30htvg,-0.4232655167579651
cml2fwbml2fkfijv5nl55wcxc,0.39575454592704773
cml2fwbdu2ffdijv5o2f4tunj,-0.46872127056121826
cml2fwe4g2hlpijv5jbh0b2bu,-0.40126997232437134
cml2fwdw92hi3ijv5mwwzds6r,0.5057134032249451
cml2fwf6x2i9xijv5cawaopbc,0.49740535020828247
cml2fwetq2hzvijv5lxxftvtw,0.503633439540863
cml2fwcc42g0yijv5fzflgh5c,0.5034191608428955
cml2fwbqr2fmyijv5kgwaoibo,0.504838228225708
cml2fwd712h1tijv5f1dp8ptf,-0.3979142904281616
cml2fwfst2iobijv53a9mwelk,-0.5496653914451599
cml2fwdf62h68ijv5softp533,0.4338814616203308
cml2fwcz02gxaijv5qdseuss8,0.3974914848804474
cml2fwcsi2gajijv5bsq64yno,-0.43714937567710876
cml2fwb9g2fctijv5nx0nw0oi,-0.4034614861011505
cml2fwaao2etoijv5gda2ikv8,0.4354749619960785
cml2fwffk2iexijv5vg6185cb,-0.542657196521759
cml2fwb0q2f82ijv5mx05o6u3,0.42322152853012085
cml2fwfo62ikpijv5mzvfy61a,0.46593379974365234
cml2fwfjs2ih3ijv5twpk0h2z,-0.5772609114646912
cml2fwecu2hqfijv524uifwqu,-0.41445738077163696
cml2fwbzd2frtijv51m89ewjc,-0.5553837418556213
cml2fwaja2exbijv5oq4k60ra,-0.3964855670928955
cml2fwawh2f5zijv5tkkdd9cc,0.40779051184654236
cml2fwaez2evfijv5o9iaqucp,-0.4122857451438904
cml2fwckd2g5vijv50f92ru4p,-0.3887052834033966
cml2fwcql2gsnijv5kjur1epi,0.4124603569507599
cml2fwccy2gizijv5vm22y2bu,-0.42812269926071167
cml2fwanl2ezpijv5gdcrhcgb,-0.4142805337905884
cml2fwel82hv0ijv5bzpvvhg2,0.5046837329864502
cml2fwc7y2fydijv5zsxbojrv,-0.5308527946472168
cml2fwdj82h8aijv5dpdcjx04,-0.4197738468647003
cml2fwdnh2hanijv5k1xz36jq,0.4057040214538574
cml2fwcg92g3aijv5folakyxg,-0.4363393783569336
cml2fwepf2hxcijv5t1zml1k7,-0.5289620161056519
cml2fw66a2bkiijv5kojpdqwt,-0.4208239018917084
cml2fw4m32ae1ijv5c7muz8o9,-0.5209250450134277
cml2fw5ki2b3iijv52cj83qzc,-0.4054937958717346
cml2fw4ql2ahnijv56mlg6urt,0.42522355914115906
cml2fw4dn2a75ijv59zlzupip,-0.4263923168182373
cml2fw3mx29jsijv58gynm1j6,0.41774463653564453
cml2fw5tl2bahijv5fxh1jpdv,0.3895115554332733
cml2fw5g72b00ijv53kawfuky,0.4282453656196594
cml2fw92r2dz0ijv5hm2mj4ji,0.5518482327461243
cml2fw8c92dd3ijv5i7hw0wx2,-0.41320598125457764
cml2fw6wc2c8gijv5gn6kpma6,-0.41603773832321167
cml2fw78k2cgzijv5ksq5d4ue,-0.4160802960395813
cml2fw9792e32ijv50h64m5jb,0.46706780791282654
cml2fw3rh29njijv5susfnga8,-0.4051665961742401
cml2fw44t2a0bijv54czv92hk,-0.4405897259712219
cml2fw4z72anuijv5lcs4nfih,-0.4059409499168396
cml2fw7ym2d10ijv5ld3v32w2,0.44667214155197144
cml2fw3vz29raijv5p8zf9enh,-0.4080929756164551
cml2fw8p92do2ijv580w57lwk,-0.43163180351257324
cml2fwa6g2es4ijv5f2tp9wso,0.4813637137413025
cml2fw6em2bqmijv5pja4r360,-0.417475163936615
cml2fw6ai2bnjijv5ab8jlvaa,-0.4280071556568146
cml2fw4hw2aaaijv5dhp9i2fy,-0.4619048535823822
cml2fw3e129d1ijv58eij7nul,-0.4045621454715729
cml2fw7lg2cqxijv5wbsyowfp,-0.43870583176612854
cml2fw7cp2cjzijv5x7i09vaz,-0.42136886715888977
cml2fw9xk2eldijv5em79c02j,0.5282825231552124
cml2fw7h22cnhijv5hjlm1gj5,-0.41885852813720703
cml2fw5p32b74ijv532tyfb2c,0.4821338355541229
cml2fw9os2ef3ijv5xrrut4js,-0.4773835241794586
cml2fwa202eorijv5sh7usahl,0.7939692735671997
cml2fw6iu2bu0ijv5mv3k64f0,-0.4163419306278229
cml2fw74i2ce7ijv5fqy3943i,0.49003058671951294
cml2fw8gh2dgrijv5tfut65bc,0.4099159240722656
cml2fw8kq2dkaijv5qvl81vid,0.40848055481910706
cml2fw8tv2drpijv5tvywrwct,0.41054248809814453
cml2fw8ya2dvcijv510yvcrns,0.4111645221710205
cml2fw4952a3yijv5d013mhrm,-0.4266096353530884
cml2fw7pu2cu5ijv5cdgaus2h,-0.4691823124885559
cml4462v80mou7zv51jg0rd37,-0.6903616786003113
cml4460ni0l4i7zv53760s20e,-0.5250733494758606
cml4461r50lwo7zv5xqec6pxp,-0.6106981039047241
cml4461dt0lna7zv52s60q68d,-0.6419169902801514
cml44624d0m627zv5m7hob6mt,-0.474569708108902
cml44610l0ldw7zv5c54jssty,-0.5105901956558228
cml4462hq0mfg7zv5q303a1gi,0.49420180916786194
cml445zx00klq7zv5240r7p44,0.44306546449661255
cml4460a80kv47zv5g6fafa50,0.4633488357067108
cml2fw2dp28fsijv5pk0r200d,-0.4082075357437134
cml2fw0ew26w4ijv5qux3of19,-0.44039902091026306
cml2fw01m26m7ijv5h8tk3dbf,-0.4442678987979889
cml2fw0nt273oijv5vljogezr,-0.41133061051368713
cml2fw2112868ijv5gguqutrb,0.39501550793647766
cml2fw29i28cdijv5bcl3kvpj,0.506191611289978
cml2fw30b28zhijv5eygl3gti,0.49686843156814575
cml2fw34v2941ijv5gbmk7xxx,-0.419597864151001
cml2fw1sm2809ijv58wp25ik6,-0.40094852447509766
cml2fw05v26piijv570n3c1v7,-0.41013261675834656
cml2fw1dt27qwijv5pc8rejlf,-0.450704962015152
cml2fw0w827axijv5bnv0p38n,-0.40883880853652954
cml2fw15127i3ijv5uixpexn1,0.5072432160377502
cml2fw0ac26spijv5ev5r4iry,-0.4137609601020813
cml2fw39l2995ijv52luh567g,0.3996393382549286
cml2fw25c289hijv55kolof2r,-0.3964654505252838
cml2fw10j27eiijv5ke6zvw4i,-0.41616764664649963
cml2fw0jj26zvijv5ai78kti5,-0.4320441782474518
cml2fw2rb28quijv5lr3vn88l,0.4132079482078552
cml2fw2hu28inijv5j5jv4rpn,0.4651620090007782
cml2fw0s5277gijv5fhiy7i0l,0.44127047061920166
cml2fw1in27u8ijv52cduljxo,-0.39682066440582275
cml2fvzsj26e4ijv5boyfw8pe,-0.4277721643447876
cml2fw2vv28v1ijv5mkivz03s,-0.41031789779663086
cml2fw1ww283dijv5gk9dlz1s,-0.40070611238479614
cml2fw1o727x5ijv5hiba0kso,-0.4163900911808014
cml4463m00n7m7zv5u2e0akwx,0.436441034078598
cml44638h0my87zv5c1z3ht7h,0.6385079026222229
cml2fvynf25dxijv5obgddjx7,0.45403799414634705
cml2fvy0m24pqijv54tm3twjb,-0.4106663167476654
cml2fvwl4236sijv5ktyh00km,-0.42169371247291565
cml2fvxdb23ysijv5fp4u42ow,-0.4186612367630005
cml2fvxhv2420ijv52fthfkyv,-0.42132890224456787
cml2fvxvx24jrijv5ttacbw5w,0.3932875394821167
cml2fvy9u24zbijv5lfw2wwvd,-0.39298805594444275
cml2fvz5s25uuijv553cbns5j,0.500032365322113
cml2fvwgo232eijv5fo970q77,0.4521302580833435
cml2fvzah25z1ijv58wi918pc,-0.4047515094280243
cml2fvyee254hijv5fmyrveqi,-0.401767373085022
cml2fvwaw22o2ijv5xvvj02eg,-0.4431917667388916
cml2fvywy25mfijv504f3xjmd,-0.42451903223991394
cml2fvxmh247tijv5oiixxd1i,0.40628987550735474
cml2fvwuk23gaijv5u0d6pcev,-0.43783095479011536
cml2fvxr924dpijv5fa81pl70,-0.4423089027404785
cml2fvzez262zijv5ciwlmw0v,0.37615251541137695
cml2fvz1f25qnijv5i6iy14he,0.41243499517440796
cml2fvx8o23u2ijv5366k6jp9,0.5089700222015381
cml2fvw5y22giijv59x3wk4yt,-0.5711753368377686
cml2fvwpp23beijv5rmwhvrnh,-0.4291614592075348
cml2fvys825i6ijv5cdcow3rs,0.4083917438983917
cml2fvzjg266qijv5k7xzzpg5,-0.4331839978694916
cml2fvwz723kiijv5r7bzwwg0,-0.40678492188453674
cml2fvy5724u6ijv5juqn29j8,-0.41676220297813416
cml2fvzo526agijv5ygtr43jt,-0.438595175743103
cml4464pw0nzs7zv52o0j7wbw,0.4700367748737335
cml4465370o967zv51yxksebl,0.4777945280075073
cml4465tm0ory7zv55c1eyxjp,0.4465642273426056
cml4464cl0nqe7zv5vrjvluhn,0.4666779637336731
cml4465gd0oik7zv590eudabq,0.4592704176902771
cml44666w0p1c7zv5pcji8e6k,0.6124386787414551
cml4463z70nh07zv5f55rn65l,0.7039213180541992
cml2fvv9t21laijv5fevnte88,-0.4412248432636261
cml2fvuf220sqijv5uixvr1f4,-0.4268074631690979
cml2fvvsh223rijv55ohybdom,0.4472261369228363
cml2fvvx1228hijv5yw5x6hg2,0.4206976294517517
cml2fvved21qeijv58psuyj2i,-0.4168989062309265
cml2fvv5d21gcijv5r0ag2avi,-0.4066472351551056
cml2fvu2220ifijv5ep1nme3h,0.39940905570983887
cml2fvujc20voijv56eo6mfuh,-0.4208231270313263
cml2fvvj221uqijv5funvngr7,-0.43218013644218445
cml2fvunk20yyijv5ebvzt4a6,-0.4316512644290924
cml2fvu6b20l7ijv5790sro5i,-0.43597060441970825
cml2fvv0u21bhijv5v5d86w6q,-0.40050920844078064
cml2fvw1g22d0ijv52vb4xfap,0.39976584911346436
cml2fvurv212jijv513gd5ym2,0.43853670358657837
cml2fvuw6216kijv5bn7jk0yw,-0.4290764331817627
cml4466jy0paq7zv5ncs7408l,-0.47233274579048157
cml44680e0qca7zv50mxda47s,-0.7502299547195435
cml4467a30pti7zv5an9f6kh2,-0.4390084147453308
cml4466wz0pk47zv5rcn08wf6,-0.47442197799682617
cml4467n90q2w7zv5wtjhhz4g,-0.6764183044433594
cml2fvt82201eijv59yreexss,-0.828590989112854
cml2fvtkv207zijv5n0vjwjfg,-0.6000934839248657
cml2fvtxp20f4ijv5xxqj81a1,-0.4431150257587433
cml2fvs451z64ijv53u4csvip,-0.8518087863922119
cml2fvtgk206rijv5yrcq79nv,-0.6354444622993469
cml2fvrzo1z1bijv57xvoe29l,-0.8227326273918152
cml2fvt3r1zy9ijv5c61sx69j,-0.8854143023490906
cml2fvqhu1xqcijv5wgne8hqi,-0.8515583276748657
cml2fvr7x1yadijv577bhfh9h,-0.7180038094520569
cml2fvqyv1y0xijv5i5goxggh,-0.7859930396080017
cml2fvslm1ziaijv5qdxo4drd,-0.8851705193519592
cml2fvtt520c2ijv5gn9p772z,-0.47843775153160095
cml2fvtoz209lijv5yusze7nu,-0.4753590524196625
cml2fvqdm1xoeijv5zsbzh7ly,-0.8387013673782349
cml2fvpnl1x8dijv5y6ci9mic,-0.8468078970909119
cml2fvrv01ywhijv5bi12bihv,-0.7848963737487793
cml2fvpw61xdfijv558ajgvlp,-0.851640522480011
cml2fvqqb1xvkijv5qgxv6gbr,-0.8547544479370117
cml2fvrci1yf3ijv5j6q3av73,-0.7728185653686523
cml2fvscv1zc3ijv5xtebnz5g,-0.8427728414535522
cml2fvquk1xy6ijv5b87oonoc,-0.846706748008728
cml2fvsh91zf5ijv5bu95lg7r,-0.8624436259269714
cml2fvrqd1yrnijv5if348urn,-0.7855927348136902
cml2fvs8h1z93ijv5zlvw0ups,-0.8506179451942444
cml2fvqm51xsxijv5iuee360h,-0.8524467349052429
cml2fvr3f1y5pijv5qqjpytb3,-0.7906236052513123
cml2fvq0g1xfnijv5sx591vnw,-0.8532862067222595
cml2fvsq31zlhijv5w1q8t0da,-0.8848584890365601
cml2fvtcf205nijv5v0q086yg,-0.6196953058242798
cml2fvrlp1ymuijv59tvecfbc,-0.7407049536705017
cml2fvprw1xavijv5mq3f79zx,-0.8475942611694336
cml2fvq9e1xm1ijv531ejg2qy,-0.8499798774719238
cml2fvp9w1ww7ijv5nwhj2dtj,-0.8460090756416321
cml2fvngu1tqyijv5c3msivbe,-0.6024743318557739
cml2fvovz1wdnijv50hm9rgtv,-0.5071873664855957
cml2fvp5f1wraijv5lt35k4ix,-0.8490073084831238
cml2fvo061uc7ijv5rcabxu2s,-0.6004881262779236
cml2fvpja1x4xijv559zhut8q,-0.849657416343689
cml2fvocm1vphijv57gpu746p,-0.5953054428100586
cml2fvpei1x1aijv5cylwfi3g,-0.851257860660553
cml2fvp0z1wmlijv5m3ueo1ik,-0.8539974689483643
cml2fvoe31urgijv5t2jl57ba,-0.5909363627433777
cml2fvo351vd5ijv5dhyiafsr,-0.5804276466369629
cml2fvona1v1tijv5g23wmcpg,-0.5847758054733276
cml2fvo9c1um1ijv5mu4y9xgo,-0.6021196246147156
cml2fvnqb1u1lijv5851t3wal,-0.598778247833252
cml2fvohh1vvvijv51qlzbjvk,-0.595456063747406
cml2fvomm1w28ijv5m4pepciu,-0.5935699939727783
cml2fvo811vj8ijv58z54giio,-0.5919803380966187
cml2fvnlq1twrijv5frhfccqf,-0.5937055349349976
cml2fvncc1tniijv5eyb5pdko,-0.5944147109985352
cml2fvnv11u6uijv5pfyrfpw1,-0.5894444584846497
cml2fvoir1uwvijv5xvc3ljeh,-0.6182465553283691
cml2fvors1v7iijv5j4t7nvdk,-0.5882138013839722
cml4468dq0qlo7zv5akj5nwau,-0.5679554343223572
cml2fvlz61slzijv5y3ex98ni,0.49526795744895935
cml2fvlly1scvijv56qwl5cce,0.6682703495025635
cml2fvn7w1tk4ijv53dhh75p8,0.4963310956954956
cml2fvm811sshijv5oew060xq,0.4286186993122101
cml2fvmci1svnijv5zk848gf9,0.4924105703830719
cml2fvmgv1sywijv54sqiapvi,0.4882985055446625
cml2fvlqf1sfmijv5sw3qk8kg,0.505657434463501
cml2fvm3k1spbijv51k7vr1my,0.5129944086074829
cml2fvlut1sisijv5stg5pkfw,0.6541739106178284
cml2fvmun1t9xijv53mw4fr90,0.7158063054084778
cml2fvmz31tdoijv5k4pn6pkr,0.4639792740345001
cml2fvmle1t23ijv5tznql181,0.4867648780345917
cml2fvlhk1sa8ijv5ht6j79j5,0.5248984098434448
cml2fvl8t1s41ijv5r6qjb82d,0.5151249170303345
cml2fvn3k1tgwijv5jk4lo5z7,0.4499112665653229
cml4468qx0qv27zv54o8s5pe8,-0.6024114489555359
cml2fviak1ptxijv53783pt3b,0.4071778953075409
cml2fvhy11plgijv5nqcdbuse,-0.6337202787399292
cml2fview1pxhijv5xmsigbsw,-0.4126811921596527
cml2fvh8c1p3eijv5ahcbgdwh,0.4314400553703308
cml2fvfou1nyqijv5xm4lqdk9,0.4521564841270447
cml2fvg3f1odiijv54mgcgbqd,0.4248388111591339
cml2fvhtu1piuijv5wfhfharz,0.5408230423927307
cml2fvi281po0ijv5x09llw68,-0.6388818621635437
cml2fvjro1qy6ijv5iaechtoy,0.47898608446121216
cml2fvjw81r1pijv5uzwk2ld1,0.4589718282222748
cml2fvea71n0qijv535d0of6z,0.4464164972305298
cml2fvgr11os7ijv56396rw1k,-0.4128093421459198
cml2fvl4n1s0qijv5srngs0ph,0.4605357050895691
cml2fvhlf1pdpijv5nma6z9ni,0.4262193441390991
cml2fvkrr1rqqijv5kns6wtn6,0.4854736030101776
cml2fvkn41rn4ijv5em77djsl,0.4677637815475464
cml2fvgcu1ok1ijv5zupp00rv,0.43783214688301086
cml2fvgmn1opfijv5lwvcpdf7,0.3986858129501343
cml2fvgi11onbijv596jr6gaq,0.5166297554969788
cml2fvhh61pb0ijv5uvnb17nh,0.547354519367218
cml2fveyf1nh6ijv5ztd05ye9,0.4576770067214966
cml2fvj5o1qgmijv54862lp5g,0.46250319480895996
cml2fviwx1qa8ijv52qrgq50d,0.49295318126678467
cml2fvk591ra5ijv53mxydueq,0.4707527160644531
cml2fvfbr1nq3ijv5126qvqo4,0.45458608865737915
cml2fvkil1rjkijv5w4xivqus,0.44921040534973145
cml2fvf7e1nn5ijv5qda5v6uo,0.4662909209728241
cml2fvi6d1pqaijv5bj6arxaw,0.43061724305152893
cml2fvejz1n80ijv5ktx2nrbg,0.46292644739151
cml2fvkw11ru9ijv59y6qy50x,0.4748744070529938
cml2fve5t1my6ijv5qmlftroo,0.467884361743927
cml2fvetk1nduijv5q0k9zjv3,0.4515570104122162
cml2fvj9z1qk0ijv57qt139tz,0.4605836272239685
cml2fvhpk1pgfijv54sbi9mev,0.3948061168193817
cml2fvfg61nt5ijv59t00h6w2,0.5697184801101685
cml2fveol1nanijv5z4hkp4n3,0.5790473222732544
cml2fvijz1q0mijv5w1asxi73,0.47246450185775757
cml2fvk9s1rdmijv53v515brw,0.4701455533504486
cml2fvjir1qr9ijv5y7t75g89,0.4838693141937256
cml2fvjn61quqijv5cd9jrv2s,0.4650389552116394
cml2fvfkm1nw6ijv5tvdzcbbx,0.4447456896305084
cml2fvjec1qnmijv5i2ij1pvi,0.46064865589141846
cml2fvf2v1nk0ijv5gesm5jue,0.46479958295822144
cml2fvgzo1oxuijv57osxxw13,-0.5470501184463501
cml2fvg7s1ogrijv5ml3mhv8a,0.5088900923728943
cml2fvisp1q7kijv5jalxj9u1,0.46765634417533875
cml2fvl0b1rxgijv59oouvx98,0.49391600489616394
cml2fvcfc1lgeijv5embucxxa,0.430669903755188
cml2fvcsz1lrzijv5tcdlwsqm,0.4124915897846222
cml2fvdh51meoijv575m87y3s,0.4179398715496063
cml2fvdlz1miyijv5lh4e96jo,-0.4104686379432678
cml2fvdqq1mn5ijv5oqqlxfxe,-0.42479032278060913
cml2fvbuy1keeijv5o6nmlsgx,-0.6041091084480286
cml2fve0b1muvijv5e1d9qebh,0.45537611842155457
cml2fvcjv1lklijv55mrmkjko,0.4267517626285553
cml2fvc581kzoijv5r7jm78mo,-0.4940016269683838
cml2fvdca1majijv5ulbr2dvm,-0.4046708345413208
cml2fvbqd1k6uijv5t7bz69xd,-0.5921198725700378
cml2fvcok1loeijv5qprfwql2,0.542543888092041
cml2fvbzi1km9ijv5uz3jumc2,-0.48242974281311035
cml2fvd2o1m1yijv5drwo3fce,0.4069015681743622
cml2fvd7e1m69ijv5s3xn004q,0.4598463773727417
cml2fvcao1ld1ijv50yg3i6h9,0.534731388092041
cml2fvdve1mrdijv53rkc1y2h,0.4753230810165405
cml4469hg0rdu7zv5k7lc9b0c,-0.4903603494167328
cml4469490r4g7zv5cd2e64p8,-0.49857285618782043
cml2fvb9w1jv3ijv5f65jc8jw,0.4378862977027893
cml2fvacr1jcuijv5woq28dgi,0.4493826925754547
cml2fvah11jf1ijv5c0h7ogp0,0.4586356282234192
cml2fv9ad1iqhijv5w6gqf1jm,0.45248228311538696
cml2fv9ir1ivbijv5ftjk27zq,0.41179248690605164
cml2fv8bu1i6qijv5q2hawn3w,0.423840194940567
cml2fv6w21hbrijv5rtt6m5az,0.4460836350917816
cml2fv8fz1i8yijv5ohlx9yca,-0.408488929271698
cml2fv1r21e4lijv5s19rl4zj,0.41977235674858093
cml2fv8t31iesijv5cyi04i0e,0.46001601219177246
cml2fv6ez1h37ijv5s2twexr8,0.4088229537010193
cml2fv6ja1h5mijv5ts21g0z6,0.4176850914955139
cml2fv70c1hdxijv5b9qweyu9,0.4411701560020447
cml2fv8op1icvijv51h9kfz9s,0.43670615553855896
cml2fv4l01fzeijv5khkrjh8r,-0.4106796383857727
cml2fv2on1ewcijv5d0ilpcik,0.41019561886787415
cml2fv7d91hl7ijv5d5e1rubp,0.4531240165233612
cml2fv5ki1gk5ijv5qtbuulen,0.402345210313797
cml2fv7z51i05ijv5z8pzhbna,-0.4376354217529297
cml2fv3r61fleijv53berbubd,0.4204844832420349
cml2fv4pc1g12ijv5zsj5i2pi,0.4446945786476135
cml2fv8k51iaxijv55ycbbw4i,0.4269413352012634
cml2fv3d31fb0ijv5d1mx105j,-0.42168718576431274
cml2fv2ki1etiijv5qzb0i71u,0.40859419107437134
cml2fv2st1ez0ijv5vk6yjsxr,-0.42567411065101624
cml2fv57c1gdeijv5c54x6f0p,-0.4068305790424347
cml2fv0eg1d75ijv539d78jfz,-0.4148949682712555
cml2fv1dw1du9ijv511qg4az8,0.4232981204986572
cml2fv1mo1e11ijv5wvx617iw,0.4262405335903168
cml2fv6621gvbijv52o7ndwp1,-0.42676952481269836
cml2fv30z1f3yijv5tqflzzed,-0.4244297444820404
cml2fv23b1ebmijv55m91avn2,-0.40196841955184937
cml2fv4co1fwlijv5infyjk9w,-0.41855770349502563
cml2fv5xn1gqxijv5emyvq4d0,-0.42283865809440613
cml2fvatn1jm3ijv5hzrpofvu,-0.41594207286834717
cml2fv9ra1j00ijv59vkwfqos,0.4436119496822357
cml2fv9vj1j29ijv5p4kdz8e6,0.4570172429084778
cml2fvbdy1jxaijv53vixpft6,-0.4242718517780304
cml2fv87p1i4pijv5knqqf2bf,0.4298737049102783
cml2fv10y1dm6ijv5to8jwpu3,-0.41543614864349365
cml2fvaxs1johijv5d1lo5d3z,0.47267305850982666
cml2fv7uw1hxwijv5g9didsbe,0.5276516079902649
cml2fv4gw1fylijv5ov3gy72k,0.4088952839374542
cml2fv9ej1iswijv5e9cma1jp,0.45401763916015625
cml2fvalc1jheijv57jkifazc,0.5666658878326416
cml2fv9221im7ijv5kgcc227v,-0.4588255286216736
cml2fv83e1i29ijv53qoj5xtt,-0.4541531801223755
cml2fv48d1fuiijv5wp3vs8px,0.4226644039154053
cml2fv3ve1fnrijv59i6enwmo,-0.4090556800365448
cml2fuzyh1d18ijv5vvyeapqp,-0.42119911313056946
cml2fvb5x1jsyijv5kd2hj926,-0.42756304144859314
cml2fvb1u1jqtijv5mwz2xv4z,-0.4354814291000366
cml2fv2wx1f1kijv54y9en6op,0.41948455572128296
cml2fv9zs1j3lijv5zv2409qy,0.4236234724521637
cml2fv9n11ixmijv5kx1ii73u,0.42267000675201416
cml2fv7qm1hvnijv5wgxpcuv7,0.4492303729057312
cml2fv5oz1gmjijv5807m90xr,0.4029594361782074
cml2fv38x1f8pijv5gkb95vg2,0.4130821228027344
cml2fv1581doiijv57c5o40tu,0.43450668454170227
cml2fv05u1d2zijv5wmm2dcpn,-0.42077672481536865
cml2fva401j5gijv5ofb10936,0.42500653862953186
cml2fv0mk1czpijv5mbp26270,-0.4183346629142761
cml2fvapm1jjrijv59nd3vdkv,-0.42166170477867126
cml2fv0ir1d9fijv51rm35w4s,-0.41891127824783325
cml2fv1v41e6lijv5r9hk7o8i,-0.4202684164047241
cml2fv61t1gsyijv5xolmp14f,0.4183571934700012
cml2fv1z71e8uijv5wsa0za54,-0.4249885678291321
cml2fv0n61dbsijv503wlwulr,0.43085774779319763
cml2fv3hg1fdbijv5n6zietxh,-0.4189315438270569
cml2fvbmd1k4uijv5x3w8kjkm,0.42337968945503235
cml2fv7hm1hnmijv50xb7nver,-0.5000196695327759
cml2fv52z1gb3ijv59tvd50so,-0.4210823178291321
cml2fv2gf1eqpijv5nhbu64zn,-0.42412084341049194
cml2fv0rp1ddyijv50xj95jho,-0.4277961552143097
cml2fv78u1hisijv5ffi2wyzk,0.4493268132209778
cml2fuvcz18v8ijv51vgqf1j6,0.437991738319397
cml2fv04i1cj2ijv5jjae18jj,-0.4216012954711914
cml2fuuq6188oijv59z1hscur,0.46460139751434326
cml2fuvug197xijv5imc0iouy,0.45742663741111755
cml2fuxys1atpijv5k94zlq0x,0.45657119154930115
cml2fuzva1catijv5dfdp7fgc,0.5825230479240417
cml2fuwni19x9ijv5u31xqm5j,0.4358172118663788
cml2fuud617xwijv5oxz29jjr,0.4616689085960388
cml2fuy781b00ijv5k6e3wnq5,0.47451499104499817
cml2fuybi1b37ijv54bzqwae3,0.4559948444366455
cml2fuuzg18ifijv53wfraz8c,0.46302616596221924
cml2fuz9k1broijv5o0zpeig6,0.47098761796951294
cml2fuxq81anpijv5la6jbcgc,0.4414612650871277
cml2fuxh81agbijv5atzssnlc,0.4433761239051819
cml2fuzqt1c68ijv5k89z3qj6,0.44971781969070435
cml2fuzdp1buvijv56lpoesyw,0.47022706270217896
cml2fuuhm181iijv5z7oa414m,0.46021851897239685
cml2fuu4c17qsijv5y84hpee1,0.45569664239883423
cml2fuulx1850ijv55gvflp9a,0.4481961727142334
cml2fuyfr1b66ijv5j8ydrd2h,0.4454641342163086
cml2fuz5b1bo5ijv5yeh8pt0f,0.44963711500167847
cml2fuwru1a02ijv51hlm5n4z,0.43769150972366333
cml2fuy311awxijv5cqo2erzx,0.4453427195549011
cml2fuwiu19riijv5jc80f9rh,0.4793975055217743
cml2fuw3u19fhijv5l19es5yl,0.4839250147342682
cml2fuvhj18z1ijv5y735lhls,0.4950183033943176
cml2fuxuh1aqkijv5usw9wklv,0.4410197138786316
cml2fux8f1aauijv5fmuxdeu8,0.4711608588695526
cml2fuvm0192qijv5opvanieg,0.44540464878082275
cml2fv0du1csiijv5g1hga1js,0.4192734956741333
cml2fuvq1194jijv5fa6y4fzc,0.4512566328048706
cml2fux451a7vijv52zo0f8ez,0.4516664743423462
cml2fuyjq1b80ijv5wegvhyzj,0.4740232229232788
cml2fuyo61ba8ijv5958f26zd,0.43922871351242065
cml2fuwe619n1ijv5vmzpc54p,0.4567252993583679
cml2fuysd1bcxijv5u8eccaqe,0.43905556201934814
cml2fux011a58ijv5ecdoz2t1,0.46675828099250793
cml2fuzi21byfijv5ghlq2ze7,0.4725423753261566
cml2fuu8t17utijv5xdq236ww,0.45211154222488403
cml2fuv8i18r4ijv5sa4hlm6b,0.4537780284881592
cml2fuzzr1cfeijv5xczvpg21,-0.43302714824676514
cml2fuv4118mwijv5zr4dstc7,0.4588314890861511
cml2futzt17n0ijv5ysubjek9,-0.43493473529815674
cml2fuz151blaijv5qpowu7tn,0.4354127049446106
cml2fuzmi1c27ijv51ghjzxiq,0.45349523425102234
cml2fuwvy1a2qijv522mqeevk,0.4345862567424774
cml2fuxcv1ae0ijv5j70oh100,0.44573330879211426
cml4468x10rn87zv5aoekqfxx,0.6596394181251526
cml2fut4516poijv5w3zer2tg,-0.5129657983779907
cml2fus5p160gijv5vjrl8rvn,0.42538997530937195
cml2fusgg167oijv5oanun6ft,0.43576064705848694
cml2fus0c15wyijv5logdpibp,-0.5086422562599182
cml2futv017gkijv5649jh45u,-0.48406240344047546
cml2fusla16bdijv5558jcqj1,-0.5032503604888916
cml2fut8o16t1ijv5ximsybes,0.4360509216785431
cml2fusas163zijv5w27m8y9b,-0.5184971690177917
cml2futq4179qijv5jmlq5h6d,0.4459591805934906
cml2furkg15dvijv58n1f0i3r,0.632518470287323
cml2futjr172wijv5cv3c32di,0.49833714962005615
cml2fuszm16m2ijv5g9f2cxmz,0.4427464008331299
cml2fusuv16ikijv5p3qr0k07,0.43505609035491943
cml2fusqf16f2ijv5rz66h1xu,-0.5123597979545593
cml4469np0s607zv5czvvc2rp,0.5062095522880554
cml4469af0rwm7zv5xzs0v9j6,0.5696178674697876
cml2fuqgs148hijv5cqjiexjx,-0.46136587858200073
cml2fuquj14oqijv5wx99vtq9,-0.4499300718307495
cml2fur4814zsijv5x0iyglc1,-0.4593416154384613
cml2fupx513agijv5mj4vm3pe,0.5755675435066223
cml2fure9159fijv5cgrgtz6v,0.4639584422111511
cml2fups2132pijv52ytajqab,-0.478445440530777
cml2fuqz914ufijv5cy0qygih,-0.46294787526130676
cml2fuqc41429ijv5va9edvql,-0.579007089138031
cml2fuqlf14d6ijv50eamm0bw,-0.4487990438938141
cml2fur8s154yijv5kvbb969t,-0.44365835189819336
cml2fuq2m13oiijv5zpuuad8g,-0.5055394768714905
cml2fuqq214iyijv5x3tpqtiq,-0.4504966139793396
cml446a0w0sfe7zv5j3rgm1k7,0.45023730397224426
cml446bhu0tgy7zv5x9i8k1ho,-0.45482137799263
cml446arh0sy67zv5x9pwuag8,-0.43772557377815247
cml446ae90sos7zv51hy8jwms,0.5127761960029602
cml446b4q0t7k7zv5ewdjbzpg,0.4412693977355957
cml2funhe0zhsijv502jtvs0h,-0.516873300075531
cml2ful0u0vxzijv5bb2dya13,0.5123764872550964
cml2fukn00vefijv5iuaggmvp,-0.47955939173698425
cml2fumga0xzwijv5hqc7zwwb,0.4642201066017151
cml2fumpq0yd0ijv5ww01qrrw,-0.4611721932888031
cml2funvr103sijv5wb0oqrf4,0.507457971572876
cml2fuo0n10buijv5fv0p24yr,0.4424186944961548
cml2fuoai10swijv5ylbxccsr,0.4609993100166321
cml2fukw80vr2ijv50iv0yw6x,0.45844098925590515
cml2fum2o0xgcijv5lvg1e8s2,-0.4998083710670471
cml2fuler0wikijv5abu8g0qw,-0.47911325097084045
cml2fukrm0vkkijv5b8v1sfaa,-0.483844131231308
cml2fuoym11t4ijv5y7plwyih,0.4688650369644165
cml2fukdj0v22ijv5gmmkyfnm,-0.4857509434223175
cml2fujui0uc3ijv5w50po5mv,-0.4820372462272644
cml2fupnh12yjijv5qftr6oej,0.6561402082443237
cml2fun880z49ijv50x4ldt4j,-0.5193871855735779
cml2fuml00y6fijv5a547i6sc,0.45903873443603516
cml2ful5h0w50ijv5slgu5kx9,-0.5108376741409302
cml2fula40wbrijv5w4zkfbmo,-0.4545646011829376
cml2fujz30uivijv5ywnhdjzi,-0.4408433437347412
cml2fuo5i10kcijv5jy5oozvi,0.4741358160972595
cml2funr10zw7ijv5rsegcmi0,0.49114468693733215
cml2fumbo0xt9ijv5cdki1cbc,0.46175384521484375
cml2fukib0v88ijv5kt6efkul,-0.4779854416847229
cml2fuk410upgijv5aeux7cjw,-0.47737807035446167
cml2fup3m120sijv5kodyvbdd,0.5249709486961365
cml2fultb0x2nijv5z1ty8i3j,0.46277832984924316
cml2fupdr12jiijv5wck81knp,0.6577602028846741
cml2funcs0zayijv5nbof2lba,-0.5358372926712036
cml2fuofc1111ijv5qkuf3i2l,0.49559515714645386
cml2funm60zomijv5j4j1lle6,-0.483500212430954
cml2fumud0yjuijv5eji05eqe,-0.4616909623146057
cml2fupiw12ueijv50wl3wjvl,0.5868024230003357
cml2fuotq11lfijv5i81r9x2v,0.5948693752288818
cml2fup8g128iijv5mcz9fe9i,0.5771937370300293
cml2fumyz0yqxijv5unyr4g59,0.5538632869720459
cml2fuly50x9gijv529xtpleh,0.5207036137580872
cml2fum720xmqijv5u54kjco0,-0.45745226740837097
cml2fuljp0wpeijv5515zcwgy,0.46494945883750916
cml2fujpt0u5dijv5xvpprbrp,-0.49110662937164307
cml2fuhss0sx6ijv5pupro01i,-0.5307663083076477
cml2fuhoj0suoijv5xvooc048,-0.5692930817604065
cml2fuggm0s0iijv5cycli6mj,-0.568230390548706
cml2fugpb0s6qijv5k5dy2spb,-0.5276140570640564
cml2fuizr0tqiijv544k1kcul,-0.5340263247489929
cml2fuh2k0sf5ijv5m4imallf,-0.5834117531776428
cml2fui9x0t6zijv5ts5vek6m,-0.5667424201965332
cml2fuhb90sk9ijv5f8jvw63f,-0.5635815262794495
cml2fuh6y0shqijv5hb1omybx,-0.5222294926643372
cml2fuimy0teyijv5pwlu7sl2,-0.5731996297836304
cml2fuhfh0smqijv59r50rw40,-0.5649266242980957
cml2fue4n0q1jijv50exv0f01,0.4835255742073059
cml2fudvr0pu7ijv5f6x1g5vt,0.5266649127006531
cml2fucww0p2oijv55fh27l6s,0.5129409432411194
cml2fuiik0tc5ijv5vt1744p8,-0.5181809663772583
cml2fufht0r8uijv59yk6auwa,0.7098377346992493
cml2fuf3n0qxaijv5vtx5cwhh,0.62981778383255
cml2fud9w0pb6ijv550eq8y08,0.6684359908103943
cml2fufm40rdcijv5uax2kwv5,-0.5797547698020935
cml2fug3e0rpsijv55jggyrcn,-0.5686360001564026
cml2fuir40thpijv5q1r9qnh9,-0.537153422832489
cml2fugky0s3kijv5xr1hbi09,-0.5887387990951538
cml2fue8z0q54ijv54z8x9xcd,0.5069510340690613
cml2fuem00qfiijv5u5cq93i7,0.6645998954772949
cml2fudn30pneijv58120wsvx,0.4728962779045105
cml2fudeb0pemijv50tmtlbhx,0.4820266664028168
cml2fud5l0p83ijv5jrlqg40f,0.5284727811813354
cml2fud1a0p58ijv5tip0j8nn,0.5012081861495972
cml2fueq80qjcijv55frlijkq,0.6252326965332031
cml2fuhwy0sznijv59s00l1bb,-0.6013489961624146
cml2fuezd0qteijv5g2mvkfv6,0.6597089171409607
cml2fujlp0u3dijv5r1d8hkxg,0.6581726670265198
cml2fugcc0rxiijv5dov33gjz,-0.5880876183509827
cml2fufck0r4qijv5kf9aevnj,0.4809988737106323
cml2fui5p0t4gijv5yhuua0yk,-0.52754145860672
cml2fuie50t9gijv58h6dwd9c,-0.577707827091217
cml2fuf820r0qijv5s42yw91b,0.4805700480937958
cml2fue090pxtijv5i2gmrwyn,0.6633404493331909
cml2fuedc0q8pijv5l1m76bkw,0.4882584810256958
cml2fudrc0pqlijv5fa78pws4,0.522354781627655
cml2fufqa0rgiijv5tyhubu31,-0.5935344099998474
cml2fuj400ttbijv5gqexhol1,-0.5368769764900208
cml2fujhg0u1aijv5ushw5r29,0.41309627890586853
cml2fufz10rmzijv5e8yxoquf,-0.5791190266609192
cml2fujd40tz1ijv5e0n19lw9,-0.506317675113678
cml446cmw0u947zv599z1i3ix,-0.5649926066398621
cml446c9d0tzq7zv5f8n9eup0,-0.4936845600605011
cml446d0a0uii7zv5ricdtwf7,-0.5167677998542786
cml446ddr0urw7zv51adx41dw,0.5930271744728088
cml446dr10v1a7zv59fsx0rxn,0.543704092502594
cml446bvi0tqc7zv5ffjnvzfi,-0.44245445728302
cml2fuck00nt2ijv5s0h5tpxt,-0.44411638379096985
cml2fucn10opfijv5fsv04xjf,-0.5996414422988892
cml2fucfi0nozijv52d5394uk,0.4940495193004608
cml2fuc210ncwijv5i3xv8dsn,0.6685692667961121
cml2fuc9k0obtijv57kl09wtr,-0.43501517176628113
cml2fuc0l0o17ijv520x9pp25,-0.4388188123703003
cml2fubw20nx2ijv5chbi6tp5,-0.4288082718849182
cml2fucax0nkzijv52fewsof2,-0.4253159165382385
cml2fucrw0ow1ijv5t6zcghxg,-0.624517023563385
cml2fucdv0ogcijv5p8z23jh3,0.4814276397228241
cml2fucih0oktijv5bnlo5bii,0.5218676924705505
cml2fuc6f0nh7ijv5af8cmigc,0.4098588824272156
cml446e4c0vao7zv5smqvdlr7,-0.6150931715965271
cml446ehw0vk27zv5odjue5g0,-0.5871546864509583
cml2fuaj50l48ijv5plb021c5,0.4607320725917816
cml2fub960mfsijv51gwk36gl,-0.6365604996681213
cml2fuauv0lxkijv5epcv9r58,-0.7258029580116272
cml2fubsi0n0pijv5ypkf9m7b,-0.6116317510604858
cml2fubxe0n6jijv5vtgs6lsi,-0.5762181282043457
cml2fuap00livijv5o9xgic8o,0.4318764805793762
cml2fuazx0m4oijv5hn71k4sr,-0.64048171043396
cml2fub4d0ma4ijv5v9i77oow,-0.611566424369812
cml2fubno0mv6ijv55x9zziri,-0.6125795245170593
cml446f8o0w2u7zv5xllzyolm,0.6694063544273376
cml446evd0vtg7zv52u17btyr,0.5022705793380737
cml2fuaen0l1aijv5t4xg6enq,-0.5640000700950623
cml2fuaa30kyoijv5r5u4kc97,0.4679153561592102
cml2fu9sb0klpijv5pivzl81n,-0.552809476852417
cml2fu86r0johijv5wmeqiirb,-0.5488081574440002
cml2fu9f30keqijv5pbqn0u5a,-0.5656594634056091
cml2fu8xh0k5gijv5jhgp6xni,-0.44889578223228455
cml2fu96f0ka5ijv5rjdlc2vl,-0.4286228120326996
cml2fu82e0jmiijv51uv6maki,-0.5272448062896729
cml2fu9jj0kgzijv5wz99181o,-0.4685225784778595
cml2fu91x0k7rijv56lll1q5d,-0.5462859272956848
cml2fua1f0kudijv5l1zot2tr,-0.549095630645752
cml2fu9aq0kciijv5xd6a636r,-0.4569125771522522
cml2fu7y40jkuijv55qdwdheq,-0.5070310831069946
cml2fua5l0kwiijv5qrmle7c3,-0.5248804688453674
cml2fu8t10k36ijv5jgs3qfq2,-0.5117336511611938
cml2fu8b00jqgijv5ykp1lfw1,-0.46791180968284607
cml2fu7tv0jjlijv5wz2ypux3,-0.5479632019996643
cml2fu9nv0kjaijv5ieylqbxe,-0.5477281808853149
cml2fu8fa0jshijv5zikz54n9,-0.5439187288284302
cml2fu8om0k0yijv56sxfhydn,-0.5494142770767212
cml446gpu0x4e7zv5wpt1zyrv,-0.6707178354263306
cml446fly0wc87zv530lr4t16,-0.5565357804298401
cml446gcl0wv07zv5k5dtj3me,-0.6442442536354065
cml446fz70wlm7zv5jur5yghv,-0.7013879418373108
cml446h330xds7zv5brvy0kwq,-0.6957071423530579
cml2fu2z40fvuijv5t31bqcpb,-0.4191395938396454
cml2fu7l20jc4ijv5y0al8557,-0.5079599618911743
cml2fu7pc0jfyijv52mz6outl,-0.5015860795974731
cml2fu3gw0g8nijv53ndqbo48,-0.41786429286003113
cml2fu51h0hbrijv500zibco0,-0.5498670339584351
cml2fu7gg0j89ijv5a3d4dre5,-0.530839204788208
cml2fu4so0h5wijv50d0y2tmt,-0.4125431478023529
cml2fu6130i0cijv5ugb168y6,-0.5781264305114746
cml2fu5a40hhcijv57wp7ktg5,-0.5297540426254272
cml2fu5en0hjlijv5rgt90eic,-0.5519562363624573
cml2fu42d0gm6ijv5tixr2fdh,-0.47599831223487854
cml2fu4x30h8tijv5jzhui2hu,-0.4480080306529999
cml2fu3ty0ggqijv5b9q1mbn8,-0.4542393982410431
cml2fu55u0hekijv56x4k3vi5,-0.41840681433677673
cml2fu5wj0hxcijv5l6wgj2e2,-0.5489365458488464
cml2fu5iw0hlpijv5izfwj4xg,-0.41462936997413635
cml2fu5nc0hofijv5bbuuye2j,-0.45366770029067993
cml2fu4od0h2zijv59qagqv4v,-0.5544345378875732
cml2fu46o0gouijv5dqc5yfrn,-0.556683361530304
cml2fu3ce0g67ijv59qn3ljr6,-0.6410632729530334
cml2fu7270ituijv5vd5bjydv,-0.5586982369422913
cml2fu6eh0i9bijv5furtuzql,-0.4227168560028076
cml2fu6j90idmijv5syz0fh2b,-0.5253463387489319
cml2fu65p0i37ijv514tgurdn,-0.518803060054779
cml2fu3l60gbeijv51ed0e6dg,-0.617773175239563
cml2fu7bs0j45ijv5b2kt568a,-0.6156588792800903
cml2fu4k40h08ijv5mf3vgw6k,-0.5393527746200562
cml2fu3pl0gdxijv586k598q0,-0.552299439907074
cml2fu6o50ihuijv5aw9e08hm,-0.46438494324684143
cml2fu6xh0ipvijv57unyq1xu,-0.4834114611148834
cml2fu1mj0f0zijv5xbk37v22,-0.6439991593360901
cml2fu0wl0eluijv50kydvycf,-0.4841841161251068
cml2fu0s50ejeijv5z7eriw7i,-0.41665753722190857
cml2fu2df0fipijv51p9rluuc,-0.5282129645347595
cml2fu2950fg1ijv53yyk6cc1,-0.533851146697998
cml2fu19q0eteijv5hnj4bqay,-0.5556048154830933
cml2ftzky0dt0ijv5yxk6ir7d,-0.43327662348747253
cml2ftzpb0dvhijv5cyo06s1g,-0.5368939638137817
cml2ftyz40dexijv5zfi6aqpp,-0.4780212640762329
cml2fu15j0equijv5dfrn5r54,-0.5235333442687988
cml2fu1110eo8ijv5x9lrmjob,-0.5330400466918945
cml2fu2uu0ftdijv510xsg7nr,-0.5064747333526611
cml2fu1du0evzijv5huc7vbf3,-0.4659447968006134
cml2fu0nu0eh5ijv58sjrah6q,-0.4524523615837097
cml2ftzgj0dqqijv5jtm4n0v5,-0.5433809161186218
cml2ftzxv0e07ijv5ij5jebk5,-0.5202571749687195
cml2ftycj0d31ijv58sghjxsu,-0.5700318217277527
cml2fu2m20fo3ijv5ddd9kj9d,-0.41722917556762695
cml2ftz800dmeijv5v3q15zgw,-0.4833756983280182
cml2ftylc0d8eijv5zm2tsijo,-0.46832865476608276
cml2fu20a0faqijv5lxf8a9th,-0.4484390318393707
cml2fu0jj0eetijv5xxw1eupp,0.4125978946685791
cml2fu2ht0flfijv5u1r5cwcg,-0.5233784317970276
cml2fu0660e4rijv52twzijmx,-0.5436170697212219
cml2ftzcd0doqijv5swniqhsi,-0.507519543170929
cml2ftyqe0datijv5he4z50vm,0.4342065453529358
cml2fu1vy0f85ijv5qr3qzbus,-0.5323745012283325
cml2fu0ae0e70ijv5203e2jbk,-0.529244065284729
cml2ftztm0dy1ijv5xov6pq2t,-0.534281313419342
cml2fty850d0mijv5cr92mfp9,-0.536885678768158
cml2fu24q0fdcijv5eq0h0n79,-0.5998836755752563
cml2fu1i40eygijv57yoj69sy,-0.45055240392684937
cml2fu0240e2gijv5o605bqfm,-0.5074063539505005
cml2ftygv0d5vijv5mo4b4vi1,-0.4684504568576813
cml2fu2qf0fqtijv5nqg2vr8c,-0.6087049245834351
cml2ftyur0dcsijv5conafe2k,-0.43307995796203613
cml2ftwii0bnzijv5ufx0bbup,-0.46157151460647583
cml2ftx4j0c34ijv57orzsujo,-0.4536580443382263
cml2ftw570bd6ijv5bxdvojnh,-0.5103957653045654
cml2ftxv30cpqijv551cls6ze,-0.48286187648773193
cml2ftvrz0b64ijv5wmf4h7rr,-0.442376971244812
cml2ftusj0ai1ijv5vsjuzd34,-0.4542788565158844
cml2ftxzd0cssijv5y92qtqa7,-0.5138851404190063
cml2ftvj60b0nijv50vfg5qjb,-0.4329196512699127
cml2fty3p0cwkijv5n4ea2lr6,-0.5343506336212158
cml2ftwdz0bknijv5qsobafj7,-0.4650943875312805
cml2ftuf80a90ijv5lqs7btc9,-0.45486530661582947
cml2ftual0a5aijv5q5ceh8r4,-0.5045786499977112
cml2ftvev0axmijv559jk4m3t,-0.46152761578559875
cml2ftxd70c94ijv5j3j56tws,-0.49035587906837463
cml2ftx8x0c64ijv5hozd5481,0.4401087760925293
cml2ftu670a38ijv54eyuvzai,-0.5619125962257385
cml2ftwrj0bucijv5c1vph3cu,-0.4549667239189148
cml2ftvag0aurijv5izva464m,-0.4634941518306732
cml2ftuo30af0ijv5kbv044h4,-0.45721909403800964
cml2ftujq0ac1ijv52q85wu3l,-0.4696394205093384
cml2ftvnm0b3mijv5k6jdnv56,-0.4594421982765198
cml2ftw0l0ba8ijv5pmxhj4va,0.4426943361759186
cml2ftv1k0ap0ijv5h2h9946s,-0.44917580485343933
cml2ftwmy0breijv55vafbf8k,-0.4229915142059326
cml2ftvwa0b7xijv5z8ok9r1e,-0.4546647369861603
cml2ftxhm0ccbijv5dhotz1u6,0.4149487018585205
cml2ftwvu0bx5ijv5rf3xs4c3,0.4341496229171753
cml2ftv5z0arvijv54as5jt3x,-0.4716216027736664
cml2ftx020bzxijv5jhtmvuvm,-0.5074718594551086
cml446hu10xwk7zv5qd01ipy1,-0.7953144907951355
cml446hgk0xn67zv5ta9vxe0y,0.5506856441497803
cml2ftt8w095eijv5tw6300lv,-0.5283534526824951
cml2ftslz08kjijv5t0mqy6bh,-0.5133265256881714
cml2ftts209oxijv54sajggzf,-0.5150924324989319
cml2ftruc07tiijv5f2ku056r,-0.5392753481864929
cml2ftrbe078eijv51ihovd5n,-0.6357420682907104
cml2ftt49090rijv55chro68c,-0.5448047518730164
cml2ftshg08geijv5rof9i63k,-0.4981161057949066
cml2ftrgb07fhijv52pdv7xhb,-0.5828118324279785
cml2fttn909jrijv5illqnh5c,-0.5762218832969666
cml2ftscy08btijv5t72poek6,-0.4963415563106537
cml2ftrl007kuijv5t11azz4g,-0.4988054633140564
cml2ftszu08wyijv57dx7f3qy,-0.517172634601593
cml2ftsqh08onijv5i7fvv83e,-0.5356006026268005
cml2fts8c086xijv59wgwrjre,-0.49489128589630127
cml2ftu1k09ylijv5rkgcoiag,-0.49584150314331055
cml2fttws09ttijv5evwxbl67,-0.4922052025794983
cml2fttdm09adijv5b86cx4m8,-0.5295835137367249
cml2ftryz07x6ijv53suk3ce0,-0.5185143351554871
cml446i7m0y5y7zv54r3a8m7c,-0.44028034806251526
cml2ftpdu04bxijv5alglmagt,0.4654756188392639
cml2ftptb050tijv50eg3qfka,-0.5068274736404419
cml2ftqda05vtijv5clsu49iz,-0.4518222510814667
cml2ftpy0058nijv5ofmmkjcx,-0.4891684055328369
cml2ftqi2063fijv5p14eoics,-0.5004682540893555
cml2ftr1j06tnijv5rhcx68nz,-0.5083504319190979
cml2ftpod04tlijv5p7bpq48d,-0.5334099531173706
cml2ftqrq06f9ijv5hha06mkg,-0.5359089970588684
cml2ftr6f0710ijv5hnt1lfex,-0.4159452021121979
cml2ftpji04ntijv588531o4k,-0.6316351890563965
cml2ftqws06mhijv5u5jy9r30,-0.5309215188026428
cml2ftq2x05giijv5ivupx1pu,-0.5399571657180786
cml2ftq8705o6ijv51q0exbsd,-0.5289797782897949
cml2ftp8r045nijv57o584ire,-0.5055755376815796
cml446joz0z7i7zv57c4toq4u,-0.701623797416687
cml446k2e0zgw7zv5rfo2lqgo,0.5839133858680725
cml446ikx0yfc7zv5vbd9p4a2,0.48064276576042175
cml446jbn0yy47zv5380ltvgj,-0.72071373462677
cml446iyc0yoq7zv5zuw1p89z,-0.6203416585922241
cml2ftozb03wmijv5tcv9ybmc,-0.6018053889274597
cml2ftogq03ecijv5qxmyot8o,-0.4478728473186493
cml2ftopz03n0ijv58cim2qfw,0.48271769285202026
cml2fto6y0369ijv57y0y7yty,0.5006714463233948
cml2ftobq03a8ijv5p4rn8m9l,0.6307722330093384
cml2ftnt60225ijv54epcswbh,0.46648985147476196
cml2ftoul03rpijv5u402x2aw,0.6865599155426025
cml2ftnex01peijv5ww0cifr4,0.4902593493461609
cml2ftnai01lqijv54ypwpct9,0.4846004843711853
cml2fto2h02a9ijv5vx1g0l5s,0.47835344076156616
cml2fto7c02e6ijv5oy1v7eac,0.48905906081199646
cml2ftn5z01i3ijv5afii9s2m,0.4900491237640381
cml2ftmwf0180ijv52z0u9gfy,0.4900721311569214
cml2ftnxk0267ijv5y76yakbe,0.4820561408996582
cml2ftola03imijv5296gytmn,0.4976552426815033
cml2ftnxs02xeijv55ymhnlzb,0.5015767216682434
cml2ftnji01t5ijv5tojfck39,0.5047237277030945
cml2ftoc102inijv580v739u4,0.48905906081199646
cml2ftnsy02stijv5d947gr4r,0.4867153465747833
cml2ftnoi01xoijv57zab4tjn,0.5302003622055054
cml2fto2e0321ijv5z19lzlc3,0.47225260734558105
cml446kfq0zqa7zv5pfcxjxvn,0.45466023683547974
cml2ftms8017bijv5wr9v0hvq,0.42067772150039673
cml2ftlbg00q0ijv5gynz3ol3,-0.5873515009880066
cml2ftlki00t4ijv53cn3l9w7,-0.540859580039978
cml2gc18viyflijv53ggv19fz,0.4346679151058197
cml2gc0n3iy2lijv5l70epkgz,-0.4508941173553467
cml2ftky000loijv5n5v8jdmb,-0.5005039572715759
cml2gc1qniypzijv5d0hislwf,-0.5761664509773254
cml2gc10eiyacijv51h8850ra,-0.4561082422733307
cml2ftmo2016rijv5aj5usfui,0.44756487011909485
cml2gc1ddiyihijv5frxhv589,-0.4638775587081909
cml2ftlfy00rjijv5unwx2sfs,-0.5356813669204712
cml2gc1m3iyonijv5xng1inlv,-0.6468256115913391
cml2ftmbf0153ijv5zzg2cbtk,-0.5132642984390259
cml2ftl2o00n1ijv51l1d7tzd,-0.5035123825073242
cml2ftm2r012dijv5ks10huaj,-0.5796099305152893
cml2gc14piycyijv5ji1jb9bm,-0.4452682435512543
cml2ftmfp015nijv58h3jlic7,-0.5110973715782166
cml2ftkfx00gmijv5g9wvo8b8,-0.5743865370750427
cml2gc0riiy56ijv5lp37vj0p,-0.45670440793037415
cml2gc0w2iy7rijv5fhyh7hlp,0.5403223633766174
cml2gc0dyixttijv5j5neeyi1,-0.44377031922340393
cml2gc1hqiylhijv5ax0ljg5a,0.6065094470977783
cml2ftl7300ojijv5b1ne1cxs,-0.5828470587730408
cml2ftkkf00hsijv56156g8tp,-0.5659075379371643
cml2ftmjw0168ijv5py0s3puq,-0.5178177952766418
cml2ftktj00k8ijv5pdfz8nhn,-0.49314606189727783
cml2ftltx00zgijv5rnmxhrx1,-0.5388308167457581
cml2ftm74013wijv5ig64jfl8,-0.5032992959022522
cml2ftly9010rijv5ii6cvmqq,-0.5115054845809937
cml2ftkp100itijv55ilisdnb,-0.561737060546875
cml446l6n10927zv5lwx1ho5z,0.5429458618164062
cml446kt40zzo7zv5cx46jl11,0.5394460558891296
cml2gbze6iw9yijv5qt9dvn4b,0.47882547974586487
cml2gbyl0itxaijv57vrjl79v,0.4852772355079651
cml2gbz3viujeijv5dienji2p,0.48099440336227417
cml2gbzmdiv79ijv5nb8qb5go,0.48581138253211975
cml2gbz4hivxqijv56bls9m1c,0.48920461535453796
cml2gbzj3iwg4ijv5ogx2iiz1,0.48375043272972107
cml2gbzhmiv1iijv5mtigkbsa,0.4869445860385895
cml2gbxspiszaijv5zy5wtalz,0.47798261046409607
cml2gbz8fiup4ijv5cqbwaym7,0.47446298599243164
cml2gbz91iw2wijv5rvypo0jz,0.46414512395858765
cml2gbxjeisppijv5yt49k5oe,0.49019894003868103
cml2gbzy3ix1sijv55vg6kfxx,0.4859069287776947
cml2gbyuqivnjijv5b5jons72,0.4770355820655823
cml2gbyuciu83ijv5tvynhdbj,0.48623907566070557
cml2gc089ixh4ijv5ehkj6j2r,0.6538408398628235
cml2gbybnitmoijv56rgjswzc,0.48374152183532715
cml2gbypqivihijv5quau98kw,0.48722773790359497
cml2gbxntisteijv5nqwj9tul,0.4716339111328125
cml2gbzr0ivcwijv5zyrfhy2v,0.4790500998497009
cml2gby6with1ijv514d01fu9,0.48811444640159607
cml2gbxekisksijv5pv9el28c,-0.5110500454902649
cml2gbzcziuvpijv5sntujzir,0.48622339963912964
cml2gbzo3iwmnijv5npsdgmjg,0.46244943141937256
cml2gbygdits2ijv5ny7e3lrt,0.49078264832496643
cml2gbyz6iudrijv54ofkbr7a,0.48805105686187744
cml2gby1zitb1ijv5j2tewq20,0.4790337383747101
cml2gbxx6it50ijv5a6eewvpe,0.4859669506549835
cml446lju10ig7zv5jgezh176,-0.5527979135513306
cml2gbwvriry7ijv582046t2i,0.5421907901763916
cml2gbx56is9lijv5yhodc6kl,0.6181936264038086
cml2gbw7tir5zijv5llyhe233,0.4327716827392578
cml2gbvfiiq84ijv5ejtoppp4,0.4042870104312897
cml2gbwhhirhcijv53o8hawdi,0.5370103120803833
cml2gbvk1iqcqijv5h2j44vqr,0.43219488859176636
cml2gbv62ipxeijv5d9f0mt4q,-0.5331301689147949
cml2gbwm9irn2ijv597lylzm9,0.4366222620010376
cml2gbvaqiq2iijv5drt2o1vw,0.4191223382949829
cml2gbw31ir05ijv5yr1tp8iu,-0.44802361726760864
cml2gbvosiqisijv5o2cbvxou,0.549933671951294
cml2gbx0bis3vijv5yzyig165,0.5347503423690796
cml2gbwr0irsiijv5jhoyk6wk,0.4427856206893921
cml2gbvy9iqu7ijv5o1urf602,0.4231729507446289
cml2gbwcqirbwijv5mopf9qlz,-0.4453963339328766
cml446q0w13n47zv5k7c1cgo3,-0.48465731739997864
cml446pne13dq7zv5m32axe1n,-0.45228004455566406
cml446n0y11k07zv5utqmbmpq,-0.6042526960372925
cml446oj412lk7zv57xl0ftxt,-0.4548526406288147
cml446o5o12c67zv5mljz0hfa,0.529788613319397
cml446nsb122s7zv585vnaaf6,-0.4902014136314392
cml446maj11187zv5um4afk78,0.5566705465316772
cml446p9u134c7zv5qt4jh304,-0.45171573758125305
cml446owf12uy7zv54aeftajx,-0.4419400990009308
cml446nen11te7zv57fu6lf04,0.5229820609092712
cml446mnr11am7zv5y1n33fw8,0.5112452507019043
cml446lx510ru7zv51q2zwohm,0.6116090416908264
cml2gbunziphsijv5b405b9nc,0.4642356336116791
cml2gbsjeinlaijv5257t9zxu,0.4650120437145233
cml2gbv1lipthijv5ejww8i9r,0.5638880729675293
cml2gbtn2iokwijv57k92h1ut,-0.414068341255188
cml2gbsetinhoijv5mav7y1m7,0.47037237882614136
cml2gbswqinvvijv5fnwckadv,0.476046621799469
cml2gbu0qiowfijv5c4hksoir,-0.41190457344055176
cml2gbtrqiop0ijv5hkzgw8u7,0.4079962372779846
cml2gbtigiogmijv5pgxc2ru9,-0.416486918926239
cml2gbtwaioskijv5l3cta41j,-0.42580893635749817
cml2gbsseins7ijv5qsaw9qt8,0.4549749493598938
cml2gbt5gio3uijv5hdj9ol0v,0.6125248670578003
cml2gbu5hip0nijv56uj3if46,0.4928472936153412
cml2gbua3ip4vijv59an1m4zc,-0.44219639897346497
cml2gbux0ippmijv5zda0eap9,-0.4527086615562439
cml2gbsaginedijv5pr2xqa5y,0.4665639102458954
cml2gbs64inbhijv5yirzpqqi,0.46585404872894287
cml2gbt9vio82ijv5dlyhl9c7,0.6029341816902161
cml2gbte6iocrijv5rmzyzy4x,-0.40558895468711853
cml2gbujdipe3ijv51stlowfr,-0.446269690990448
cml2gbushiplpijv5xu961ndl,-0.39413076639175415
cml2gbs1pin8kijv56gzppzo7,0.4683105945587158
cml2gbsnyinoxijv5lppxq8j3,0.45480799674987793
cml2gborcikxmijv57wdk2jxd,0.44378069043159485
cml2gbpqfilq0ijv59v2nkwss,0.44110557436943054
cml2gbmnjij2fijv5cit2x9c8,-0.5363068580627441
cml2gbnepijooijv5tb7b19gr,-0.5975868701934814
cml2gbn5qijgzijv5gnaunuik,0.44509437680244446
cml2gbo9likhaijv51niy3srg,-0.5471819639205933
cml2gbmwuij9fijv5ow2owwj5,-0.5478359460830688
cml2gbrg7imxgijv5kkzckah9,0.5781909823417664
cml2gbo0zik9uijv5shmkbj6i,-0.6139153838157654
cml2gbphoilk0ijv54hyj1qhd,0.4405028223991394
cml2gboijikowijv5qu3uzdgx,-0.5811933875083923
cml2gbms8ij5sijv554si6y34,-0.5182921886444092
cml2gbnwsik62ijv5ietrjru9,0.43429654836654663
cml2gbq80im1qijv5ugah0lba,0.4327845871448517
cml2gbqgwim9zijv565js12af,0.4273969829082489
cml2gbqlcimd2ijv5082hxrpx,0.4283379316329956
cml2gbq3rilyxijv5eh8z6dht,0.444031298160553
cml2gbr7kimt1ijv5iq166bon,-0.5917335152626038
cml2gbomviksvijv5d9ootmxi,0.4873497486114502
cml2gbna5ijktijv56ox8mya1,-0.5709770917892456
cml2gbmiviiz9ijv55jhyu6ka,-0.5412963032722473
cml2gbnnpijxfijv5mrrqkjab,-0.540531575679779
cml2gbp8vilekijv5gztezspn,0.5565488934516907
cml2gbo57ikdhijv5wph3wqxl,0.4483468532562256
cml2gbquiimlbijv5lmfo5mq6,0.4802852272987366
cml2gbpzgilw4ijv5gfhxpu97,0.4308243989944458
cml2gbqypimnyijv5z0clsv6t,0.46784913539886475
cml2gbrbtimv8ijv57r91ce8c,-0.6081947088241577
cml2gbp4pilccijv5aljzq7xl,0.4546263813972473
cml2gbrkgimzvijv5cl2mx058,-0.4877665340900421
cml2gbr36imr1ijv5tj6rqi9a,-0.6249788999557495
cml2gbrxein6yijv59qpyt31v,0.5624927878379822
cml2gbqpyimglijv55gfhe0uo,0.6353968977928162
cml2gbpm3iln2ijv59hdpfwtu,0.4318343997001648
cml2gbpd9ilh8ijv56y2lamey,0.42845985293388367
cml2gbnsaik1xijv5d8t8bhe1,-0.5629581809043884
cml2gbn1bijd3ijv518wg2nhb,-0.5264440178871155
cml2gbpuxilt0ijv5989scjul,0.4217836260795593
cml2gbrt9in5gijv5e7ece12w,-0.4523630738258362
cml2gboe0ikkuijv5ovdpcz24,-0.5242980718612671
cml446qrw145w7zv5fjp4qjyd,0.5541533827781677
cml446qeg13wi7zv5k6f2ap24,0.43040892481803894
cml446r5f14fa7zv5mqieqcwl,-0.464205265045166
cml2gbk87igp8ijv5t93k5r1y,0.5010578036308289
cml2gblpdii55ijv5mhgwbab6,0.5162728428840637
cml2gbl5zihl4ijv5stia6x9v,0.5300148725509644
cml2gbjyaigfzijv5hwjy1dg5,0.5316294431686401
cml2gbjfaifxoijv5umgtcw87,0.5330755114555359
cml2gblfjihv0ijv5j7c4tm9h,0.5335702300071716
cml2gbmdziiu8ijv5ka97hec9,0.6698156595230103
cml2gblu9iia9ijv5ggyah9ig,0.6405964493751526
cml2gbhbgid65ijv5vqytal0o,-0.5436342358589172
cml2gbj0rifh1ijv58eummocd,0.4654043912887573
cml2gbjk1ig27ijv5vkdxrza8,0.529604971408844
cml2gbjajifs3ijv5mxmhgedo,0.49245989322662354
cml2gbhysie2xijv5tjccpes8,-0.5811120271682739
cml2gbhkuidk9ijv5sfgm049n,-0.5798306465148926
cml2gbiczieosijv58e95d75g,0.5185921788215637
cml2gbm8viip3ijv5rfo95ixo,0.5338025689125061
cml2gblaoihpyijv5iuei4zkk,0.532958984375
cml2gbhtzidw0ijv5wc26xyqa,-0.605864405632019
cml2gbkhvigzbijv5umuwt1hj,0.5302688479423523
cml2gbh6viczgijv5uy3jqa15,-0.49863308668136597
cml2gbiqyif6bijv5v2301tbc,0.5241321921348572
cml2gbh22icsrijv5b2mfn47s,-0.5674156546592712
cml2gbjomig6rijv5tnglq2dq,0.4826376438140869
cml2gbi3kieahijv54t3p73ra,0.45307257771492004
cml2gbjtfigbbijv5fet4tpeb,0.4821644723415375
cml2gblz8iifbijv5uyn4io2p,0.5327767133712769
cml2gbkwiihc7ijv5hb9akohq,0.5281334519386292
cml2gbl16ihghijv5rbyq72pl,0.5351063013076782
cml2gbihnieuzijv59fxp3e7t,0.5175186991691589
cml2gbi8biei9ijv569krme9f,-0.4541994631290436
cml2gbhfzidcvijv505kflilo,-0.445093035697937
cml2gbkrfih83ijv5tp1tgpdp,0.5357282161712646
cml2gbkd3igu8ijv5lm0o0fn6,0.48931819200515747
cml2gbk37igkiijv5u71m1g40,0.48204129934310913
cml2gbivoifbbijv5qbddxu9u,0.5222877860069275
cml2gblkjii01ijv5xo1yyzg8,0.532493531703949
cml2gbimdif0xijv5oqw4ybiv,0.4829291105270386
cml446s9a157e7zv52a1dhnmk,-0.581417441368103
cml446t0615q47zv5yl0hqfdx,-0.6473242044448853
cml446tdi15zh7zv5qbq83d6g,-0.759182870388031
cml446rit14oo7zv5c6dnvhgh,0.5410301089286804
cml446rw114y17zv5pl5vf4w7,-0.478394478559494
cml446smn15gr7zv5tkpguhyg,-0.5159938335418701
cml2gbgoric5vijv56x279ewr,0.42421332001686096
cml2gbguaicenijv5gymbl59e,0.6130595803260803
cml2gbgk5ic0tijv5xp6by098,-0.5570568442344666
cml446u4a16i77zv53mkgrmls,0.41562747955322266
cml446tqt168u7zv5w1ybrfh1,0.42931777238845825
cml446uv6170x7zv5z8twb8gx,0.4252714216709137
cml446v8c17aa7zv5a4bsjq8w,0.4183899164199829
cml446uhv16rk7zv5gu64ex3c,-0.5353915691375732
cml446vlm17jn7zv584e3lqo9,0.44824281334877014
cml2gbgfjiby1ijv5xlb9c98u,0.540706992149353
cml2gbfxbibgdijv5x1b31zzv,0.6527078747749329
cml2gbg1kibjdijv5d3w3gk33,-0.47914421558380127
cml2gbgasibt1ijv5g2kpdxp1,0.7201067805290222
cml446wbu182d7zv5dgz4gfdl,0.6448119878768921
cml446woz18bq7zv5ooo2to3k,-0.5728999972343445
cml446x2118l37zv5lax8vrjd,0.6441677808761597
cml446vys17t07zv5rcb2czdn,0.6692863702774048
cml2gbbyti9r9ijv5w9bw4zus,0.5447569489479065
cml2gbc2vi9sbijv5pg21jlax,0.4448085129261017
cml2gbd4aia8qijv52uw9pr89,0.6467288732528687
cml2gbfc0ib7eijv5xbzsfx15,0.4316737949848175
cml2gbeiwiaudijv5uv9wgbc0,0.6439133286476135
cml2gbfg7ib8nijv5als61v5n,0.564604640007019
cml2gbe61iapgijv5f00ovw56,0.42394331097602844
cml2gbcfli9zzijv5nruaegfy,0.5337904691696167
cml2gbcnuia30ijv5iz04ypui,0.5427190661430359
cml2gbeepiasoijv5suheivym,0.4401596188545227
cml2gbcjpia1hijv57mytx6tp,0.5273783802986145
cml2gbe1uianyijv5851y2x7f,0.6465498208999634
cml2gbdcjiaboijv5qgu171m7,0.6446080207824707
cml2gbezpib2gijv58kwdxoxs,0.5069665908813477
cml2gber5iaxfijv5kkl6joyr,0.53626549243927
cml2gbeahiar1ijv5a5kbirhv,0.6405347585678101
cml2gbdthial0ijv5jgbr8w63,0.6456573605537415
cml2gbd8iiaa7ijv5xk7yd999,0.6462461948394775
cml2gbcw1ia5xijv5rvx2hdxk,0.6484367251396179
cml2gbcrxia4hijv5eu7oe81m,0.6426463723182678
cml2gbf3vib42ijv532nf4s9l,0.5283834934234619
cml2gbemziavwijv5d2phi1em,0.43051406741142273
cml2gbdxmiamgijv54qfgdesw,0.5578165650367737
cml2gbc70i9tjijv5e9a944uv,0.5424736142158508
cml2gbforibc8ijv5nk6a1sbd,0.5406492352485657
cml2gbdgmiad1ijv5h0tr67sd,0.41825294494628906
cml2gbft4ibe7ijv508pnz7xb,0.6421952247619629
cml2gbdpfiajlijv5ob8cri7w,0.6442239880561829
cml2gbbuqi9qdijv5d8z9u6gz,0.5302274227142334
cml2gbd04ia7cijv5qzyffl0q,0.647091805934906
cml2gbf82ib5lijv5x7a0o428,0.4835335612297058
cml2gbfkeibaaijv5ntsykd7z,0.5601755380630493
cml446xf418ug7zv5778uizt0,0.60410475730896
cml446x7m19d67zv5bacvprj4,0.44865915179252625
cml446wu5193t7zv5o90uxlgd,0.5770920515060425
cml2gbbcri9bjijv5kgzp9exf,-0.6307949423789978
cml2gbbsyi8mrijv58onhhuiv,-0.6362882256507874
cml2gbbomi8jqijv558dd6tbi,-0.6238793134689331
cml2gbbkfi8gqijv5kbpjrvi1,-0.6204490065574646
cml2gbbg9i8dqijv5ixjxk9b4,-0.6030350923538208
cml2gbblhi9i7ijv5f8jbax30,-0.5595366954803467
cml2gbb8ai98iijv5a1yle9xd,-0.5226924419403076
cml2gbb3ui957ijv5h63s9w8c,-0.5777475237846375
cml2gbbq4i9llijv5y52edl63,-0.47907334566116333
cml2gbbc3i8bbijv5gauyh4l5,-0.6205817461013794
cml2gbakli75hijv5wt5n6007,0.5622464418411255
cml2gbb30i7yaijv5tc3xw199,-0.6299132704734802
cml2gbatgi7h6ijv5yhv5u16a,0.4570523798465729
cml2gbb7ri868ijv56z7ecfbv,-0.6876332759857178
cml2gbaysi7uwijv569lwojuh,-0.5771121978759766
cml446xl119mj7zv5b8xouep6,-0.4418180584907532
cml2gb60ni2n2ijv5f0j9t7sw,-0.4338296949863434
cml2gb65mi2r3ijv5aoa41372,-0.406716525554657
cml2gb8pdi556ijv5mgxds0em,-0.478927344083786
cml2gb77hi3rxijv5cooayb85,-0.42454326152801514
cml2gb9l5i61jijv5848yj4l3,-0.48269322514533997
cml2gb7kyi447ijv5ho2cjllf,-0.421491414308548
cml2gb97qi5n7ijv5ha5p9vya,0.4097578525543213
cml2gb5imi29gijv5ygregov6,-0.4002826511859894
cml2gb83ei4m3ijv50nlb1jmw,0.47234833240509033
cml2gb5vxi2j1ijv50cd27ktp,-0.40745848417282104
cml2gb6bei2vpijv57sk753xx,0.42874154448509216
cml2gb9gqi5wtijv5lsicjogg,-0.40401360392570496
cml2gb5rai2faijv5xxs5fkcw,0.4053173363208771
cml2gb6ymi3iyijv5vhcnplg5,0.47683584690093994
cml2gb9phi668ijv5trkcr6dv,-0.40246787667274475
cml2gb8tvi59nijv5lvvdbrj6,-0.45477861166000366
cml2gb731i3nmijv51kabwhd0,-0.4294220209121704
cml2gba33i6l9ijv5z45hffht,-0.4496416449546814
cml2gba7gi6qaijv5i7zed7mi,0.4330081045627594
cml2gb9txi6b9ijv5dfeeuabi,0.4830290973186493
cml2gb92ui5icijv5h0hvrqne,-0.4123215675354004
cml2gb87qi4qhijv5iu7neorl,-0.3750602602958679
cml2gb7c0i3w4ijv51to3ywxf,0.48009029030799866
cml2gb6g9i30dijv5y2dbmwql,0.4910120964050293
cml2gb7ghi3zvijv5uv12a5xj,-0.4171586334705353
cml2gb7pci48hijv59mwlbjv5,0.4845364987850189
cml2gb8kxi51jijv5ttbxwau9,-0.47056663036346436
cml2gb9yoi6gbijv5s375opn0,0.4792952239513397
cml2gb8c6i4uiijv5of5jb0md,-0.4166613221168518
cml2gb7u2i4ctijv5ts70aroq,-0.428955078125
cml2gb5edi271ijv59cq6mevg,-0.44250139594078064
cml2gb8gli4y5ijv5pv9190vp,-0.4180893898010254
cml2gb59zi24uijv5s5obxtmn,-0.41762083768844604
cml2gb8ybi5e4ijv5o3rz0cj2,-0.39586180448532104
cml2gb6u4i3eaijv5yrlcs3ka,-0.4176061153411865
cml2gbabui6vfijv57icoro89,-0.4737955927848816
cml2gb6pki39rijv5wkkb5kh9,-0.4268140196800232
cml2gb5n2i2c8ijv5zfcygm0j,-0.4046241044998169
cml2gbag4i704ijv5bk2jfszt,0.507976233959198
cml446ybi1a597zv546tu0xhw,0.5109543800354004
cml446yoy1aem7zv5zlifrorb,-0.4801493287086487
cml446xy819vw7zv5o2w4r5vu,0.6136857867240906
cml2gb3lsi135ijv55w2mynod,-0.5818980932235718
cml2gb4wui1wbijv5lefpi73h,-0.3926774859428406
cml2gb46yi1glijv5no3ugic1,0.5186523795127869
cml2gb511i1y4ijv5tn59h39u,-0.462412565946579
cml2gb42li1dyijv5zrx8r6m8,0.5436572432518005
cml2gb4oci1s2ijv54sctfesj,-0.4254305958747864
cml2gb4k3i1pwijv5noojndly,-0.4158596098423004
cml2gb4fti1noijv51epfyq7n,-0.5103675723075867
cml2gb4spi1u7ijv5yp9r36g0,-0.4119424819946289
cml2gb3y1i1bdijv5r9kxwy0v,0.6739503145217896
cml2gb4b9i1j8ijv5nwly05fj,-0.44581565260887146
cml2gb3g1i0w7ijv509bnobk1,0.6394820809364319
cml2gay7ghtoqijv5d3uvezoo,0.46703603863716125
cml2gb30vi0ccijv5fjlfp8ns,0.5046479105949402
cml2gb0zihxizijv5cinrzuqx,0.4956469237804413
cml2gb2w7i05wijv5j7nj4xan,0.5121580362319946
cml2gaxjyhsu9ijv5ag3e3xg9,0.4521843194961548
cml2gb1vohyrtijv5p5tve9sm,0.5115438103675842
cml2gb1m9hyf7ijv5a3b020lz,0.500758171081543
cml2gb1qvhylkijv5gdj2zbwd,0.49319419264793396
cml2gaxa4hseiijv541otq488,-0.5617631673812866
cml2gaygyhu3hijv5xok709n2,0.4641440808773041
cml2gb18qhxvwijv5lvyla3mj,0.48903703689575195
cml2gaz3rhuxpijv5k4togmyv,0.4827730655670166
cml2gb2n0hzt3ijv5bojvdgsw,0.4965266287326813
cml2gb144hxpfijv589s3b3zo,0.5059019923210144
cml2gazqhhvqwijv5xrt32mg4,0.421716570854187
cml2gb03whwahijv533rpojw2,0.4399030804634094
cml2gazcthv9fijv57158gmv8,0.4740472733974457
cml2gb2rlhzzfijv5gf7rl3xp,0.5131998658180237
cml2gb0hjhwujijv5tmtqoave,0.42146962881088257
cml2gayuqhumaijv5v609lin0,0.5074543356895447
cml2gb20bhyy9ijv50cd55ii9,0.5144398212432861
cml2gb1d7hy2dijv5py61bd2v,0.49170273542404175
cml2gb0czhwo1ijv5ma1e1bxt,0.4417659044265747
cml2gaxoqht1pijv5yabwuk4y,0.4651969373226166
cml2gb0qohx7gijv5kzns1711,0.42890048027038574
cml2gaxtpht9aijv5h9d5rtjr,0.48246681690216064
cml2gazzchw3nijv5t2r6j632,0.42323920130729675
cml2gaxf2hsmqijv5mkz6mk2q,0.4480748772621155
cml2gb3a2i0pfijv5pmcqvjvi,0.4713798463344574
cml2gazlthvj1ijv5j00ah4nk,0.6498896479606628
cml2gaylqhub5ijv5o5myeb1t,0.4777957797050476
cml2gayc4htvyijv5ze3gjkyx,0.48232606053352356
cml2gb0m2hx13ijv5fj644wbv,0.4350155293941498
cml2gb2dwhzg7ijv52485yipv,0.5026423931121826
cml446z2f1anz7zv5te26mzw0,0.4899074137210846
cml2gax5jhsb3ijv543rtotop,-0.5799396634101868
cml2gax13hs7iijv5caujaiic,-0.5827124118804932
cml2gawwhhs35ijv5wbizh5w2,-0.41107356548309326
cml4470691bg27zv5v4iki61u,-0.5158035755157471
cml446zsv1b6p7zv5e5tgagnz,-0.593110203742981
cml446zfs1axc7zv5op6na4vb,0.4848964214324951
cml2gavu1hrk2ijv591l4akrd,0.6790686845779419
cml2gawajhrqeijv54gv13e0a,-0.5725752115249634
cml2gaws9hs0zijv51kfsnnab,-0.4938342273235321
cml2gaw09hrmlijv58bnqlxuy,-0.558708906173706
cml2gawnqhrysijv5cugkx9eu,-0.5713112950325012
cml2gaw5phroeijv5sbuus1nq,-0.5748986601829529
cml2gawethrsgijv5dxsebgaj,-0.5788134932518005
cml2gavolhrhlijv55w2k0q28,0.6746601462364197
cml4470jk1bpf7zv5yph8pmh3,0.6106951236724854
cml4470wt1bys7zv5xtuq0wod,0.4935671389102936
cml2gasaihp4kijv56m74km7t,-0.458354115486145
cml2gatfghpwfijv50pwgk1dz,-0.4637242257595062
cml2gatv4hq94ijv56o9874uy,-0.45004913210868835
cml2gav4khr6pijv5n2ecejo2,-0.4289384186267853
cml2gauihhqq4ijv5mlcfath7,-0.44390323758125305
cml2gat6vhpr1ijv512lrqe2o,-0.44580578804016113
cml2gas05hovzijv5xwxcfe1z,-0.4559527039527893
cml2gauvkhqxuijv5agc3b92v,0.4969601631164551
cml2gavemhrc0ijv55z19e21r,0.5675094723701477
cml2gatzuhqcrijv5d8g9t5td,-0.4477616250514984
cml2gasjvhpbuijv5peoocuxo,-0.456533819437027
cml2gav9uhr9bijv5mli2wlte,0.4997728168964386
cml2gau9whqklijv5g77ova2u,0.4346421957015991
cml2gau57hqgeijv5g0f1obwz,0.46719080209732056
cml2gast2hpinijv54i08co69,-0.4191436171531677
cml2gat2ohpnzijv530tn1hmi,-0.4463299810886383
cml2gasf7hp88ijv52u90dcxy,-0.45505571365356445
cml2gaso8hpfcijv585yhq33f,-0.4517492651939392
cml2gatb4hptjijv5p88hl27y,-0.5162065625190735
cml2gaue6hqnpijv5ssk35k90,-0.44478756189346313
cml2gaur8hqv5ijv51nd2eezo,-0.42505568265914917
cml2gaumrhqslijv523sie9lt,0.5019218921661377
cml2gavixhresijv5i6ed5zpw,-0.6017741560935974
cml2gatqchq5nijv528br4439,-0.44195908308029175
cml2gasxyhplbijv5za2oq7zd,-0.44459038972854614
cml4471ac1c857zv52d0s1n4y,-0.5215088725090027
cml2garqihomaijv55kdby1ns,0.49116259813308716
cml2garlzhohqijv5hllb4pmr,-0.497610479593277
cml2gardeho9eijv5i57rnhw4,-0.4384673237800598
cml2garvbhos6ijv59uexln13,0.6831122636795044
cml2garhphoddijv55zlzcams,-0.6331418752670288
cml2ganpfhkxwijv5jcgkty8z,0.5923891067504883
cml2gar96ho5dijv5jsxw7r27,-0.5375775098800659
cml2gapmthmwkijv5h99f741y,-0.5959405303001404
cml2gaqwvhnwcijv5san795xm,-0.5410528182983398
cml2ganq8hlojijv5hscminwz,-0.5446695685386658
cml2gape5hmp3ijv5rtxv2k0w,-0.5382033586502075
cml2gaojzhm8eijv5okxa29kc,-0.5347486138343811
cml2ganufhlr5ijv5mbrmxrvk,-0.6147835850715637
cml2gap18hmhyijv5qu7y4q79,-0.628558337688446
cml2gaox2hmfjijv5kzjc9rqb,-0.6249725818634033
cml2gap5ihmkbijv5pj2amrte,-0.6085297465324402
cml2gantthl0vijv5yjerpvaa,-0.6271281242370605
cml2gap9uhmmhijv5m7rcuu03,-0.6210415363311768
cml2gaobjhm3nijv5rtiurwla,-0.6157792806625366
cml2ganylhltlijv5tv8m3fv7,-0.6335674524307251
cml2gao2shlw3ijv59l15w76s,-0.6164504885673523
cml2gaqo5hnn0ijv508u6p78c,-0.5913324356079102
cml2gapqwhmz4ijv556aw9gq9,-0.6199313402175903
cml2gaoo7hmasijv5dmkg7cf1,-0.6032317280769348
cml2gaofshm5yijv5oi6yjaw2,-0.6036129593849182
cml2ganlzhlm1ijv50x23408q,-0.6064270734786987
cml2gao6shla5ijv5i3n1hj8d,-0.6206209659576416
cml2gan95hlekijv5dp8xrgsp,-0.5997334122657776
cml2gany7hl33ijv57s3irnmb,-0.616674542427063
cml2gan8hhkpuijv5initpnxl,0.557460606098175
cml2gapz5hn4wijv5gxslngqz,-0.5772972106933594
cml2gangvhkthijv5gyvs45mc,0.4480811655521393
cml2gaq38hn7yijv5wygpg1vw,-0.6377751231193542
cml2gar0xhnzfijv59tcrv9ms,-0.5748624801635742
cml2gandjhlh3ijv573in65k1,-0.6093102097511292
cml2gar51ho2dijv59ta6dbco,-0.5833700895309448
cml2ganhthljjijv5zmy73d65,-0.612084150314331
cml2ganl5hkvkijv5kapmfktq,0.4761173725128174
cml2gapv1hn1uijv5om3nmube,-0.595039427280426
cml2gaoswhmd7ijv565w4iivp,-0.5277717709541321
cml2gaqbjhnefijv5kwpykbt7,-0.6020674109458923
cml2gaoazhlcbijv5hesg55or,-0.636786699295044
cml2gaq7dhnb6ijv5hxate0ag,-0.5869195461273193
cml2gancmhkrdijv5ia8j3kd7,0.4447210729122162
cml44720w1cqv7zv52viddxlp,0.44910818338394165
cml4472e21d087zv5nxqi0339,0.4555324912071228
cml4472rj1d9l7zv5628ozqiz,0.44897469878196716
cml4473521diy7zv5g1r808z2,0.4740005135536194
cml4471ni1chi7zv5u9r39z2e,0.47875723242759705
cml2gamvphkgfijv5du853up8,-0.49876898527145386
cml2galvshjinijv5taso9g0w,0.5977557301521301
cml2galidhj44ijv5pxyyqvia,0.544339656829834
cml2galmthj9wijv5c0ba9ee8,0.4129416048526764
cml2gakqxhi66ijv5up38hqz6,-0.5784649848937988
cml2gammuhk7bijv5goe2s7l3,-0.5699125528335571
cml2galrchjedijv52oae9plt,-0.4150695502758026
cml2gakvdhictijv5tbyw33m0,-0.4445236325263977
cml2gan01hkjvijv55tq36bv1,-0.4756225347518921
cml2gam0ahjn8ijv5hpz8g5o8,-0.44770240783691406
cml2gal4bhimmijv55xit1lxd,0.525489866733551
cml2game0hk0pijv5tefjjolg,-0.6202003359794617
cml2gam4uhjrhijv58vmza418,-0.4425492584705353
cml2gakzphihdijv5n0ig1k9i,0.43961524963378906
cml2gam9khjvvijv5uiemlmd7,0.6419979333877563
cml2gakmohi1pijv5rwlkzj66,-0.6278935670852661
cml2gamighk3pijv5x0vfefks,-0.5698029398918152
cml2gan4chknhijv5do0efsim,0.6708231568336487
cml4473ii1dsb7zv5w30zm3u1,0.4832044541835785
cml4473vs1e1l7zv5u2ps4s8o,0.5393694043159485
cml2gajfbhhaaijv5hsqgpcdd,-0.43146154284477234
cml2gaiy9hgy0ijv5va42r2vz,-0.42363235354423523
cml2gaitxhguwijv52oa56fp7,0.4178660213947296
cml2gakimhhzuijv5y95uryxw,0.6457764506340027
cml2gaiobhgg4ijv58gyz9aly,0.5771165490150452
cml2gajk1hhdvijv5syy7y5qz,-0.41751524806022644
cml2gajaxhh6wijv5tk8e27wx,-0.5088644027709961
cml2gakekhhy0ijv573se1mbf,0.5444008708000183
cml2gajsshhkzijv5u0ha9rpd,0.5526371598243713
cml2gaj6ohh43ijv5jjdytnxr,0.48083263635635376
cml2gaj2khh11ijv501hb9zng,0.3982483744621277
cml2gak60hhulijv57lbgd001,0.6437584161758423
cml2gakachhwdijv5584ud9z4,0.5635172128677368
cml2gak1thht1ijv5vejppk7v,0.560767412185669
cml2gajoghhh6ijv5sx4r620p,-0.42802557349205017
cml4474mx1ek57zv5lub137dl,0.4470345675945282
cml44750k1etf7zv5cjozko9q,0.45255765318870544
cml44749k1eav7zv5vafjoivs,0.43279722332954407
cml2gagiyhdyfijv52hknb9q5,-0.4457436203956604
cml2gaf49hci0ijv5zon8virh,0.5063217282295227
cml2gagnhhe2nijv57e0yh5gf,-0.45495718717575073
cml2gadyyhbecijv53zrbl5c4,-0.4280770719051361
cml2gag0shdhfijv5km4lp3g9,-0.45732417702674866
cml2gadh5hb0jijv561dljih8,-0.4497245252132416
cml2gae8chbnnijv5cc7aqco5,0.4743519127368927
cml2gad3qhaobijv5dqi7j4bi,-0.5145261287689209
cml2gahslhfejijv5ln5hg4am,0.49608975648880005
cml2gaelyhc01ijv5jz6zg627,0.4773728549480438
cml2gaiffhg73ijv5xxf26fa7,-0.4556424021720886
cml2gagwlheccijv5teb1ocp3,0.5012436509132385
cml2gaiaxhg1vijv55qt1pn8o,-0.45653098821640015
cml2gagemhdufijv5c0evavou,-0.46231237053871155
cml2gafmrhd2tijv5yoc4zcyn,-0.44979971647262573
cml2gaheqhewyijv5364w3iwr,-0.45364975929260254
cml2gaev3hc8vijv59x2dq7qo,0.5086529850959778
cml2gah14hehtijv57bb0us6n,0.5027735829353333
cml2gafvzhdbvijv5c9j2bjwb,-0.471274197101593
cml2gahnvhf89ijv57kumd3js,-0.4759071469306946
cml2gaga5hds0ijv541b6gvbq,0.504751443862915
cml2gahj9hf2lijv51qlcfxpd,0.49952206015586853
cml2gafdbhcs5ijv5fk0a6m36,-0.47145646810531616
cml2gaeznhcd5ijv5ggwmw8bc,-0.42880046367645264
cml2gae3lhbiiijv5s4pn3wnj,-0.4059893786907196
cml2gagrxhe7gijv5g1a6ifs0,0.5002363920211792
cml2gag5dhdmoijv5xkxlheii,-0.4366070330142975
cml2gai6ehfvqijv5onru42eq,0.503818154335022
cml2gacuqhahrijv5dxjr2wa9,0.4986978769302368
cml2gaeqjhc49ijv5o23sp8zc,-0.46041256189346313
cml2gai1whfpkijv5bswv28ec,0.4992736279964447
cml2gahaaher6ijv5ytr1yx66,-0.4650964140892029
cml2gaehihbwpijv50ifcqwla,0.4746367931365967
cml2gacqghaeiijv58zvrgnag,-0.44770628213882446
cml2gadlhhb3oijv5q1s7cwtn,0.4007979929447174
cml2gadcrhaxpijv5qu4hj0vb,-0.4369727075099945
cml2gad8chau4ijv52w657mfp,-0.3914299011230469
cml2gafi1hcxhijv5g5ptc6ti,-0.42607322335243225
cml2gadpwhb71ijv5ccr6c1wm,-0.43680116534233093
cml2gadudhbabijv5fa36y5pc,0.4997893273830414
cml2gaf8rhcmxijv5oo1gf7vj,-0.4620010256767273
cml2gahx2hfjgijv5u5e1nw5r,0.5031217932701111
cml4476ve1g3t7zv5183ix6i8,-0.48825696110725403
cml4476i31fuj7zv53ivvpdoc,0.43124210834503174
cml4475dy1f2p7zv5c7axrsmn,-0.5059618353843689
cml44764n1fl97zv5ytubtjm7,-0.45791029930114746
cml4475rg1fbz7zv5xx4xv8xv,-0.49397915601730347
cml44778n1gd37zv5ijqx81wc,-0.4764758050441742
cml2gac8jha0pijv5c8y0fgbf,-0.4770137369632721
cml2gacd2ha4vijv5dhu1f83c,0.5062710642814636
cml2gachjha8lijv555bbm6d8,0.5026861429214478
cml2gabu9h9qeijv50r6lsy8n,0.500495433807373
cml2gaau2h98xijv56d3vcqr9,-0.45129308104515076
cml2ga9i4h8ufijv5giajulm6,0.5278124213218689
cml2gabpah9mqijv5gfkze2mj,-0.44890961050987244
cml2gabz4h9u3ijv50qid0bab,-0.50528484582901
cml2gaclzhabxijv54emyooou,0.5085880160331726
cml2gabfvh9gfijv5wwzu00a0,-0.4683501720428467
cml2gac3hh9x2ijv5cqw4xb8y,0.500670850276947
cml4477lx1gmd7zv5rwibmhqz,-0.43603023886680603
cml4477za1gvn7zv5babuubrb,0.5047858357429504
cml4479uo1i617zv5h08nwquh,-0.4625709652900696
cml4478qa1he77zv5nyvlgqw8,0.43281787633895874
cml447a811ifb7zv5q3n612yr,-0.44080108404159546
cml4479h51hwr7zv506eddxq3,0.4338676929473877
cml4478d01h4x7zv582hm9amo,0.433330774307251
cml44793o1hnh7zv5mprmsz5l,-0.5224721431732178
cml447bc61j757zv5wuc6ph28,0.4432225525379181
cml447ayq1ixv7zv5d6dvnrmr,0.4841064512729645
cml447bpr1jgf7zv5lfe54dwq,0.44329071044921875
cml447ale1iol7zv5qjb2ll1f,-0.4458261728286743
cml2ga86dh8arijv5sh7apgnt,-0.5328578948974609
cml447ctj1k897zv5kjirfcuf,0.44981351494789124
cml447cg01jyz7zv5d6c7lr8z,0.480755478143692
cml447c2t1jpp7zv5e46l4g9r,0.6293893456459045
cml447d7b1khj7zv5ve1y6qfv,-0.5594043135643005
cml447dkj1kqt7zv5sl2jv5y3,0.554206907749176
cml2ga404h5m0ijv59cngrm0w,0.5408886075019836
cml2ga5ckh6hsijv5viqzkado,0.5489516854286194
cml2ga00bh1r4ijv5wz94tokt,0.4245150685310364
cml2ga1bth345ijv5i4kbygs6,0.42784029245376587
cml2ga6oqh7faijv5mrxbsmrm,0.607877790927887
cml2ga2nnh4anijv5kah5q8x9,0.4327965974807739
cml2g9ww4gx2bijv5agta9k2i,-0.49640271067619324
cml2g9ya9gyk3ijv5wfz2e51t,0.4613485336303711
cml2g9zoqh04nijv59imoay9y,-0.568108856678009
cml447dy11l027zv5ug2vxssr,0.41208845376968384
cml447ebb1l9b7zv50pml8pq8,0.4417250454425812
cml2g9d6hgem7ijv5zrojkqsh,-0.48701074719429016
cml2g9pypgq67ijv5s4t00w1v,0.4798344075679779
cml2g9rcfgrlmijv5smh6aj28,0.47836169600486755
cml2g9fx6ggveijv5jfd2kywb,0.504192590713501
cml2g9ekjgftgijv5rn2m6w6v,0.49706748127937317
cml2g9vilgvxrijv5b7nhjmiz,0.42970889806747437
cml2g9sqtgt28ijv5qn7gm6tc,0.49949708580970764
cml2g9lgsgkuzijv5xgt60pqc,0.4936814308166504
cml2g9iqsgixrijv5fs7wdtoo,0.5116385817527771
cml2g9n2jgmy6ijv55347fbya,0.5073038339614868
cml2g9ojzgos5ijv5j0iz0d0l,0.5391976833343506
cml2g9hbmghxsijv52f5nohlp,0.5000157356262207
cml2g9k4ggjufijv58jt4odg4,0.4942249655723572
cml2g9bsbgdetijv5n98bhzcc,0.6239566206932068
cml2g9u4kgujaijv5f2lv5dk0,0.6757096648216248
cml447f1x1lrt7zv5pthb292g,-0.4560772180557251
cml447eoh1lik7zv5cafoebem,-0.540930449962616
cml2g92reg32yijv59zx9pdwx,0.47689706087112427
cml2g970zg7a5ijv52jkkthr4,0.4443371891975403
cml2g8zvog0fhijv5fh9r3z3j,0.4855513274669647
cml2g941xg3mfijv5c883subk,0.4753996729850769
cml2g8x5kfz5oijv5mor5ayt9,0.4663044512271881
cml2g91bbg11uijv5nzuan4em,0.48661091923713684
cml2g95k3g5c3ijv57jl4rkro,0.46877214312553406
cml2g9biegbvjijv5875061rc,0.4875170886516571
cml2g9a4qgapzijv5ibiwxea5,0.45613688230514526
cml2g8yiffzt0ijv5g2iihmn3,0.5060157775878906
cml2g8vspfyjuijv5851zhsdd,0.4427453279495239
cml2g8uc6fxq3ijv5xzq6hioh,-0.44597259163856506
cml2g98frg8reijv5hs8e3nbv,0.44161543250083923
cml447gjc1mst7zv5st7e3wlf,-0.5887896418571472
cml447ff21m127zv5v49bzysj,-0.49547818303108215
cml447hno1nkk7zv5q8gdvcia,-0.46205711364746094
cml447gwt1n227zv5pw15m2gu,-0.5202382206916809
cml447g5u1mjk7zv5cx5b035p,-0.5172876119613647
cml447haa1nbb7zv5vcli7fy8,-0.4404570162296295
cml447fsd1mab7zv5qdpm14on,-0.4296824634075165
cml447ie51o327zv5mngp0gdv,-0.44798743724823
cml447i0z1ntt7zv5jg5nt120,-0.46984580159187317
cml447o401spk7zv54vq9a94m,-0.5174891352653503
cml447ndo1s727zv5f9g8r6jb,0.42456600069999695
cml447n0k1rxt7zv5vbptxc2l,-0.5594924092292786
cml447qpn1uib7zv5ksq45li7,0.43814849853515625
cml447r311urk7zv5xivhp6n6,-0.5690653920173645
cml447l0k1pvt7zv59egjudzl,-0.4287739098072052
cml447le21q527zv5axfgnup5,0.43172475695610046
cml447jvv1p427zv53bd6ee3i,0.4380033612251282
cml447mn01rok7zv5uyuwhs17,-0.5310716032981873
cml447p8j1thb7zv56gnifau5,-0.5316305756568909
cml447rts1va27zv5wcl7g1ks,-0.5414654016494751
cml447ksb1qeb7zv5vd6am455,-0.6234617233276367
cml447jij1out7zv5uo2t26ft,0.45443400740623474
cml447k9q1pdb7zv5097nu7r4,-0.5386294722557068
cml447pz31tzt7zv5i2bpp864,0.43800047039985657
cml447kmy1pmk7zv58s59oqk5,-0.5190916061401367
cml447rgf1v0t7zv5pgigwkup,-0.5427029132843018
cml447ski1vsk7zv5jfbnhdwe,0.45014041662216187
cml447plu1tqk7zv5ue560mv4,-0.6219202876091003
cml447nqs1sgb7zv5tkljo66p,0.43154072761535645
cml447m9q1rfb7zv55uny5bi3,-0.5453582406044006
cml447l5h1qnk7zv5v6i7g8c2,-0.528440535068512
cml447ov21t827zv56v7hktlu,-0.546005129814148
cml447ohi1syt7zv582tedcyr,-0.5696636438369751
cml447j531olk7zv546u0dkyy,0.43853849172592163
cml447qcg1u927zv5jicy3yfn,0.4248622953891754
cml447s6z1vjb7zv5d18k9jh4,0.43672850728034973
cml447lwb1r627zv55v3ktdgl,-0.5771718621253967
cml447liz1qwt7zv5apnm31jz,-0.5486387610435486
cml447irc1ocb7zv59mzx2xz7,0.5295567512512207
cml447u241wtk7zv53duxila3,-0.4430948495864868
cml447sxp1w1t7zv5qyyz00gf,-0.42754441499710083
cml447ton1wkb7zv55sqcfl49,-0.5835973024368286
cml447uso1xc27zv59lfkqguh,-0.437661349773407
cml447tb11wb27zv5pd6v5flf,-0.42033088207244873
cml447uf91x2t7zv508j53nh6,-0.43997493386268616
cml447vjc1xuk7zv57bkfia6v,0.4120941460132599
cml447v621xlb7zv55s9vkdc2,0.4489257037639618
cml447vwj1y3t7zv5gyot9vwm,-0.4599967300891876
cml2g8i9hfp0mijv5nnp39coa,-0.44987767934799194
cml2g7ziff356ijv5rv054e50,-0.47076570987701416
cml2g8fi2fmh6ijv5srqenmp7,-0.4472205936908722
cml2g83uxf8rtijv514km5h6c,-0.4989962577819824
cml2g88c0ff0pijv5iibdav0c,-0.44726529717445374
cml2g8p28fukaijv53yv431sh,-0.4486727714538574
cml2g8ba5fi0mijv57fndm8k5,-0.45427289605140686
cml2g7p6iepcvijv5li5czf46,-0.47309157252311707
cml2g8qgefvuqijv5g9vwiucv,-0.44374093413352966
cml2g8nrfftotijv5c8zoyrzb,-0.4361836612224579
cml2g89udfgpmijv5r7mqbj34,-0.47194525599479675
cml2g8rqkfwj0ijv5hsupf2xf,-0.4326392114162445
cml2g8e5sfl4yijv5gl1pozwn,-0.4431779086589813
cml2g8p63fv5nijv5lvaw7fve,-0.43462762236595154
cml2g8mg2fsr1ijv5ptlwhcae,-0.4263085424900055
cml2g7v4hexb2ijv5637kbrae,-0.4769802689552307
cml2g7se9etzlijv5urqgg187,-0.464794784784317
cml2g815of6j4ijv5pt5y5qut,-0.46527397632598877
cml2g8gv3fnkmijv53uzrf7i6,-0.45101198554039
cml2g7y0rf0wzijv56nwcjggz,-0.4745500385761261
cml2g7qqxerm6ijv5lmzmrvge,-0.47989875078201294
cml2g86vifd3lijv5t3n5kqm3,-0.47374412417411804
cml2g7tr7evosijv56c5pkwow,-0.46087661385536194
cml2g85hofbuvijv5ifv6lcjz,-0.44906529784202576
cml2g8t18fx4mijv5qoie5vja,-0.4754568040370941
cml2g8jrefqk6ijv512wa3q63,-0.43636202812194824
cml2g8cqifjbxijv5zmmxnx7b,-0.454877644777298
cml2g8l3bfrr8ijv5hkalll3v,-0.4497118294239044
cml2g7nq8en83ijv5c6y5b0qn,-0.4859691560268402
cml2g82inf7lvijv5x8915ayl,-0.5026711821556091
cml2g80xlf535ijv5ab7j9u6k,-0.48248112201690674
cml2g7wkxez5bijv5211wjy4k,-0.48439821600914
cml447wa61yd27zv5o4nuvw1q,0.4318375587463379
cml447wnh1ymb7zv5tq81ieac,-0.45194563269615173
cml447xe01z4t7zv55w2pgari,-0.42290830612182617
cml447xr91ze27zv56rwosira,0.40724340081214905
cml447x0q1yvk7zv5iaenlc6l,-0.44303861260414124
cml447y4j1znb7zv5s0yedgkr,0.4069260060787201
cml2g7lzcekz2ijv5g4ijk2i2,-0.4111449122428894
cml4480pi21g27zv5pu6m8av7,0.5592454671859741
cml447zlu20ob7zv5iy3o4svt,-0.4417215585708618
cml447yv2205t7zv569zc0m5c,-0.4478997588157654
cml447zz520xk7zv568i37m5r,-0.4802047312259674
cml447z8l20f27zv52p1fonju,-0.5731613039970398
cml447yht1zwk7zv5ot1vlhpp,0.4307335913181305
cml4480ca216t7zv50zn3xxys,0.4360778331756592
cml44812r21pb7zv5p73fp2ch,-0.43459251523017883
cml4481g721yk7zv50ghn8lo9,-0.4533669054508209
cml44827522h27zv5yuby07me,-0.46033453941345215
cml4481tt227t7zv59rpy7vc2,0.42692431807518005
cml4483b6238t7zv5jd21dg11,-0.6062675714492798
cml4482xu22zk7zv5cegtsj4d,0.5013974905014038
cml4482kl22qb7zv53eckzi5a,0.47943350672721863
cml4483oi23i27zv5i3zbj3ct,0.5366883873939514
cml4485xx251k7zv5sum04bc7,-0.43350809812545776
cml44841z23rb7zv5cy0trd5f,0.4248711168766022
cml44872625tb7zv5c0ck0yuw,-0.5541488528251648
cml4485ki24sb7zv51bsz3qg5,-0.5803236961364746
cml44856y24j27zv5n13h28bc,0.4191548526287079
cml4484ti249t7zv57j19v02v,-0.5565723776817322
cml4486bh25at7zv5h79c5jty,-0.42637330293655396
cml4484fd240k7zv5xo64essy,0.4267009496688843
cml4486oo25k27zv5856hiwsj,-0.5649358630180359
cml4487fl262k7zv54xe3tg9p,0.5385758876800537
cml4489bj27ct7zv5jwl36asu,0.4438444674015045
cml4489vm28dt7zv5aq0rte54,0.4192506670951843
cml4488xw273k7zv59johru45,0.43418633937835693
cml44894j27vb7zv5wf6b093e,0.43553757667541504
cml4489i7284k7zv5s9kb3bdl,-0.41491061449050903
cml44886h26l27zv5gdth3fez,-0.42910319566726685
cml4488qy27m27zv5ysi9q89z,0.4331013262271881
cml4487su26bt7zv5riddtsll,0.44227734208106995
cml4488k526ub7zv5tmi55ct0,-0.4328865110874176
cml2g7fqtebuuijv5f8236n6o,-0.575918436050415
cml2g7eb8ea0sijv5e8rpytbw,0.5839802622795105
cml2g7ay8e497ijv5622sgvye,-0.4554179906845093
cml2g77zre0lgijv5kiumhj04,-0.4297151565551758
cml2g7crge7y1ijv5aap6p8km,-0.4611953794956207
cml2g7h8oedm2ijv54avirc2j,-0.5113396644592285
cml2g7iqzefpxijv5eas7m5yz,-0.5935657024383545
cml2g7ke3eij8ijv59ta0g4wt,0.43080106377601624
cml2g7cg2e684ijv598maf4rd,-0.45301511883735657
cml2g79g4e28yijv5qelz9wfa,-0.4642024040222168
cml448b03295k7zv58mnxlz65,-0.5504761934280396
cml448a9028n27zv52w6o3slk,-0.43618473410606384
cml448amo28wb7zv56hlgc6ex,-0.47730299830436707
cml448bdh29et7zv56gov6sqi,-0.4304540753364563
cml2g76htdyb6ijv5616d9jts,0.5484089255332947
cml2g6yvedowdijv5jp5dpwlb,-0.4977033734321594
cml2g71vfds3kijv59i01d8mh,0.4102410078048706
cml2g74wfdviyijv5q35c2hz9,0.49168458580970764
cml2g73dsdtpiijv5pq5qw92w,-0.45337367057800293
cml2g70dqdqj0ijv5nvreuzno,-0.45193740725517273
cml448d912ap27zv5altoh633,-0.6406688094139099
cml448c3u29xb7zv561xiin79,0.43935874104499817
cml448dmd2ayb7zv539w207za,-0.4755955636501312
cml448chv2a6k7zv5bovgar1h,0.4125804901123047
cml448bqn29o27zv5kxw0t561,0.4399266839027405
cml448cvi2aft7zv584fdhyvc,0.4260554015636444
cml448dzt2b7k7zv5g4mpjjtl,-0.46526432037353516
cml448ed92bgt7zv5f2x48qot,-0.4478488862514496
cml448eql2bq27zv5pyr41uoo,-0.4695124924182892
cml448f412bzb7zv5n668svbr,0.4477584660053253
cml448fuo2cht7zv5pmz1fvlc,-0.5956102609634399
cml448g812cr27zv5t4npu4cn,-0.6850185990333557
cml448fhg2c8k7zv5ca5z9uw8,0.43305331468582153
cml448j7p2et27zv55hngv833,-0.5751190185546875
cml448gz72d9k7zv5we8iji5n,-0.5622063875198364
cml448glt2d0b7zv57nci6xdl,-0.668889045715332
cml448hci2dit7zv58lcy0fm3,-0.7038796544075012
cml448hq32ds27zv5xvp96tyo,-0.6554216742515564
cml448igz2eak7zv5tx6nrj3n,-0.5894517302513123
cml448iu82ejt7zv56f4to1ey,-0.5652508735656738
cml448i3h2e1b7zv5511wyavl,-0.5712805986404419
cml2g6vpndl0zijv5sw6ygfgu,0.5684528350830078
cml2g589tbj6cijv5lregsffi,0.5138939023017883
cml2g3ul99ozaijv55ahe0nh9,-0.4505559802055359
cml2g5kebc01zijv5veh16426,-0.40594160556793213
cml2g6fn2d1q6ijv54cyt5bx0,0.4123338758945465
cml2g6rhndh2oijv5gab6rovy,0.418338418006897
cml2g4yonb6mqijv5g8557s6s,-0.4115760326385498
cml2g3c9990v2ijv51s0dzso7,-0.4030582010746002
cml2g3svy9m9bijv5ei6cwo1i,-0.3944834768772125
cml2g623qcjcgijv5gamoy17i,-0.43301647901535034
cml2g62bacl8aijv5gttf2qxz,-0.4331657290458679
cml2g4o3wasi2ijv52blgp1af,-0.3957934081554413
cml2g5ut0cazyijv5ktep98so,-0.4299100935459137
cml2g6h1td3k2ijv5m00mau20,0.40334299206733704
cml2g4648a60uijv5l0chftgh,-0.4316824972629547
cml2g2r5z8a0lijv5eo3fkpqm,-0.4035879075527191
cml2g5ixiby40ijv50haz2rx7,-0.41766494512557983
cml2g5b81bn1fijv5f6sc521g,0.4185887575149536
cml2g30678kksijv5237epqi8,-0.4312841594219208
cml2g63pgcn29ijv5jr9ird3b,-0.435442715883255
cml2g31t38ms6ijv59xvghj71,0.5146358013153076
cml2g5eqnbtezijv5jqvpfcbz,-0.4161960482597351
cml2g6prcde54ijv5mrem23s0,-0.4227944016456604
cml2g430p9zfsijv58fa1ultc,-0.3902268409729004
cml2g4anlacweijv5dsndqabt,-0.42467549443244934
cml2g5200ba5cijv5mgqe8q7o,-0.40095266699790955
cml2g33bz8ou5ijv5y7h96jcl,-0.398367315530777
cml2g4jq2ann7ijv5quyj6nju,-0.39601457118988037
cml2g5z8lcfzeijv5q67s3odx,-0.44573092460632324
cml2g3r9q9k7dijv5gd8b3uo3,-0.40155452489852905
cml2g2u1j8d9pijv5og67dj2f,0.5167768597602844
cml2g3ie799pnijv5aojbb6ln,-0.430751234292984
cml2g4dp1ah07ijv5kphkogdh,-0.3988054692745209
cml2g5q9ec6n0ijv5rmqrmn9b,-0.40925824642181396
cml2g3lbe9d8nijv5h6qg31k1,-0.43111640214920044
cml2g5hj3bwerijv5j7ipok01,-0.40996962785720825
cml2g53ogbcdvijv5dm4drak0,-0.40640774369239807
cml2g4qywavmqijv5g3l18uay,-0.4344499409198761
cml2g5rruc8brijv5ld8ias8h,-0.41380730271339417
cml2g6ob4dcotijv5dgxx8k15,-0.4436686336994171
cml2g59rjbl5vijv542jfxwhh,-0.4330100417137146
cml2g3mr19eyfijv5fp7c7n7x,-0.4134024977684021
cml2g6mumdb5fijv54dnbmn6d,-0.41293102502822876
cml2g4l4uap8bijv5w8o74s2v,0.5066720843315125
cml2g6sw4dijeijv5j1gsjdc2,-0.39453423023223877
cml2g3au58yzkijv5vrwg6ce7,0.5047248005867004
cml2g2x5n8h2nijv5x549akru,0.5171500444412231
cml2g558mbev0ijv5h13fo8yo,-0.4275142550468445
cml2g4r7yaxcjijv5ysgfwfgw,-0.39112329483032227
cml2g5xs8ce47ijv5k9vsuktr,-0.41933417320251465
cml2g6b0ocvywijv5wlg7tajw,-0.40854620933532715
cml2g6cptcy95ijv57qwd402t,-0.43409040570259094
cml2g6u9jdjnaijv5qv72lu9j,-0.41739198565483093
cml2g6ihad5heijv5m0icqp0e,0.3960549235343933
cml2g5cpkbp0oijv574heyu8n,0.42038214206695557
cml2g6e79d00kijv500dithqc,0.3974267244338989
cml2g69jpcu16ijv58kzpe4qj,-0.4144277572631836
cml2g4grdakfiijv55rw6kmmo,0.5156441330909729
cml2g60nvcho2ijv5q38xf1ae,-0.42968836426734924
cml2g37ww8vb7ijv59qrjebeb,-0.40413886308670044
cml2g3do992rhijv5egfzwhdz,-0.412174791097641
cml2g4i9aam57ijv53eqdtatu,-0.42702537775039673
cml2g66pmcqthijv5h7gcg51f,0.438775897026062
cml2g5wascck6ijv5eqr3tzro,-0.4062637686729431
cml2g4vltb35oijv57vn707w3,-0.4059654176235199
cml2g4u53b16tijv5orcgcu68,-0.42997485399246216
cml2g4piaatw4ijv5q5lublc5,0.3959033191204071
cml2g4c6zaf3vijv5p15pkxl5,-0.40708044171333313
cml2g41no9xq5ijv5ovduei5a,0.4125896692276001
cml2g3w039qvpijv5e2o7m6hg,-0.4372682273387909
cml2g3pok9i6kijv5865b09dh,-0.41476890444755554
cml2g3f2v94lhijv5236rub02,-0.4198920428752899
cml2g36ea8t8tijv54rtqyzq9,0.4063824415206909
cml2g6jw8d7fmijv5qv31i4iu,-0.4199928939342499
cml2g4so8az7rijv58276gnou,0.4154985845088959
cml2g2yn48irfijv5yudubv39,-0.40273961424827576
cml2g4mokaqwbijv5sz78ba82,-0.4579944610595703
cml2g684icsd4ijv52daoo6f5,-0.4109112620353699
cml2g5osnc5d4ijv53n14253c,-0.4369049370288849
cml2g3o7b9ggjijv52erw4t4o,-0.40197858214378357
cml2g5e6hbqx0ijv5cdep65vb,-0.417517751455307
cml2g4944aafgijv5wo38pg9c,-0.4132809042930603
cml2g44m0a2zkijv5s6scsjkz,-0.39298853278160095
cml2g4378a157ijv5413e4r5j,-0.4126960337162018
cml2g4fa7aiwaijv51h3aky7s,-0.42044761776924133
cml2g3ys49u4vijv59rkxgz11,0.40261325240135193
cml2g3xen9sotijv50qgi47e8,0.38550058007240295
cml2g3juk9bg7ijv5dqz3p9m8,-0.4054710865020752
cml2g5tbnc9nuijv5m8qleje9,-0.41842660307884216
cml2g3gwy984rijv52623mvqi,-0.44298842549324036
cml2g6q2wdfktijv5pnu6k7iv,0.40016698837280273
cml2g3fib96f3ijv5m1tuux0y,-0.43498602509498596
cml2g5na7c3ooijv5kuvcayfr,-0.45438820123672485
cml2g6lg8d9hfijv5166xex5w,-0.41151079535484314
cml2g39cp8wyuijv5ru84hhlx,-0.39258745312690735
cml2g6559cow1ijv52vomxlx9,-0.43515142798423767
cml2g2sky8bgtijv52m50oooh,0.42955005168914795
cml2g5lt2c21iijv5gx6hgnqf,-0.44372856616973877
cml2g50d7b8gkijv5mwksynu1,-0.39868876338005066
cml2g56r8bh5eijv5ku465bpn,-0.39174193143844604
cml2g47nfa8caijv5ha7fhvmj,-0.4010392725467682
cml2g24zn7bzzijv5cnba3yf6,-0.4298442304134369
cml2g15t66hmpijv5pt7a09y4,-0.40798887610435486
cml2g2p0v86cyijv532rbthoo,-0.39811182022094727
cml2g2ckl7mfrijv5udd20754,-0.4137166738510132
cml2g2qkz88opijv52l1gtb8p,-0.43437841534614563
cml2g0q8h6476ijv5vr0oqkox,-0.42744141817092896
cml2g14g96gqxijv51cecnb74,-0.4007898271083832
cml2g1d106rhwijv57x1sod4x,-0.42969346046447754
cml2g1ix770lzijv5op8pukdc,-0.43830427527427673
cml2g285o7gudijv5ngqz3qhd,-0.4127812385559082
cml2g2nfo83j9ijv5cgl51ikl,-0.3949853479862213
cml2g2e367oikijv5aztk654f,-0.3971391022205353
cml2g18jk6k26ijv57e0kjfnh,-0.4044887125492096
cml2g29ng7iw3ijv5fawd750f,-0.3946947157382965
cml2g23le7a23ijv5c5npff4g,-0.428728312253952
cml2g2b3t7kplijv5r5i69p14,-0.4070526361465454
cml2g1emh6u4rijv531sckkpe,-0.39349809288978577
cml2g26hs7eahijv5z22dy0d5,-0.38527318835258484
cml2g1nvo7883ijv5h0xnztwv,-0.4005310535430908
cml2g0m1361svijv5iugiot4e,0.549511730670929
cml2g1bir6p47ijv5x8vcy13z,-0.39829063415527344
cml2g2k5g7xhkijv5rqxqyldl,-0.418558806180954
cml2g1kbh72xcijv5ouqp13mp,-0.4274102449417114
cml2g11qn6ewqijv55hge4qox,-0.4261893033981323
cml2g2iln7uxqijv5r5anrsac,0.4083794951438904
cml2g0u6366ltijv55gbi0vfe,0.41037341952323914
cml2g0ri864s0ijv5d5uezvvo,-0.41729435324668884
cml2g1g4a6wniijv507kxca3s,0.3966118097305298
cml2g2fk77q9kijv5u9rzg85l,-0.4033986032009125
cml2g1hjj6ytlijv5em0dfu0t,0.3951739966869354
cml2g0nk462z4ijv58g0tjo68,-0.4263699948787689
cml2g2h1w7sd2ijv5n9om5nt2,-0.4192648231983185
cml2g0yer6bl8ijv56bv53ce7,-0.42177730798721313
cml2g0wzq69uvijv5esqob8i8,-0.4175810217857361
cml2g1a0v6mgcijv5efu00vyp,-0.38231420516967773
cml2g10d76dvqijv554xmjrds,-0.41579124331474304
cml2g0vmr68iyijv5iq2s0449,0.4021484851837158
cml2g133w6fvyijv5cpn9xksc,-0.4021622836589813
cml2g0owd63k7ijv5yx6ngslb,-0.4329598844051361
cml2g1m4l75xcijv53zfohtpn,-0.41052746772766113
cml2g175w6iduijv57ram974x,-0.3981097936630249
cml2g2lp980b0ijv5m7a5q71n,-0.3945787250995636
cml2g0zru6co4ijv5xa88dnjn,-0.386618435382843
cml2g0stn65ixijv56kpj5283,-0.41656041145324707
cml2fzu1r5j6bijv5oaxfzqpi,-0.4205430746078491
cml2g05iw5sviijv5ex7x2x1b,0.410664826631546
cml2g01c55pwmijv5ollblh80,-0.3959905207157135
cml2g087y5trkijv5q2gqp9q0,-0.4079894721508026
cml2g0f8k5x0jijv57va18u2z,-0.44232338666915894
cml2g0gjw5xlgijv5b337siwa,-0.4188656806945801
cml2g0dx45wh7ijv504y8esja,-0.4151839017868042
cml2fzslr5hrlijv589ujta3v,-0.42560604214668274
cml2g06uv5tdaijv5s6icmu9a,-0.42266884446144104
cml2g0knk60hiijv5obecpp8d,-0.3854823112487793
cml2g0cgj5vfyijv5zfs855aj,-0.4248320460319519
cml2g02s85rcbijv5xjtvgnlj,-0.4269849956035614
cml2fzyge5mvuijv5smfm0hrj,-0.40871256589889526
cml2fzodm5e28ijv56c793fo5,0.5670751929283142
cml2g0hvl5y6kijv5o1xz278p,-0.41542166471481323
cml2fzzwm5og4ijv568n9vl5y,0.41659700870513916
cml2g0j6w5yrhijv5l52b6s50,0.41595691442489624
cml2g0cm45vxrijv5bqg2n2lq,0.403391033411026
cml2g045w5sacijv5li9aulps,0.4056207835674286
cml2fzx0v5lk0ijv5clrxgzlu,-0.3987347185611725
cml2fzr6v5gi3ijv5zwbwg79s,0.5970282554626465
cml2fzpr65f0vijv55nz65j8a,0.5608214735984802
cml2g0b5a5uvtijv523kckmk9,-0.39505651593208313
cml2g09lx5ua8ijv5g1v9cnat,-0.4482371211051941
cml2fzvgy5kg2ijv58e8e0k6d,-0.4160785675048828
cml448jlh2f2b7zv5m4r0wtm3,0.4266343414783478
cml2fz4fr4wdsijv5orklbae3,0.4388570785522461
cml2fz60g4yhtijv51jxaavmv,0.39399346709251404
cml2fzfri5839ijv5m6rd79sd,-0.4160589873790741
cml2fzegt57bkijv5ltg5wwkw,-0.444038987159729
cml2fzbsy54zkijv5ub41glgb,0.5470844507217407
cml2fznwq5d86ijv57lxbyght,0.4028349816799164
cml2fz1l94sizijv5vmv7qfqc,0.4382064938545227
cml2fz8y552hoijv5ocpi2zln,-0.42265912890434265
cml2fzh3j597oijv5yoqluw5g,-0.40986594557762146
cml2fzmk95cgfijv5lic7n47c,0.39791610836982727
cml2fzl7f5bo7ijv5cl5fxv4x,-0.415259450674057
cml2fz2zu4uchijv5hwy0v1dt,0.4284617006778717
cml2fzd4q563lijv5taj94zgj,-0.42748159170150757
cml2fziev5a2kijv5783akmvt,0.4091235101222992
cml2fzjvu5awjijv5wok7hzmv,-0.394169420003891
cml2fz7go50isijv5gmnm9glq,-0.4145212769508362
cml2fzafn53v0ijv5amsefjqt,-0.40107831358909607
cml448kc52fkt7zv5wnxhe02z,0.6244046688079834
cml448jyv2fbk7zv5mpbqscwg,-0.40089452266693115
cml2fyvnq4ls2ijv58u501321,0.5899105072021484
cml2fybjr4c38ijv59lyyjhzx,0.39611712098121643
cml2fy7d348kjijv5z1szdlg2,0.42463967204093933
cml2fy5ys479hijv5sndec1eg,0.4008750915527344
cml2fy34944p5ijv54aiuphps,0.4234665334224701
cml2fyp3v4izmijv5ntuhwyfg,-0.45264387130737305
cml2fymif4hxjijv5av8pq03a,-0.47924432158470154
cml2fy8qw49tmijv5cb5s2r76,0.44066953659057617
cml2fyeqe4en9ijv57blipl2u,-0.4136064350605011
cml2fyzqb4pl1ijv5q5xzup2u,-0.47632265090942383
cml2fy4j045qqijv5z1mc0z71,-0.4340360164642334
cml2fyqe74jg9ijv5qgd0qntj,0.4325820207595825
cml2fyl7c4heoijv5icvvvm4i,-0.47789087891578674
cml2fya4h4awzijv5ez58778k,0.4076898992061615
cml2fyt3s4kn3ijv5fr93g6oz,0.4224845767021179
cml2fyydk4o2eijv5azugod99,-0.4107871651649475
cml2fyudc4l6yijv55ww90bq7,-0.46041664481163025
cml2fydfg4e4sijv5aetxmsez,-0.43910354375839233
cml2fyjy54gvjijv5e8qp6s3y,-0.4219483435153961
cml2fyhf94fruijv50ubwnq8e,-0.4053254723548889
cml2fyg4v4f95ijv5s25n2ham,0.4312794506549835
cml2fyc2c4d7oijv50lj1totu,-0.3935873806476593
cml2fyioq4gauijv5h4flqyct,-0.4185941219329834
cml2fyron4jzqijv5qzj0mr0w,0.44157904386520386
cml2fyx094mtpijv598xry74o,-0.4289398193359375
cml2fynss4igtijv5uikze006,-0.42114484310150146
cml2fz08j4ra5ijv5t0nvy83p,0.5497170686721802
cml2fxvwl3xxkijv5nrxt9dq7,-0.5160855054855347
cml2fy1ky43eeijv58dujsh6h,-0.6364555358886719
cml2fy0614216ijv5afa55uda,-0.7364177703857422
cml2fxyqz40lfijv5kgjg3fjc,0.5280374884605408
cml2fxsz03utuijv5zor2kqgx,-0.45353299379348755
cml2fxxbc3z6bijv5my9apc7s,-0.5179724097251892
cml2fxuhl3wkjijv5zg59xmle,-0.4862906038761139
cml2fx7y93cb3ijv513w4fcoj,-0.4119911193847656
cml2fxj8y3ledijv5ci3wgxwr,-0.4650280773639679
cml2fxnch3oozijv5aap8sfbj,-0.40635669231414795
cml2fxpb33ry8ijv55fm9mpgg,0.42188143730163574
cml2fxntk3pzeijv5un56s49j,-0.4250623881816864
cml2fxhwg3ke9ijv5boffk53h,0.4129352271556854
cml2fxb043f5xijv56ylgdkz6,0.40548789501190186
cml2fxced3g5iijv5ozjn5wj0,-0.4203944504261017
cml2fxqq13t9iijv5o3bi0343,-0.40372857451438904
cml2fxgj83jd6ijv5fv3cr2nh,0.41661134362220764
cml2fxdsk3hafijv5x44c9mxj,0.4123697578907013
cml2fxklh3mi4ijv56exv99rc,-0.4145223796367645
cml2fxf663iarijv52w94cghy,-0.4122025966644287
cml2fxlzh3nn7ijv54f810l95,-0.425581157207489
cml2fx9bq3dfuijv583eb98gw,-0.4249216616153717
cml448lgd2gci7zv5460mcedz,0.5637353658676147
cml448kpf2fu27zv57n2oakdt,0.4838589131832123
cml448l2z2g3a7zv5bzrhcugj,0.5088580250740051
cml2fx58d39sfijv5y7xmm5ec,0.4231562912464142
cml2fx6mu3b2cijv5cz55xkcz,0.5491120219230652
cml2fwxch30yoijv5bzriy6ey,-0.42337721586227417
cml2fx3rk38chijv5qv7um52x,0.5438315868377686
cml2fwlve2nksijv5p66d350m,0.4200992286205292
cml2fwyv732plijv5r0f10q53,-0.4714752435684204
cml2fwpzp2rsgijv51ehnqxal,0.41580867767333984
cml2fx0wk35jiijv5zd19v9m4,0.4404001533985138
cml2fwu9c2wp2ijv5apqwmob9,0.41417407989501953
cml2fwvp92yonijv5j0euwbv2,-0.42286425828933716
cml2fwn8s2oygijv55lo0iniy,0.4101026952266693
cml2fx0cl344vijv5uj4jcsr0,-0.44344836473464966
cml2fwomm2qc7ijv5wxieokmu,0.38171595335006714
cml2fx2ab36zeijv5rx0scls2,0.40220940113067627
cml2fwsri2v1cijv55811roue,-0.4043096601963043
cml2fwrci2t4oijv5yvtcvwa5,0.42485958337783813
cml448lud2glq7zv576n1wmnm,0.542974054813385
cml448m7w2guy7zv50hm92de1,-0.4617287814617157
cml2fwhr92ka5ijv59mzsuj1k,-0.4865940511226654
cml2fwgem2j51ijv5nxhbjap5,-0.5021740198135376
cml2fwj7l2ljbijv5iij7wfax,-0.48424023389816284
cml2fwkju2mloijv5ez5ux0nu,0.5498892068862915
cml2fvvnt21z3ijv5xu2kxohs,0.3976130485534668
cml2fv7m01hq4ijv5poe123pe,-0.4357568025588989
cml2fw6rt2c33ijv5hrpxo441,0.4042228162288666
cml2fv2c01ekvijv5m69zoamy,-0.41324084997177124
cml2fug7q0rspijv5c6fnbt9u,0.41740137338638306
cml2furul15r1ijv5tdjpqu2x,0.4356202185153961
cml2fv6ag1gxnijv5thw98256,-0.45242831110954285
cml2fvld41s6hijv5xedhmdt0,-0.4256633520126343
cml2fw2mm28lkijv5v9e9aqg3,-0.4247519075870514
cml2fvyiu258rijv5wssu6fx4,-0.42198729515075684
cml2fvfyl1o87ijv5fpjqzrmp,-0.43017011880874634
cml2fwch52gl4ijv5h6831fk5,-0.45239555835723877
cml2fvrh51yjuijv56jq0ov63,0.39010587334632874
cml2fun3r0yy0ijv513xrebho,0.4090237319469452
cml2fuw9219jaijv5cutotqs4,-0.406232625246048
cml2fv4y21g50ijv5l0nddqnp,-0.43036574125289917
cml2fw9fr2e8aijv52bzychex,0.40942367911338806
cml2fwdro2hd5ijv5trznifs0,-0.40388524532318115
cml2fvzx026gyijv5zeimsc6y,-0.4045342803001404
cml2fvorh1w8sijv5zjiucuej,-0.40327194333076477
cml2fva871j7eijv5suprtjlt,-0.427966833114624
cml2fuiv80tkkijv5hpmylxd0,-0.41341546177864075
cml2fw5bn2aulijv5tqyg495v,-0.39077532291412354
cml2fvuak20o8ijv54inc3i4w,-0.40612754225730896
cml2fvio71q2iijv5rlok5g5e,0.38941946625709534
cml2fv3ls1ffpijv56v2ixblp,-0.4075454771518707
cml2fv0w21dg9ijv5mjdxkq73,0.42075464129447937
cml2fuuuo18ceijv5edja5rlb,-0.4478733241558075
cml2fuywk1bfsijv5yio6ywd0,-0.4766334295272827
cml2fuq7f13vxijv5mfy3xc83,0.4146851599216461
cml2fwas12f23ijv5k4biviro,-0.4051634669303894
cml2fvhco1p61ijv5ispel3bk,0.4130578935146332
cml2fuk8s0uvmijv5quhpa9ce,0.4366284906864166
cml2fw40d29uxijv5b1066mle,-0.40216904878616333
cml2fw19f27lhijv5k8x5qqvj,-0.43089213967323303
cml2fuxlm1aj2ijv53ufho4h2,0.5106332898139954
cml2fw8362d4dijv58mcby3zd,-0.4342174232006073
cml2fv0911cmrijv50wnzo6vo,0.5211541056632996
cml2fwf2b2i4lijv5dk9enccb,-0.40354210138320923
cml2fvk0p1r55ijv59bp9jrcp,-0.4333129823207855
cml2fv8xg1igsijv5osmw1u2n,-0.4369335174560547
cml2fvx4023ozijv54cvhlf17,-0.4014728367328644
cml2fuhjr0sp8ijv55xv1v6c7,0.42078930139541626
cml2fvcxm1lw8ijv5pdytbubs,-0.41218581795692444
cml2fvefc1n36ijv5sd17s5xz,-0.42007723450660706
cml2fvszd1zv3ijv5am3tjgn0,-0.4191973805427551
cml2fvo4w1uhhijv5t3h6fi2x,-0.40813931822776794
cml2futdp16wjijv56c967qs9,0.5371266007423401
cml2fulok0ww9ijv5biv9868j,0.43888401985168457
cml2fvq4s1xhuijv58qtptnex,-0.4426030218601227
cml2ftqn406axijv5ucplbuyr,-0.42698678374290466
cml2ftp480429ijv59w0h77l8,0.4008459746837616
cml2fu5rn0hr3ijv59tnicmpk,-0.4038669168949127
cml2ftxqj0ckmijv50r627w3j,-0.39345526695251465
cml2fttig09fcijv5c6koxo8e,-0.4152553081512451
cml2fuc530o5aijv55u0dfgnr,0.4290943741798401
cml2fu8jo0judijv5t7xrmlly,0.43570181727409363
cml2gbuelip8uijv5avk71fzi,-0.40341103076934814
cml2gbyppiu2wijv5fhywj4lo,-0.4200548231601715
cml2fu1r50f3oijv53vr24jff,-0.43423548340797424
cml2ftogm02n5ijv53c916gal,0.41365575790405273
cml2gbyzpivsuijv543dzfiz4,-0.39412105083465576
cml2ftka500b0ijv5r6iofi8l,-0.47558876872062683
cml2gbnjbijtaijv5bxk929ih,-0.4180375933647156
cml2ftw9h0bgaijv58n1wb17p,-0.42027658224105835
cml2ftlow00ukijv596hlbia2,0.4288416802883148
cml2gbropin18ijv57qdzd0m2,-0.3914696276187897
cml2gbt14io00ijv58ewqqv1a,-0.4267561733722687
cml2gbqcbim4sijv5yrmubx65,-0.4348108768463135
cml2fu76w0ixuijv5krana3wv,0.4389820992946625
cml2fu33j0fxxijv5vpsua4z7,-0.40417414903640747
cml2gc0ieixwjijv5enizfwoa,-0.43693143129348755
cml2gbhphidqnijv5xre679bx,-0.46178463101387024
cml2gbp0ail76ijv5uzoydcxk,-0.4217075705528259
cml2gbvtiiqouijv59wp0jcxq,-0.4068847596645355
cml2gbj5qifmoijv5slh501uq,-0.4641057252883911
cml2gbx9xisfdijv5hro4t850,-0.41989248991012573
cml2gbkmlih2nijv5bjzczzxz,-0.4509426951408386
cml2fudil0phoijv5ydn31bpl,0.46180659532546997
cml2fu9wm0kntijv5xunupea8,0.4564039707183838
cml2fu4fi0gukijv5i3op1uch,-0.417818158864975
cml2ftuwz0akqijv5ik97pezf,-0.4206915497779846
cml2fueuk0qmtijv5w9137ld2,0.5464556813240051
cml2fubiq0molijv5eg65hg5s,0.4349398910999298
cml2fu0eq0e9aijv5rhxfwnzj,-0.3976583182811737
cml2ftz370dh6ijv55h6dnh03,-0.4125228226184845
cml2ftn1401blijv5eiajqfd8,0.5367067456245422
cml2gbg67ibnxijv5sw11pdau,0.3973943591117859
cml2fts3p0820ijv5rw95qkjj,-0.41141557693481445
cml2gbm44iikhijv5y2vdt475,-0.4315642714500427
cml2gb3sgi16eijv5m1zfmogt,-0.3925086557865143
cml2gaijwhgcpijv5nlyqnsb9,0.4182626008987427
cml2gbevciaz0ijv5k6j9p2yb,-0.43636539578437805
cml2gb7yui4hbijv5bg03sxuj,0.39662817120552063
cml2gabkmh9jxijv5wd10gxee,-0.4036731421947479
cml2gauzwhr0jijv5yu6yf7vm,-0.413366436958313
cml2gacz8hal3ijv58zxx3mk3,-0.4390537440776825
cml2gb29fhzb6ijv5nz3hlqd6,-0.4323934316635132
cml2gajx9hhpbijv5g1jof6lg,-0.4054163694381714
cml2gbdkuiaefijv5bof13kx8,-0.4223252832889557
cml2gaqsbhnpzijv54efnl59z,-0.4750038981437683
cml2galdrhiyuijv5z1hqlxpu,-0.41294142603874207
cml2gao6whlyqijv5lsmxyv43,-0.39560234546661377
cml2gbazai8zoijv5zwmxdb47,-0.45364949107170105
cml2gb0v5hxdtijv5qs73lpru,-0.41326501965522766
cml2gb6kwi352ijv50xi7ullc,-0.3889707922935486
cml2gb9c2i5rxijv5jcv640pi,-0.3959340751171112
cml2gafrchd85ijv5hfas2akz,-0.39668846130371094
cml2gaed1hbsuijv5lj5zshz2,-0.4076187014579773
cml2gazhihvg1ijv5et0eb2jt,-0.3855757713317871
cml2gbap3i7c6ijv5h4zocm71,-0.4108272194862366
cml2gb55ci208ijv57gteifwd,0.42110106348991394
cml2gbcb4i9uvijv5o989ms1m,-0.462176650762558
cml2g2nai83bgijv5bp2y63qi,-0.44811782240867615
cml2g8jmufqcwijv5zq3sc1rf,-0.4125984013080597
cml2fzjqw5aswijv5x032r446,-0.4117325246334076
cml2g8vnxfyccijv5dbkjkm3l,0.41111189126968384
cml2g1ei86u08ijv5l1jyd3jc,-0.4375643730163574
cml2g3fde9671ijv5bqb78qbq,-0.44156360626220703
cml2g6lbnd9baijv5fq6s1az7,-0.4088937044143677
cml2g66kycqokijv55jy4j3km,-0.39173805713653564
cml2fzwwh5lh5ijv5jbrzpmxv,0.40246033668518066
cml2g5em1btavijv5klz2yf67,-0.4696480929851532
cml2fyg074f47ijv5ttxb6lxm,-0.41225963830947876
cml2g7dtke7s6ijv5i2oyjrsc,-0.4437626004219055
cml2g0nfg62uhijv5e2t0c80x,-0.44531330466270447
cml2g0b0k5ut2ijv56w1hhaf7,-0.4395643472671509
cml2g9zvxh1mxijv5rlrpvvir,0.40363600850105286
cml2g99zygajhijv5vi7zxlyr,-0.41131290793418884
cml2g9mxngms3ijv5n115lrcd,-0.41680586338043213
cml2g31nw8mk6ijv5uqcn2v6h,-0.4431409239768982
cml2g5t6zc9ivijv5wtoc3k5u,-0.4009714722633362
cml2g85czfbnmijv5ks220no5,-0.4389552175998688
cml2fz5w14yeuijv52vux3voc,-0.40471017360687256
cml2g7s9jetspijv5tuv5cnt9,-0.4227129817008972
cml2g4mjzaqrdijv5x4h6uwao,-0.43066608905792236
cml2g28127gqhijv5li4w7s6l,-0.4522033929824829
cml2g108n6dr4ijv5l2tkkusf,-0.40436410903930664
cml2fy2zc44iiijv5u2vd5zqk,-0.4743439555168152
cml2g3ugg9ot6ijv5jao1nyhg,-0.43243536353111267
cml2g6yqbdoq8ijv5e3b4lpsz,-0.41761091351509094
cml2g47j7a876ijv5tfdrwue0,-0.4488116204738617
cml2g508eb8ckijv506ke7m69,-0.4113926589488983
cml2fyszh4kkfijv5smrjkplr,-0.41627058386802673
cml448mz22hde7zv5h4q996cg,0.5753530859947205
cml448mlq2h467zv53gzzix19,0.5216957926750183
cml2gaxykhtgjijv5mubdop94,-0.4137398302555084
cml2gal8zhis0ijv5cmyu5m3h,0.41215842962265015
cml2fxaux3eysijv5oxdzf7eg,0.4406234622001648
cml2fw6n52bxeijv5jt91x2uy,0.38802945613861084
cml2fxop03pscijv5z4733wq2,0.5223294496536255
cml2gbovhikzmijv5wxs82t4z,0.47510436177253723
cml2gbc1ti8t1ijv5cesbx519,-0.4153170585632324
cml2ftk37005uijv5o3jmni8n,-0.4043739438056946
cml2fwx7s30u1ijv5287164ce,-0.43190017342567444
cml2fv27g1eecijv55i3wk1wq,-0.40286433696746826
cml2fuok9118oijv5k4tct3bz,-0.3935234248638153
cml2ftxlz0cfnijv55re6c4ut,0.4298059642314911
cml2fwj2y2leuijv5xsl58iqs,-0.4476704001426697
cml2fube60ml3ijv5uz174zia,0.5132611393928528
cml2fvsum1zooijv5gi0feplp,-0.4401988983154297
cml2fvfto1o1qijv5phjbcgr3,-0.431593120098114
cml448nck2hmm7zv5os0qo48e,-0.6265081167221069
cml448o3r2i527zv5d3c77cq1,0.5635542869567871
cml448nq22hvu7zv53hh7y8ni,0.5382296442985535
cml448pz82jfy7zv5bkbypwus,0.44987449049949646
cml448ous2inp7zv5llipqzm3,-0.5519010424613953
cml448ohe2iea7zv5onqu7aty,0.5022705793380737
cml448qqa2jys7zv5163dxbzi,-0.5297138094902039
cml448plh2j6j7zv5q47tuch8,-0.5007844567298889
cml448qcs2jpd7zv5xm8th42h,-0.6090636849403381
cml448p892ix47zv53aszt4i4,0.6018240451812744
cml448r3i2k877zv5cxzwfzvc,-0.509280264377594
cml448rgu2khm7zv5hkbhceu7,0.6044603586196899
cml2g99uzga9mijv5h7128mj3,-0.4698062241077423
cml448s7q2l0g7zv5q23hvyn9,0.48993852734565735
cml448ru92kr17zv547k9vcvf,0.49997711181640625
cml2g5ehgbt68ijv54irp9uaj,-0.3867098391056061
cml448tbi2lsp7zv5ry3eulqv,0.6143781542778015
cml448sl22l9v7zv55zt2wjvk,0.6542368531227112
cml448sy52lja7zv5h52jmq2j,0.610795795917511
cml448ufn2mky7zv54p15g102,0.515536904335022
cml448u202mbj7zv5v022twza,0.48546186089515686
cml448tou2m247zv5g6pbqtbc,0.4905005395412445
cml448usp2mud7zv5f9dentmq,-0.4456077516078949
cml2g103t6dl3ijv5e0ftfwyd,-0.5942445397377014
cml2fxaq53es8ijv5ht9hart6,-0.4493728280067444
cml2ftjto0000ijv512e6rqnz,-0.598328173160553
cmkswa1g97yekmzv54q09majm,-0.5100991725921631
cmksw9xn17xodmzv52t7mw1kq,-0.4722146987915039
cmkswa1ae7ydemzv5dcugy4v2,-0.4475248456001282
cmkswa0bj7y93mzv500u2xfgp,-0.39410993456840515
cmkswa1lr7yfvmzv5rn5aq1of,-0.5153472423553467
cmkswa0ha7yammzv5f6bb1rpg,-0.5238168835639954
cmkswa05y7y7vmzv5809xgzlg,-0.5044888854026794
cmksw9ztx7y51mzv500i50387,-0.4720988869667053
cmksw9zhb7y1tmzv5mtro86oj,-0.4246757924556732
cmksw9y5z7xtrmzv5927aovla,-0.4995557963848114
cmksw9y067xs4mzv5hdjw94rp,-0.46793389320373535
cmksw9znb7y3emzv5plki0pjk,-0.46335047483444214
cmksw9yqj7xyxmzv5y1qm57yy,-0.4338071048259735
cmkswa1rf7yh3mzv5ybi1sdd8,-0.5127319097518921
cmksw9yc97xvfmzv5199l0kpy,-0.4681273400783539
cmkswa1wu7yiamzv5zfb7el21,-0.43775275349617004
cmksw9zba7y0bmzv5k50s0sgy,-0.4235951900482178
cmkswa0ni7yc1mzv5g1ok4v4s,-0.46318548917770386
cmkswa0057y6mmzv5tc258r89,-0.5149004459381104
cmksw9yjn7xx8mzv5im28hxub,-0.46862685680389404
cmksw9vg47x2cmzv55wi6clh1,-0.42055273056030273
cmksw9uaq7wsymzv51g0jsa3w,-0.46633180975914
cmksw9wj17xggmzv5sx2w371y,-0.4335717260837555
cmksw9xgx7xm9mzv54b4ekt2o,-0.5079083442687988
cmksw9x387xi2mzv52hkxwfrj,-0.4669512212276459
cmksw9swu7wdkmzv5nbr8rack,-0.4888209402561188
cmksw9v9n7wzxmzv5lz8ve71l,-0.43984726071357727
cmksw9v307wxemzv59gvpbmle,-0.4276261627674103
cmksw9u4a7wq8mzv52mosofse,-0.5830074548721313
cmksw9w6o7xc2mzv5h2ihdr0k,-0.4812989830970764
cmksw9ta17wgzmzv54m4uaasf,-0.49272987246513367
cmksw9vzu7x9kmzv51635raq3,-0.4762842655181885
cmksw9vmu7x4tmzv5rqfmegdz,-0.4249134063720703
cmksw9txk7wnwmzv5tmfseswr,-0.4877946078777313
cmksw9tqv7wl4mzv58i797bit,0.3961305320262909
cmksw9t3h7wf9mzv5lvkc0mug,-0.5044239163398743
cmksw9uvj7wuvmzv5nguhgo33,-0.42462828755378723
cmksw9xau7xkbmzv5567septm,-0.5282192230224609
cmksw9wcw7xe1mzv5m9mvvv8s,-0.43229320645332336
cmksw9vt57x76mzv5e8ohwl2y,-0.43673497438430786
cmksw9tgx7wiqmzv5w6wl3atf,-0.4456987679004669
cmksw9tn97wl3mzv5yidanbtl,-0.5014102458953857
cmksw9qj37vqhmzv5biq62njx,0.49669674038887024
cmksw9r727vwqmzv5cn2wgw0e,-0.48216453194618225
cmksw9qs37vrrmzv5pfyis4sc,-0.4734286367893219
cmksw9pmi7vm9mzv56lbig541,0.5117493867874146
cmksw9pif7vm8mzv5fe4y5t4t,0.6697472333908081
cmksw9qfm7vqgmzv5hmx1vdzr,0.4438367486000061
cmksw9ry87w56mzv5to0p4n26,-0.44231870770454407
cmksw9sq57waqmzv5w06f9cs6,-0.4651915729045868
cmksw9rj97vzgmzv50ww7mqm6,-0.46116459369659424
cmksw9rqx7w2dmzv5hjqv64le,-0.4605077803134918
cmksw9s5e7w7zmzv5fj4lqyb0,-0.463081032037735
cmksw9ptt7voamzv5strcx27l,-0.5383283495903015
cmksw9qzy7vu9mzv52ak5bd8k,-0.44033217430114746
cmksw9rbm7vwrmzv5eq9yrg39,-0.4475083649158478
cmksw9p9i7vjqmzv5tlvfk10b,-0.48151734471321106
cmksw9nca7uyzmzv5odfi4dch,-0.46606263518333435
cmksw9mhz7unsmzv5yotiwy58,-0.4512910544872284
cmksw9okx7vbomzv5xaxp24l6,-0.4197016656398773
cmksw9ozt7vh7mzv5g63crpp4,-0.4771125316619873
cmksw9mbc7ukpmzv5w5xv0772,-0.46374258399009705
cmksw9o667v5gmzv5rsjnvz8d,-0.4520584046840668
cmksw9ory7venmzv5iflo1u9e,-0.49599555134773254
cmksw9m3v7ufvmzv5m9tyek20,-0.519340991973877
cmksw9mwr7utqmzv59zwsr8wz,-0.4821247458457947
cmksw9n3n7uwomzv5tpilnlhr,-0.46229085326194763
cmksw9ods7v8kmzv5r6nzmtay,-0.45654961466789246
cmksw9nyk7v25mzv57id2ngnz,-0.48677492141723633
cmksw9mpb7uqsmzv54f5r24vv,-0.48575714230537415
cmksw9ks77u5fmzv5hs13t2pr,-0.5049757361412048
cmksw9koq7u5emzv5mnns52zs,-0.5000020265579224
cmksw9jml7tplmzv5ovsye7mq,-0.5881935358047485
cmksw9j1k7tkbmzv5408wpqi1,-0.5847600698471069
cmksw9kwa7u5gmzv5wgywl3p7,-0.47663336992263794
cmksw9lic7u5imzv5inzlp3b7,-0.6064960360527039
cmksw9lpn7u90mzv54gdwpkja,-0.47491657733917236
cmksw9k597twtmzv578tlr35j,-0.5076327323913574
cmksw9l007u5hmzv56fj98fa0,-0.48479601740837097
cmksw9jyx7tu2mzv5s4mdk3tp,-0.4851716458797455
cmksw9lwo7ucfmzv5gev8rf2a,-0.4991665780544281
cmksw9ki07u1vmzv5g6ihk6jn,-0.5355573296546936
cmksw9kbg7tz8mzv523414rlz,-0.4678002893924713
cmksw9jsp7trvmzv5987yo1qu,-0.47253507375717163
cmksw9glb7t68mzv5vj1ammb0,-0.5241922736167908
cmksw9gxu7t8lmzv5w086qsw5,-0.46217218041419983
cmksw9fvp7t05mzv5tkcgz2mr,-0.6244470477104187
cmksw9hp27tb4mzv58pcy3utm,-0.47482940554618835
cmksw9grf7t7rmzv5rdah2sjq,-0.4585284888744354
cmksw9g8h7t37mzv5ptapd864,-0.5542129278182983
cmksw9hum7tc8mzv5r2rhs3g9,-0.515727162361145
cmksw9hiq7t9vmzv5fo6x507q,-0.3915066719055176
cmksw9fhu7syjmzv50waggjv8,-0.41214263439178467
cmksw9g1z7t1qmzv544k8vyf3,-0.47638416290283203
cmksw9icu7tfomzv5jls84bhs,-0.4611315429210663
cmksw9ger7t4qmzv5m5v8tap6,-0.5050947070121765
cmksw9fo77t03mzv5dmnzpz5t,-0.5314338207244873
cmksw9fry7t04mzv5q9h56en2,-0.5026401877403259
cmksw9iup7tj6mzv5fqjokzkf,-0.39241352677345276
cmksw9i6z7tefmzv53dw29alu,-0.46760493516921997
cmksw9ip17ti2mzv5rb7tifj2,-0.4614035487174988
cmksw9iip7tgxmzv5dloet6nb,-0.45778244733810425
cmksw9i0q7tdcmzv5qamf4olh,-0.5448371171951294
cmksw9dhp7sicmzv5vkxvlg06,-0.7127655744552612
cmksw9dus7sm6mzv5ohp6moqs,0.5737720131874084
cmksw9co47saamzv5vmovyl2m,0.5600932836532593
cmksw9e0s7sofmzv5ublfut2a,0.8857603669166565
cmksw9exh7swmmzv5qwvyjptp,0.5897155404090881
cmksw9dnv7skcmzv5ae0bkwce,0.44981059432029724
cmksw9edw7sramzv56gbvhxd8,-0.40835854411125183
cmksw9ere7suvmzv51jek3f3c,-0.3980376720428467
cmksw9da27sdrmzv5633q908b,0.43522095680236816
cmksw9e7e7spkmzv5q44cwji9,0.9110889434814453
cmksw9ekl7st1mzv5s13zcyix,-0.40152794122695923
cmksw99y07rfnmzv5r61drm2v,-0.4331885576248169
cmksw9a5b7riwmzv51dkrlv01,-0.44055306911468506
cmksw99jg7r9tmzv5bm8xjvdu,-0.5496944785118103
cmksw994g7r2zmzv5cgyu3zmb,-0.5241727828979492
cmksw9cgk7s7omzv5rzcjtjho,-0.5204570293426514
cmksw98rp7qyqmzv5c7gelivr,-0.4718307554721832
cmksw98l17quemzv510265agv,0.37776702642440796
cmksw99ci7r60mzv53vhgqh0f,0.402342289686203
cmksw9bk37rw3mzv50z2vhul9,-0.4140969514846802
cmksw9bf37rw2mzv5qpk5jtcf,-0.5292288064956665
cmksw9b7t7rsqmzv5lw91eazo,-0.45824137330055237
cmksw9azh7rpfmzv5btms3qhz,-0.44271865487098694
cmksw9c2d7s1ymzv56tv9vmcg,-0.5041115880012512
cmksw9adm7rm5mzv550q8eq0d,-0.40037137269973755
cmksw9c987s4rmzv591xvoi5j,-0.47618380188941956
cmksw9bnk7rw4mzv5eayqigrt,-0.5098417401313782
cmksw98y27r0tmzv5n5mh99fg,-0.46614015102386475
cmksw99r27rcbmzv51x4dlyeo,-0.5625810027122498
cmksw9bv37rz9mzv5b4tfpkpz,-0.5191441774368286
cmksw97zn7qrumzv5fxuu7yhu,-0.5311223268508911
cmksw97sv7qotmzv5lwqf76zg,-0.5607404112815857
cmksw97637q8hmzv5eqsd9fqy,0.6851365566253662
cmksw97lf7ql9mzv5onfxtpwr,-0.4697462320327759
cmksw97ed7qjfmzv5zmfgyhcn,-0.4498084485530853
cmksw96f07q0xmzv5xa0y3woq,-0.5244089365005493
cmksw96s47q66mzv5q504j5r2,-0.5572454929351807
cmksw96li7q3mmzv529tcqlv3,-0.4961727559566498
cmksw8zp37otlmzv5snfr8tl0,0.459942489862442
cmksw933i7pj2mzv5w8f9fwik,0.47350195050239563
cmksw94127pmsmzv5f76dsbxy,0.4904012680053711
cmksw8yyw7oqumzv577t8yqxn,0.49737226963043213
cmksw8zuo7ov3mzv5qcngwk2y,0.4515572488307953
cmksw8z4g7os7mzv52xe8mkuf,0.470845490694046
cmksw94dh7ppdmzv5dtwhe746,0.47634169459342957
cmksw956v7pvpmzv57u55pvlz,0.4196181893348694
cmksw94or7prymzv55fkrn2tb,0.4767018258571625
cmksw915i7p6cmzv5dw67346t,0.5005125999450684
cmksw90z57p4qmzv5bcb5e6y2,0.49596357345581055
cmksw8yne7oo2mzv5wldh7j8k,0.4669705331325531
cmksw90sg7p3amzv59bv8wlx3,0.4138106107711792
cmksw90bk7oyxmzv5wt7ina10,0.6224364638328552
cmksw8yt37opimzv5r5oz1pn4,0.6221021413803101
cmksw950c7puemzv5xwhep6yo,0.6232117414474487
cmksw90627oxjmzv5a0ugop4h,0.6056231260299683
cmksw94j47pqnmzv55843rueq,0.4833080768585205
cmksw92x87phsmzv57yqnn6cd,0.49631941318511963
cmksw92ky7pfgmzv5z7qb9mof,0.47364819049835205
cmksw91pj7p7vmzv5eu2sfm1y,0.4963759779930115
cmksw90h97p0emzv5gwm4ttaj,0.46785831451416016
cmksw8ybj7olimzv5x4fuy7yg,0.49851998686790466
cmksw921r7pazmzv5ea475cf2,0.516357421875
cmksw8yhb7omumzv5658x5afi,0.47203588485717773
cmksw939p7pk7mzv54b6q2h03,0.4883529245853424
cmksw92eq7pe6mzv5krx0q5qr,0.4595799446105957
cmksw8y5t7ok9mzv5v5mph73g,0.4900191128253937
cmksw94uu7pt8mzv58b7lh5h6,0.61540687084198
cmksw961w7pycmzv5hx3f6dm3,0.4936332404613495
cmksw90mt7p1vmzv5c98fjmjj,0.6068490743637085
cmksw91vd7p9fmzv58b9hkmhx,0.49106383323669434
cmksw95he7px0mzv584o0k2cd,0.4612962603569031
cmksw967p7pznmzv5mq9czlzo,0.4700082242488861
cmksw94727po1mzv5r324id0l,0.4728034436702728
cmksw93ub7plhmzv5kthgsp6r,0.47906699776649475
cmksw92r07pgrmzv5g6qnniu5,0.4715941846370697
cmksw92897pcjmzv51px4nhj8,0.49945157766342163
cmksw900a7ow9mzv5fhr0hfab,0.43380308151245117
cmksw8wiw7o7rmzv56nwquk09,0.4804406464099884
cmksw8wcs7o64mzv5qfoicsr9,0.4504852294921875
cmksw8vzn7o2emzv5e1zkwthv,0.44488805532455444
cmksw8saq7ndwmzv500hjp2tz,0.4627111554145813
cmksw8utp7nw2mzv5sqpubvh9,0.465903639793396
cmksw8tun7nq4mzv5r6pa3auv,0.4960803687572479
cmksw8w5r7o48mzv5a8bnen8x,0.6152597665786743
cmksw8u397ns6mzv55k1104jh,0.4932027757167816
cmksw8rlj7n81mzv59qbl7tyc,0.5492450594902039
cmksw8vmu7nz3mzv52wrteyks,0.4796951711177826
cmksw8rxj7nb1mzv5tksv2kgj,0.4368969202041626
cmksw8v247nxlmzv578qgqlom,0.45617935061454773
cmksw8x0l7ocxmzv5bl8pg4ia,0.4731954336166382
cmksw8wos7o9hmzv5ds2qw45p,0.48318758606910706
cmksw8x6c7oeomzv5jdiv073w,0.47517240047454834
cmksw8xww7oifmzv5gbudi29a,0.46533793210983276
cmksw8smv7nhnmzv5lmumzi5s,0.5055591464042664
cmksw8s417ncdmzv5eeva3bk0,0.5002016425132751
cmksw8tnp7nnzmzv5k196eg1m,0.45362600684165955
cmksw8xqy7ogjmzv5ed856ryb,0.47401073575019836
cmksw8t807njmmzv52t66p2lu,0.45840319991111755
cmksw8udn7ntlmzv54hiul2rc,0.4751651883125305
cmksw8rr77n9pmzv5n67apnhs,0.4699544608592987
cmksw8wuv7ob7mzv5cr5n5tbj,0.47636809945106506
cmksw8y317ok8mzv5hcn6uk1l,0.49162009358406067
cmksw8sh37nfkmzv5e5n0f1f2,0.46510279178619385
cmksw8tg07nlrmzv5wbprok3u,0.48136410117149353
cmksw8ua07ntkmzv56svs7bqp,0.4854675829410553
cmksw8um47nutmzv5ri04e2o9,0.48444437980651855
cmksw8vti7o0lmzv5vt87t1xa,0.4740970730781555
cmksw8r9g7n3wmzv5mqsz4edi,0.46561357378959656
cmksw8m1f7lrvmzv5zm0khs6c,0.4685229957103729
cmksw8o0o7m8emzv53ebd52wt,0.4891200363636017
cmksw8p377mf4mzv56hmfr471,0.533093273639679
cmksw8oq47matmzv5yj74dxmo,0.4713701605796814
cmksw8lv77lq9mzv595ru8isv,0.4768257141113281
cmksw8pnn7mn5mzv51pbuz5i2,0.4737125039100647
cmksw8r2f7n1hmzv5rfo5vzhp,0.4711495339870453
cmksw8n7e7lzvmzv5vn1orwvk,0.6179487705230713
cmksw8nog7m3smzv55wq5ylpv,0.6211107969284058
cmksw8nao7lzwmzv57vnjt1x6,0.6183597445487976
cmksw8qhs7myymzv59stb1eiv,0.48430901765823364
cmksw8qb17mvzmzv5a8u4ffqw,0.49690505862236023
cmksw8nho7m1fmzv54pecsmtw,0.5094485878944397
cmksw8rfr7n6dmzv5obg4nfdr,0.4948503375053406
cmksw8m7d7ltomzv5jecwd2cb,0.4993985891342163
cmksw8owq7mdhmzv5lawn0pha,0.4815002679824829
cmksw8mry7lvrmzv530htu23l,0.47762614488601685
cmksw8pvl7mpymzv5k08ujszq,0.4697253108024597
cmksw8n1f7lxvmzv5r70wb083,0.48975661396980286
cmksw8my57lxumzv57komsu8o,0.47066882252693176
cmksw8pgh7mkfmzv5fq8yp58n,0.4409309923648834
cmksw8nuk7m65mzv5a8uw7m0p,0.4595567286014557
cmksw8o7o7masmzv5eldn78pv,0.4946255385875702
cmksw8pa07mhsmzv528ey9zde,0.4744148850440979
cmksw8q3f7msxmzv5a7nhod40,0.45999112725257874
cmksw8jpl7kzwmzv5uyjig5jh,0.4942125082015991
cmksw8khv7l37mzv5t6h3e3lm,0.46514812111854553
cmksw8l417lcrmzv5uql2emzx,0.48640331625938416
cmksw8jsz7kzxmzv5hox8i688,0.6191921234130859
cmksw8lb47lgimzv5pix6p50k,0.6149117946624756
cmksw8jjx7kx2mzv5l9ffzlzd,0.4663933217525482
cmksw8li37lkbmzv5qje9ek5b,0.4242785573005676
cmksw8j5k7kpumzv5btrwc894,0.46203556656837463
cmksw8kpa7l6hmzv55uzk4eb6,0.4788897931575775
cmksw8kwe7l9hmzv5biw4hefp,0.46645134687423706
cmksw8lpb7lnamzv5nha1hvpc,0.4705483615398407
cmksw8jwz7kzymzv56zrtchrt,0.48720455169677734
cmksw8jdc7ktfmzv58swd3ebo,0.4564284086227417
cmksw8it97kodmzv58ex7y498,0.4814087450504303
cmksw8eq47k54mzv523ule0iy,0.48027852177619934
cmksw8fd47k9fmzv5g3ycowsw,0.4807797074317932
cmksw8fq77kbfmzv5mez6mrnm,0.4722856283187866
cmksw8gpx7kevmzv5asv96xb2,0.47383055090904236
cmksw8hd87ki8mzv5zm2g9x0l,0.4981845021247864
cmksw8bfl7jl7mzv5wt7l834a,0.47154074907302856
cmksw8buf7joqmzv59o15v550,0.4809284508228302
cmksw8cna7js6mzv57vx46rag,0.4613010883331299
cmksw8ci87jr3mzv5roy914gn,0.49320024251937866
cmksw8iny7knmmzv5orjmleon,0.4990900158882141
cmksw8ejm7k3tmzv5hw2e6tki,0.4822601079940796
cmksw8bpm7jnnmzv5n3w57jsl,0.49010127782821655
cmksw8bzf7jptmzv5nzct7aal,0.4809550344944
cmksw8bkb7jmmmzv57rjzwbgo,0.5100157856941223
cmksw8dtd7k1dmzv5vhalg7v1,0.4858250021934509
cmksw8hyv7kltmzv5ck9ieglb,0.437791109085083
cmksw8iik7kmtmzv5i8ewiynz,0.49290940165519714
cmksw8b167jh2mzv5pcj4g6l7,0.4158269166946411
cmksw8dnr7k04mzv524qsf75l,0.466183066368103
cmksw8dzl7k2mmzv5z0n8hch8,0.49167805910110474
cmksw8h7s7khgmzv59nkcd94g,0.48480454087257385
cmksw8evo7k68mzv5bxyl1y31,0.47171443700790405
cmksw8cyr7jugmzv5ve442nys,0.4783613681793213
cmksw8g0s7kdcmzv5gf07l3dz,0.4694317877292633
cmksw8fvi7kcemzv5gn34j5mu,0.4768630862236023
cmksw8f6u7k8gmzv5h9nufb5s,0.4911786913871765
cmksw8bas7jjumzv5tthnijn0,0.49222275614738464
cmksw8gk97kdwmzv5bobt05ec,0.5121669173240662
cmksw8fj87kadmzv5lcrvj350,0.4734942615032196
cmksw8htd7kktmzv5oqzmluue,0.6215835213661194
cmksw8dbi7jx4mzv5pxbtjsb4,0.47567734122276306
cmksw8d547jvsmzv5ql68z4nx,0.46836426854133606
cmksw8ct77jtfmzv50lokuntu,0.5033578276634216
cmksw8f177k7dmzv5zbqybmwr,0.47394099831581116
cmksw8h2d7kgpmzv5iwd71r83,0.47655007243156433
cmksw8hin7kj3mzv5kv2q2cz0,0.5102391242980957
cmksw8hnz7kjymzv589ylg2mk,0.484648197889328
cmksw8gw47kftmzv5jgj15rq0,0.49224528670310974
cmksw8iym7kp6mzv5aazs4w67,0.49928179383277893
cmksw8aw27jfkmzv51cazfjjn,0.426256388425827
cmksw8dhp7jymmzv516dxh1ol,0.46836426854133606
cmksw8b5x7jihmzv54pn82etx,0.4821445345878601
cmksw8aqd7jd0mzv5pou50tmo,0.5081078410148621
cmksw87mz7iagmzv53gahew8d,0.4960509240627289
cmksw88737ik8mzv5ks12rsqd,0.4962420165538788
cmksw88vk7ip3mzv5o8qcl5rs,0.5030243992805481
cmksw89hd7iz0mzv5fyr1ekr6,0.4960539638996124
cmksw7x5e7ed0mzv51zjppj2r,0.49271586537361145
cmksw84do7h6qmzv5mr5h4qp3,0.5000705122947693
cmksw89mb7j15mzv5sa0we93e,0.49580293893814087
cmksw843o7h2jmzv576hy6twn,0.4962151348590851
cmksw83tg7gximzv5y6rieyix,0.5058912038803101
cmksw896x7iu3mzv5uuku9wqu,0.49925699830055237
cmksw84nz7hbgmzv5p3idskbi,0.5144169330596924
cmksw85c07hg5mzv5mqb8qmnu,0.508406937122345
cmksw85x47hpkmzv5on9yvgxy,0.5007224082946777
cmksw81oo7g3emzv5b4f1syfj,0.49728745222091675
cmksw81zh7g8omzv5kytnzyf9,0.489682674407959
cmksw82k97giqmzv57mnwbbtu,0.48913246393203735
cmksw82ui7gncmzv58c3ft7nq,0.501607358455658
cmksw7yoz7eypmzv5u1i0d8vy,0.5112144351005554
cmksw7z4i7f6wmzv5l27uepwd,0.4945957362651825
cmksw7zyb7fevmzv584k9fwua,0.510677695274353
cmksw7uwr7dlnmzv5sumrpq74,0.4962077736854553
cmksw7vqb7dtlmzv5639c7816,0.5263000726699829
cmksw7wul7e7fmzv5gslog5jk,0.4828525483608246
cmksw82f97gg6mzv5z0h1rhfb,0.48807984590530396
cmksw7yzh7f46mzv5gi4j82jk,0.5032237768173218
cmksw84iv7h94mzv5dim1rap0,0.49663469195365906
cmksw848m7h4emzv52g8cnqoj,0.49593067169189453
cmksw87x17iflmzv5f4cm9ywc,0.49067819118499756
cmksw862w7hrumzv5ues2610c,0.5124731659889221
cmksw81u47g63mzv5mjqvaaqi,0.5056062340736389
cmksw87rz7id0mzv53zc7j3lw,0.500183641910553
cmksw83dv7gpymzv5c7b0x77x,0.5081797242164612
cmksw87cj7i5hmzv5l9l0nch1,0.5017025470733643
cmksw7y4n7eo0mzv54tv9874f,0.5008228421211243
cmksw8a1e7j8cmzv5o2xz0zqw,0.5048848390579224
cmksw80ue7fv9mzv5vh7wck7o,0.49725741147994995
cmksw7yjy7ew5mzv5v8q0hcdo,0.4930923879146576
cmksw7wb17e4mmzv5rbw0c7k3,0.5004404187202454
cmksw7zta7fc6mzv5mev7qqay,0.48826077580451965
cmksw83jf7gsfmzv54quzc04d,0.5015421509742737
cmksw85h37hilmzv55u8h9lsf,0.4975442588329315
cmksw881z7ihsmzv55hd79sy4,0.49459731578826904
cmksw8a757jatmzv5uybkx5p2,0.5097523927688599
cmksw80eh7fn3mzv5rrowufm0,0.4937931299209595
cmksw7v207dobmzv5i6vh4kew,0.5333364009857178
cmksw7yuc7f1fmzv5vwmdv5fc,0.5079782605171204
cmksw7znq7f9fmzv5ug810acq,0.4979352653026581
cmksw803o7fhkmzv53akzpfzp,0.5124520063400269
cmksw7w5t7e1umzv5hkh3v7br,0.5027431845664978
cmksw80jp7fpumzv59ybml2kf,0.49477750062942505
cmksw7vvg7dwbmzv5n1n96i89,0.5072153210639954
cmksw7xal7efrmzv5mnvqfj5y,0.5132959485054016
cmksw7xtv7eihmzv5oxdicb6r,0.4888591468334198
cmksw7vl77dqxmzv5aprxki5h,0.5032556653022766
cmksw7y9p7eqomzv5wx2yd2qr,0.5108055472373962
cmksw7xzi7el8mzv5vnybadwz,0.49773991107940674
cmksw80p37fsjmzv5ieqf5g3p,0.49413803219795227
cmksw824o7gbbmzv5vwv1rit7,0.48443174362182617
cmksw86d07hwimzv5ath72say,0.5089426040649414
cmksw89rf7j3gmzv5seihr9zq,0.4985302984714508
cmksw85rj7hnamzv548tqjijd,0.5076655745506287
cmksw83oi7gv1mzv5b0ffa3ug,0.5068811178207397
cmksw891q7irkmzv5r0k8b2o5,0.5000436902046204
cmksw82a07gdwmzv5zg9k2o2b,0.479303777217865
cmksw81iv7g0omzv58xl1eor5,0.49634119868278503
cmksw88c97imkmzv54agazd7u,0.4977796673774719
cmksw86ig7hynmzv5fadk1xrh,0.5069200396537781
cmksw87hu7i7xmzv5k561plel,0.513288140296936
cmksw85m77hkwmzv5fsmizv45,0.5078372955322266
cmksw80zp7fxzmzv5osk78g6t,0.49453482031822205
cmksw80917fkcmzv5bk1lz6ve,0.5079806447029114
cmksw7x0a7ea9mzv5ydhkm61f,0.5103461742401123
cmksw7w0m7dz2mzv57z82z3ok,0.506190836429596
cmksw89ca7iwlmzv5hi59pv8r,0.4916338622570038
cmksw7yeu7etcmzv5osjj2m3q,0.5073078870773315
cmksw7uuq7dlmmzv55apebkva,0.42948734760284424
cmksw7uja7dd9mzv576zgpzvk,0.4958552420139313
cmksw7up77djgmzv537ev11ev,0.44198524951934814
cmksw7twc7csumzv513ypt168,0.408191978931427
cmksw7u1o7cvdmzv514ihu1sx,0.41310498118400574
cmksw7t7s7cnpmzv58k3cyo6e,-0.4479767680168152
cmksw7t2j7cjtmzv5kaskfpb7,0.5153490900993347
cmksw7ucv7d3emzv55sysjo7c,0.5667364001274109
cmksw7tr57cr1mzv5w7a0r7u8,0.41855862736701965
cmksw7u6z7cybmzv5h0j7osjz,0.5020081996917725
cmksw7sxb7cgsmzv50n6ob3t6,-0.5247193574905396
cmksw7srr7cbnmzv5sbhqkmud,-0.4531271159648895
cmksw7sm07c8gmzv5zutye20n,-0.48325082659721375
cmksw7s7u7c4umzv5lw2830kz,0.4498540759086609
cmksw7sh97c73mzv5s50iwxxc,0.6857377290725708
cmksw7ryb7c2qmzv53bb0hvvl,0.4597014784812927
cmksw7sci7c5zmzv5bfj76t4u,0.6141626238822937
cmksw7s337c3zmzv5u7omeipw,0.6003168821334839
cmksw7rfk7c1mmzv5kilup2se,0.4494369626045227
cmksw7r107by0mzv5dhnc964t,-0.46015387773513794
cmksw7r5r7bz8mzv50cw29pd7,0.3866562247276306
cmksw7qgv7bqwmzv5cndi2koe,-0.5326609015464783
cmksw7rai7c07mzv5ee5sp6x1,0.42989057302474976
cmksw7qm17bttmzv59d5tnng7,-0.5489770174026489
cmksw7qr67bvomzv5qzbo8fm8,-0.46967533230781555
cmksw7qw37bwtmzv5z1kzocxz,-0.49183812737464905
cmksw7qbn7bpemzv57mwknhoa,0.5279639363288879
cmksw7po37bmymzv5qvao8yn5,0.4088243246078491
cmksw7q6u7bo5mzv5hvzn884t,0.4499817192554474
cmksw7pj27bkqmzv5p8jmk5oy,-0.5555761456489563
cmksw7ou17bdemzv5v6scmx89,0.6376556754112244
cmksw7k6w7ademzv5v54ijmhz,0.6238803267478943
cmksw7n7q7ayzmzv59omru6ai,-0.49949613213539124
cmksw7nr87b53mzv5oe9rysxw,0.45575329661369324
cmksw7oz17bf0mzv5mp235rc3,-0.4305138885974884
cmksw7l4l7akdmzv50nu9u71v,0.4537549614906311
cmksw7kup7ahemzv5hqbi62v4,0.43461209535598755
cmksw7op97bbtmzv5foc85zgc,0.6422303915023804
cmksw7ncg7b05mzv5uy4tdpmd,0.6455535292625427
cmksw7n2v7axwmzv5rvtltrik,0.6442854404449463
cmksw7lvr7arpmzv585kpsp9l,0.6468091011047363
cmksw7l9x7alwmzv59gi6r5ut,0.6640771627426147
cmksw7pe57bitmzv5pfegg47a,0.7110217213630676
cmksw7m5z7atomzv5t6x5mi1u,0.6393380165100098
cmksw7lkw7aozmzv52l7gnmdu,0.6436537504196167
cmksw7my57awsmzv5uy02j413,0.6445332169532776
cmksw7k4r7addmzv5o08lb0hi,0.47915494441986084
cmksw7lfx7animzv5m8gkox92,0.434591144323349
cmksw7p9a7bhkmzv57y53f4k5,-0.4235679507255554
cmksw7nh97b1omzv5oc1aw8vk,0.4434228539466858
cmksw7ok97ba6mzv51egy8ed0,0.4506823420524597
cmksw7lpz7aqcmzv552a4ohjv,-0.4359670579433441
cmksw7mot7auqmzv5ndgv1mj3,-0.4374944567680359
cmksw7nw77b6umzv5m4o7lg28,0.4771117866039276
cmksw7p4k7bgamzv5gc7s2hab,0.4217052757740021
cmksw7kzq7aiumzv5b84kefmi,0.43434906005859375
cmksw7m137asnmzv5pe2gmznw,-0.4877694249153137
cmksw7nm57b3bmzv5a0tj3n6s,0.44824397563934326
cmksw7kby7ag6mzv5hqun9rls,0.48185041546821594
cmksw7mtk7avtmzv5a5h6mhep,0.4562950134277344
cmksw7of97b8jmzv5cvgqmnhj,0.6444743275642395
cmksw7jz47a83mzv5le1hy2pq,-0.5093134641647339
cmksw7jm97a0omzv5hr9fpizz,0.7149023413658142
cmksw7jfp79q0mzv5h7bdu8hi,0.4623469114303589
cmksw7j6e79i4mzv5qzk713lz,-0.5073020458221436
cmksw7jdh79pzmzv5j1gdc1it,0.4403536319732666
cmksw7jtt7a5kmzv5fg1zysb4,-0.44383591413497925
cmksw7jrt7a5jmzv5vpl236p6,0.45607829093933105
cmksw7imx79g6mzv5va5ki4p9,0.5842686295509338
cmksw7i2o79a1mzv5ewnp9tg5,0.4938064515590668
cmksw7i7r79bemzv5wsk6555v,0.7174752354621887
cmksw7hx7798smzv5lan44fg6,0.42601630091667175
cmksw7icq79cjmzv5vjstlsch,-0.41737744212150574
cmksw7iht79edmzv59ldhrmbp,0.42306238412857056
cmksw7hsi797wmzv59gvw5aia,0.4884917438030243
cmksw7fy078fhmzv5b7h4aurt,0.4734838306903839
cmksw7ccq76stmzv5llxd73vb,-0.5369333624839783
cmksw7cnq76wlmzv55xzq28of,-0.5447005033493042
cmksw7dom77b7mzv53aljub73,-0.5329840183258057
cmksw7hcj78y5mzv5lzmfwwo5,0.6364668607711792
cmksw7esg77xmmzv5gkgnr3ox,-0.5194807648658752
cmksw7hi0791amzv5150mg2lu,0.6386930346488953
cmksw7hn3794gmzv5xfutmdc6,0.7155570983886719
cmksw7fse78bcmzv5kcm6gv0l,0.4779928922653198
cmksw7dis777emzv5dsk9vp23,0.43407753109931946
cmksw7gie78qqmzv5o31omlpi,0.6534209251403809
cmksw7en177ttmzv5skm2yp8g,-0.527106523513794
cmksw7g3378i9mzv5ippay5ab,0.48235177993774414
cmksw7gnj78twmzv5svidrdyg,0.44379284977912903
cmksw7fn3787umzv5fxluzb6g,-0.47653859853744507
cmksw7g8278kymzv50cfd0op0,0.4801986813545227
cmksw7cet76sumzv5shcpa54z,-0.5006613731384277
cmksw7chn76svmzv5mo0sf8kp,-0.5420957803726196
cmksw7czc773umzv5a6ccikac,-0.5344165563583374
cmksw7dtv77dpmzv5j53q0lad,-0.574607789516449
cmksw7dzk77ggmzv5c6mxjepb,-0.5271983742713928
cmksw7ebb77n4mzv5c5f1jsqz,-0.47342467308044434
cmksw7gsg78vpmzv5c7eda7di,0.4713708460330963
cmksw7exq7818mzv5gu77ngw6,-0.5158957839012146
cmksw7e4v77jrmzv59apso0xf,-0.460190087556839
cmksw7ctr770bmzv5fu2kjso2,-0.4712758958339691
cmksw7ehj77qimzv5es52ommc,-0.5500853061676025
cmksw7fh8784fmzv5wudj30m2,0.4247265160083771
cmksw7gd378nomzv5uy5ziifq,0.49159547686576843
cmksw7c7p76rmmzv5121nd8xz,-0.4484139084815979
cmksw7c2x76ptmzv5de6nsqbf,0.42228057980537415
cmksw7bw976ojmzv5jy0uqvtv,0.5805483460426331
cmksw77kt75ermzv5e82u86c0,-0.5290675759315491
cmksw78j275lxmzv5g0hxle5h,-0.5481151938438416
cmksw798f75xemzv53gxznwts,-0.41091006994247437
cmksw79dp75zsmzv5c4lv1rsd,0.41176432371139526
cmksw759x74rtmzv5bt16ckqa,-0.44017893075942993
cmksw78xx75ssmzv5uzla2dgh,-0.4085424840450287
cmksw78o375o4mzv525oko8qf,0.4093402326107025
cmksw7621750hmzv5x1ca0mmd,0.41409626603126526
cmksw770e757emzv538i04zkc,0.41317135095596313
cmksw75qf74y3mzv5lqcxenbd,0.5661308765411377
cmksw76v8755jmzv56410h8ku,-0.40751779079437256
cmksw78t175qhmzv5mjzslhml,0.40789926052093506
cmksw7c0y76psmzv5xtjjj445,0.7262704372406006
cmksw78e275k5mzv5meh27gjz,-0.40846699476242065
cmksw7avy76i2mzv56yzi2eii,0.47303709387779236
cmksw75xa74z5mzv5s8d31xt9,-0.40958335995674133
cmksw75sh74y4mzv5rhz4rjj0,0.44992032647132874
cmksw7aha76btmzv5h2o7cfpn,-0.5557288527488708
cmksw77fs75d1mzv55j2xrphm,-0.5323466658592224
cmksw77px75ggmzv5t08djyxn,-0.5341326594352722
cmksw7a6s7675mzv510ofx87f,-0.5594069957733154
cmksw7aca769mmzv5jnf84ye3,-0.5401620268821716
cmksw7aqy76fzmzv5i1775tao,-0.5321744084358215
cmksw76l87527mzv51rxa021t,-0.5385770201683044
cmksw7b8q76m1mzv5la2rbwxi,0.5730769634246826
cmksw7b3i76kvmzv5irif5qiv,0.574662983417511
cmksw75fb74txmzv5ru8xemvx,-0.43120527267456055
cmksw75l374vymzv5hmp643vy,-0.4358067214488983
cmksw76qe7540mzv5cqm2pp5c,-0.5185673832893372
cmksw750474oemzv5njj6hy8y,-0.4422885477542877
cmksw79io7626mzv5t2sa0eoe,-0.5491726398468018
cmksw77v775ijmzv5oxnisf6t,-0.47845304012298584
cmksw775k7598mzv5blkh15s0,-0.5542306303977966
cmksw7bdh76namzv5ju6afl2h,0.5801429748535156
cmksw7b1i76kumzv52jsy8np1,0.6124826073646545
cmksw7am676e0mzv5tm23j4f7,-0.4433971643447876
cmksw79nm764nmzv5higbvjps,0.4087243974208832
cmksw77aq75b2mzv5llem5k3e,0.4072744846343994
cmksw793475v2mzv5uzbluvfm,-0.560164749622345
cmksw72vh7474mzv5e34otfug,-0.463578462600708
cmksw73u374gfmzv5cztkwe61,-0.41921719908714294
cmksw742674gjmzv5lj59nhmg,-0.43118661642074585
cmksw73y674ghmzv5499rriii,0.511833131313324
cmksw72l0741hmzv52i66n6p9,-0.4689531624317169
cmksw72qf745emzv54rcaloly,-0.45561131834983826
cmksw73jv74bsmzv5mgupyb30,-0.42331576347351074
cmksw73w374ggmzv5fxt0mua4,-0.4343487024307251
cmksw747574j0mzv5naf0vyyu,-0.42861485481262207
cmksw74c874lpmzv5vybwllxd,-0.4286382496356964
cmksw730n749gmzv5499ndclk,-0.4487852156162262
cmksw740674gimzv5udzac5ix,-0.49310606718063354
cmksw74hd74ocmzv51zw02nwg,-0.4286143481731415
cmksw73p474dzmzv54hrxeadl,-0.4265151619911194
cmksw74xi74odmzv5chqpcks1,0.5006912350654602
cmksw71vb73rgmzv59rc5qbbz,0.7400776147842407
cmksw72aq73xsmzv5qmr0aqtv,0.6276440620422363
cmksw716b73lamzv5yzzmyw9k,0.48108434677124023
cmksw70fp739dmzv5y39k7vyl,0.5082830190658569
cmksw710z73j3mzv5ljctrqjf,0.5184650421142578
cmksw70q373dvmzv52j35xwlq,0.5097740888595581
cmksw70ku73bmmzv5lkalpraa,0.48658275604248047
cmksw720o73uumzv58npeumlh,0.5223703980445862
cmksw725p73w2mzv5jettpi0r,0.5046901702880859
cmksw70al737tmzv5kmlwakmy,0.4554623067378998
cmksw70vo73ghmzv5a380a14l,0.5035340785980225
cmksw72fv73zimzv50fjbh0om,0.6099871397018433
cmksw71pm73ofmzv57lt7sgai,0.6745551228523254
cmksw6yyj72jjmzv5leka6u75,0.517054557800293
cmksw7012735smzv5ifjnwjwi,0.48831993341445923
cmksw6z7072u8mzv53k8pra1l,-0.5354689955711365
cmksw6zcq72znmzv5nzkan10a,0.5045304894447327
cmksw6yrn728wmzv5rnxfhr3u,0.4966566860675812
cmksw6zw4734smzv5j36so0pf,0.5250741839408875
cmksw705v736wmzv5oxk11603,0.5183537602424622
cmksw6z4w72u7mzv5ntw4buto,0.48289385437965393
cmksw6w6871m4mzv5l7b3aell,0.6134176254272461
cmksw6v8s71gymzv5xmrw5l4d,0.5884559750556946
cmksw6xi471y7mzv5yotj93xn,0.6046168208122253
cmksw6y1r71zvmzv5qiys5ktq,0.5076219439506531
cmksw6x1t71tlmzv51qlyyty3,0.5158437490463257
cmksw6wrl71qwmzv5jp8p356t,-0.4583696722984314
cmksw6ymd7272mzv50hv42drt,0.676397979259491
cmksw6wwx71s8mzv5nhk8ig4q,0.6083484292030334
cmksw6wfz71odmzv57ibzqrck,0.610692024230957
cmksw6v3i71f1mzv50zx7b7zy,0.5536969304084778
cmksw6xcd71wkmzv5j8chghks,0.5210540294647217
cmksw6wla71pimzv5a7v9tcf5,0.5149189233779907
cmksw6vnf71kzmzv589uw4p5c,0.5795526504516602
cmksw6vdz71iwmzv57frehq43,0.5384137034416199
cmksw6vis71jumzv5cyr79oif,0.5387882590293884
cmksw6yce723cmzv5ilnfx8bh,0.5079216361045837
cmksw6yh87257mzv50iy6z34i,0.4995819330215454
cmksw6x6q71uxmzv5k4jr4gag,0.5125682353973389
cmksw6wb771n8mzv5o1425znp,0.538437008857727
cmksw6ut671b8mzv5hrr7hcjg,-0.5771546959877014
cmksw6uyd71d9mzv5mgg7cpck,0.45378535985946655
cmksw6y7f721imzv5un7mkhij,0.5018870234489441
cmksw6ujk719vmzv5ipxi7pd3,0.4482448399066925
cmksw6ues719amzv58tkkns3f,0.44895002245903015
cmksw6uoc71almzv5f2v9bt5x,0.4345178008079529
cmksw6trl7187mzv5nntuqrcv,-0.4246678352355957
cmksw6tmy717mmzv5moh8ebba,0.4514501690864563
cmksw6ti97171mzv5zx3s41ze,-0.41619670391082764
cmksw6twa718omzv52uwxa61r,0.45171934366226196
cmksw6tdf716kmzv5e8u71g12,0.44904622435569763
cmksw6t8m7160mzv52ficzrk9,-0.502856969833374
cmksw6srm710jmzv5u6hsslid,0.5882415771484375
cmksw6s4670yomzv54cr5du7s,0.6022796034812927
cmksw6s8u70zlmzv5vcbmapcx,0.5829376578330994
cmksw6swj711vmzv5c7ay16iw,0.6615309715270996
cmksw6rtr70u6mzv5vkdna072,-0.4333881437778473
cmksw6phy705rmzv541g5qv7w,0.4383883774280548
cmksw6q7470ejmzv56nqpel4r,0.43347981572151184
cmksw6rk670qjmzv5l2qh0cza,0.5319709181785583
cmksw6p77700kmzv554x50rrr,-0.4422439932823181
cmksw6t1i713pmzv5ifvd8zgx,-0.5252091884613037
cmksw6px470bomzv5zs4sl8wb,-0.4163587987422943
cmksw6pn3708cmzv5rzzbp3zx,-0.4554218351840973
cmksw6t3q713qmzv5fcnn4l45,0.5154771208763123
cmksw6ryn70vomzv5fpq9lb5g,0.5944934487342834
cmksw6rox70semzv5cdd688vg,0.5388544201850891
cmksw6qh170i1mzv5i351tmth,-0.4534554183483124
cmksw6ra470namzv5th8eiykg,-0.43568357825279236
cmksw6oek6zvrmzv51q0ls94z,-0.47000521421432495
cmksw6nuo6zpymzv58g5trpwz,-0.5081570744514465
cmksw6nzs6zrmmzv55buxp9p6,-0.45165854692459106
cmksw6llz6z30mzv5mevo6v0v,-0.42275869846343994
cmksw6mlc6zg4mzv5h8yil4zk,-0.4396079182624817
cmksw6o9n6zudmzv579x22hal,0.45378732681274414
cmksw6m0p6z8imzv5h0mgxnyb,-0.43584519624710083
cmksw6o4q6zsrmzv5jxm8598c,0.4537523686885834
cmksw6nk86zmdmzv57sqv1hfj,-0.42492783069610596
cmksw6mg96zeemzv5kkue1iwm,-0.5055676102638245
cmksw6mvm6zj7mzv5v70uhhom,0.4539964199066162
cmksw6nf06zkomzv5spmasanv,0.44780752062797546
cmksw6m5t6zaimzv5xgivjoh5,-0.4747527241706848
cmksw6mqi6zhrmzv53zf54crx,-0.4957467317581177
cmksw6mb06zccmzv5i3cwx5c0,0.44972291588783264
cmksw6lvr6z6kmzv5t3krwgbe,-0.4715763330459595
cmksw6nph6zo4mzv5sr7y56ll,-0.49611392617225647
cmksw6lqu6z4nmzv518iqzzz0,-0.4748690724372864
cmksw6ojb6zx5mzv54sg50dck,0.4518921673297882
cmksw6jzw6y31mzv5b5hhr8yk,-0.5453054904937744
cmksw6kni6yssmzv5p5tcytyd,-0.4941403269767761
cmksw6k5t6y9hmzv5t2661qms,-0.49961501359939575
cmksw6jmq6xllmzv52ymvvjad,-0.46731725335121155
cmksw6jty6xwlmzv5hprj770m,-0.5366264581680298
cmksw6ksi6yv7mzv5t7arbya3,-0.5085166692733765
cmksw6kxs6yxtmzv55sitkvad,-0.49021854996681213
cmksw6l2u6z0dmzv50lxesddm,-0.48895177245140076
cmksw6khn6ym9mzv522fp12dx,-0.5533990859985352
cmksw6kbr6yfvmzv55c8ou28y,-0.4924900233745575
cmksw6iug6xdzmzv567i655w8,0.585415780544281
cmksw6isa6xdymzv5d7dv4x71,0.6552461385726929
cmksw6j2q6xitmzv55f2qe20n,-0.48667111992836
cmksw6iwm6xe0mzv5yo7m6r4i,-0.47698456048965454
cmksw6iig6xc8mzv5wh9cn98y,0.4587078094482422
cmksw6fql6wxamzv5u7gxbfhu,0.41266000270843506
cmksw6i6v6xaqmzv5x6iu25as,0.5917462110519409
cmksw6gen6wzomzv50qfdt7vg,0.5527302622795105
cmksw6hcl6x8amzv5imorbbiq,0.46242159605026245
cmksw6hhb6x96mzv5wvbcz895,0.6019271016120911
cmksw6h356x6amzv55okst8ml,0.49633702635765076
cmksw6fll6wvwmzv5nk4w0qde,-0.40866756439208984
cmksw6h7v6x7emzv55vlw3ig9,0.4846709966659546
cmksw6fvy6wyomzv5bw8at4bd,0.45983433723449707
cmksw6fgm6wv3mzv5keil7ox5,0.4604281783103943
cmksw6gtc6x3emzv5i6rxxbje,-0.41845613718032837
cmksw6gy96x4imzv5n2ck2jov,0.6138801574707031
cmksw6gjk6x0zmzv511rm6w7h,-0.4318931996822357
cmksw6inb6xd0mzv5f7oun39j,0.6614116430282593
cmksw6goj6x2bmzv5ffgdvh88,0.5322166085243225
cmksw6idp6xbemzv59pvuhgqa,0.5850540995597839
cmksw6ibm6xbdmzv59bbokcn5,0.5935485363006592
cmksw6i4w6xapmzv5svy9bi8w,0.5935567021369934
cmksw6hm66xa1mzv5tnvsbuos,0.5874090194702148
cmksw6b8y6vc0mzv58ua6cqfg,-0.7937517762184143
cmksw6dbk6vysmzv5m5v1d99s,-0.7431231737136841
cmksw6c8y6vq0mzv5j4zi0o5y,-0.7919536232948303
cmksw6d6j6vwlmzv5jhy15wae,-0.7884497046470642
cmksw6bny6vhumzv5jpu8bcm9,-0.7523900270462036
cmksw6b3q6v9wmzv52o818yqq,-0.8019833564758301
cmksw6c3p6vnnmzv5mejxe3rc,-0.7394447922706604
cmksw6dmh6w3ymzv51az2nss3,-0.741990864276886
cmksw6e1l6wbomzv5qlafgxl0,-0.7425515651702881
cmksw6bt66vjpmzv5665yo15z,-0.7513772249221802
cmksw6dwi6w90mzv5titvnq23,-0.7505074739456177
cmksw6f996wrkmzv5jy5a3x0v,-0.6285200119018555
cmksw6ere6whamzv5tzuksq4u,-0.6190567016601562
cmksw6drl6w6imzv5tuwyk0ed,-0.7517587542533875
cmksw6bdy6ve6mzv593cdhxbh,-0.7509280443191528
cmksw6biy6vg7mzv5v48d1n06,-0.721360981464386
cmksw6f3s6wo1mzv5fjkdrbci,-0.5946112275123596
cmksw6csm6vs9mzv5siavj5k5,-0.7456257343292236
cmksw6by46vlimzv59r475g8n,-0.7193977236747742
cmksw6elk6weemzv5yhsvdpvu,-0.7740007638931274
cmksw6d4e6vwkmzv5ffceapmx,-0.785285472869873
cmksw6cyp6vucmzv5r07fdzga,-0.7706812620162964
cmksw6ex06wknmzv5fcchco66,-0.6415510177612305
cmksw6dgo6w1cmzv5brod7wzb,-0.7694188356399536
cmksw6fen6wv2mzv52tqc16rg,-0.4458683431148529
cmksw68a16u7wmzv5gqp8vr7w,0.41622617840766907
cmksw6a2y6uzfmzv5f5piipyv,0.5753269791603088
cmksw6ado6v5nmzv5z6c5w2bz,0.514471709728241
cmksw6ayo6v7omzv5e7y94j0a,0.5800713300704956
cmksw67f96ttomzv5t9qv3qml,0.41298234462738037
cmksw69m16uopmzv5jcg2xapl,-0.4070799648761749
cmksw6a886v3emzv56uzw4ho3,0.4442834258079529
cmksw68fo6uapmzv5sy5yo6i4,0.4191952645778656
cmksw69ro6us2mzv56ztcc9ze,-0.414358526468277
cmksw67pg6ty5mzv5u4jf3wxn,0.40903621912002563
cmksw67zs6u32mzv5idn7wiqj,-0.40980109572410583
cmksw6ain6v7nmzv5b8pvh00d,-0.4127751290798187
cmksw69xc6uvqmzv53ea9vxik,0.41795554757118225
cmksw684u6u5mmzv5rfwmu1fs,-0.4025125503540039
cmksw69g96ulhmzv59iw9g8q6,-0.4093679189682007
cmksw67ke6tvumzv560ukvmdf,0.4410112798213959
cmksw68ky6udjmzv5ovgmqfyv,-0.41887614130973816
cmksw69ao6uiwmzv5mxt8zgnu,0.41941818594932556
cmksw69466ug7mzv5ngkx9d7p,-0.4166780710220337
cmksw67ug6u0hmzv59jfw8nox,0.42394155263900757
cmksw66lx6tmjmzv5uk8zy9gd,-0.4795689284801483
cmksw63qb6s7qmzv5hv9240tl,-0.49842894077301025
cmksw64kq6stlmzv500bw8u6r,-0.6140206456184387
cmksw65vk6tbnmzv527y6t4f6,-0.5129225254058838
cmksw64fm6sqamzv5crdtyd0d,-0.6192695498466492
cmksw63w16sd5mzv5zrq01ldu,-0.44726619124412537
cmksw67a66tr8mzv5gl095xcq,0.5152785181999207
cmksw66gn6tk6mzv5rjr16cqw,0.4089188873767853
cmksw660q6tdmmzv56moflxnv,0.5320868492126465
cmksw63k76s3fmzv58nysauxb,-0.4894108772277832
cmksw641u6sj5mzv5byg4otp8,0.772333562374115
cmksw65kq6t5wmzv5ilzo66z6,-0.4915754497051239
cmksw65qd6t9nmzv5s9wqzecy,0.4699958860874176
cmksw64vk6t01mzv5iwfpntph,-0.5295924544334412
cmksw64806sngmzv52vxvkqnd,-0.5897130370140076
cmksw65f56t31mzv5mz4ja2ky,-0.6198413968086243
cmksw64dh6sq9mzv5xtjpgbky,-0.5876506567001343
cmksw665t6tfzmzv51dj61tqk,-0.41071373224258423
cmksw66bo6ti6mzv5rn6k60kp,-0.49912676215171814
cmksw66qy6tovmzv5yjdftp84,-0.5087941288948059
cmksw64q96swwmzv5c37b0ou4,-0.6037649512290955
cmksw630y6s14mzv5is98h527,0.412502259016037
cmksw62vy6rzkmzv5eq101w8p,-0.5266777276992798
cmksw62jj6rp1mzv5aizgyqh5,0.4676740765571594
cmksw62pq6rvemzv5m364guu0,0.719965398311615
cmksw62df6rimmzv563anukz5,0.48212745785713196
cmksw60qn6qsgmzv52l1hvro1,0.6661068201065063
cmksw5zxj6qe4mzv5ob0fia90,0.4781394600868225
cmksw61r76r5emzv5bttvbfdx,0.4827926456928253
cmksw60lg6qpnmzv547sxdwwk,0.5004609227180481
cmksw60b26qjumzv50l7vdblv,0.49178165197372437
cmksw611h6qzamzv590htodtk,0.655296802520752
cmksw61lb6r2amzv53a0fc0lx,0.48274579644203186
cmksw627j6re9mzv53lopmyfp,0.47139665484428406
cmksw5zsk6qc4mzv54a6coktr,0.4849185049533844
cmksw60g96qmnmzv5gfk34zin,0.502985954284668
cmksw608p6qjtmzv59fa13sgf,0.49973800778388977
cmksw60w36qvwmzv5fud7uqrk,0.5063085556030273
cmksw603i6qgxmzv5wk3k7nni,0.4922374486923218
cmksw61w96r89mzv56ekf3egi,0.48067134618759155
cmksw62206rb5mzv51f69ahta,0.43562594056129456
cmksw5ylk6pzqmzv5k4ml4mr3,0.4663856327533722
cmksw5yqr6q26mzv567666344,0.51331627368927
cmksw5yvz6q4tmzv522ywqbdq,0.5101484060287476
cmksw5z6p6q9vmzv5brerv98a,0.4866107702255249
cmksw5zck6qc3mzv5nk51rrk1,0.7369148135185242
cmksw5z1f6q7imzv5ih93c70l,0.493121474981308
cmksw5yaw6pwdmzv5ud5tpxwm,0.5222876667976379
cmksw5xe06po9mzv53ey1892g,0.6202379465103149
cmksw5x406pjjmzv55lbrfbay,0.514214038848877
cmksw5xg26poamzv5o4v2kfwt,0.5232244729995728
cmksw5xzo6pr5mzv5rkzg0t8u,0.6133913993835449
cmksw5yg36py2mzv59oyct4jv,0.611483633518219
cmksw5x916plxmzv54dpl3y64,0.46303045749664307
cmksw5x1n6pjimzv53ysm3qdm,-0.5214484333992004
cmksw5y5p6pu0mzv5mlehyfz0,0.46682676672935486
cmksw5wvv6pgmmzv5phmvg5xd,-0.570069432258606
cmksw5s5s6oixmzv5rcmurlig,-0.480394572019577
cmksw5vl76p7vmzv5h3tl7hbb,-0.5550287365913391
cmksw5uw76p1pmzv5myo7za6v,-0.5321903228759766
cmksw5t9b6oonmzv503mg6o3q,-0.5041288733482361
cmksw5tt66ourmzv5nesiifet,-0.5080724358558655
cmksw5wb76pb0mzv59yduqpgo,-0.5130099654197693
cmksw5t406omumzv5yv09r1bx,-0.5200203061103821
cmksw5toa6otimzv5hr05t1m1,-0.5028095245361328
cmksw5urd6p0amzv5v0ixp2hr,-0.5364862084388733
cmksw5syv6oljmzv5wxpxuqrs,-0.5236067175865173
cmksw5vv56pazmzv551m5pedz,-0.5137589573860168
cmksw5wm26pegmzv5fini3xuv,0.6067127585411072
cmksw5vay6p5tmzv5kivkd3ow,-0.47300705313682556
cmksw5umk6oyvmzv51gmjjoc3,-0.520479679107666
cmksw5wqy6pfqmzv5esve3e96,-0.4176124036312103
cmksw5v0z6p33mzv5lgvzkjl8,-0.4808438718318939
cmksw5v5v6p4jmzv5db0goam1,-0.49974411725997925
cmksw5tem6or2mzv5dzl4s0ux,-0.5050859451293945
cmksw5tyq6ow7mzv5p1ukl665,-0.5609716773033142
cmksw5stk6okdmzv5lsurnnl7,-0.5305711627006531
cmksw5sae6ojgmzv5us5xcd5e,-0.4910583198070526
cmksw5vq46p9fmzv56e2jx228,-0.539311945438385
cmksw5tjg6osgmzv5st4jn1hh,-0.506919801235199
cmksw5vg26p70mzv5u32evv5c,-0.5086323618888855
cmksw5u3j6oxomzv5b5a520in,-0.5139837265014648
cmksw5wg96pcnmzv5t9hsxlg7,0.4379887282848358
cmksw5qdc6o2gmzv5cazyk11a,0.7439728379249573
cmksw5py76nwdmzv5qoq14j2n,-0.6325467824935913
cmksw5rm36obymzv58t3g1zkx,0.7964245676994324
cmksw5rce6o8pmzv5gujjsed1,0.5619387626647949
cmksw5q3e6nzomzv50ydso6d0,0.7426150441169739
cmksw5q8a6o0vmzv5tullhrfd,0.5797615647315979
cmksw5rr16odxmzv5xhq4209f,-0.49442118406295776
cmksw5rha6oacmzv5krpu40ys,0.7178788185119629
cmksw5r2b6o5nmzv52rumvwud,0.739513099193573
cmksw5s0v6oh8mzv56xqb7w0y,-0.5333091020584106
cmksw5r7d6o77mzv5ifrzda5g,0.7446688413619995
cmksw5qin6o41mzv5wmz5pcfn,0.5245039463043213
cmksw5rvy6ofimzv5kger8psn,-0.5367162823677063
cmksw5ovs6npnmzv5dw7z9hn6,-0.6762238144874573
cmksw5pvx6nwcmzv5opvvz02c,-0.6445636749267578
cmksw5pqy6nuqmzv5mv1qn2wo,-0.6671884655952454
cmksw5ooz6nfcmzv58rent5dl,0.5731286406517029
cmksw5pm06nt5mzv54twf01zg,-0.6636655330657959
cmksw5pc36npomzv5xdrf351k,-0.6108869314193726
cmksw5ph66nrimzv508nr9zq6,-0.6672971248626709
cmksw5h5z6lu5mzv5pk6be72z,-0.42911940813064575
cmksw5gp36lo8mzv5nljgek5z,-0.5155585408210754
cmksw5hgy6lxymzv549a6wpnf,-0.43134021759033203
cmksw5oj76ndhmzv57p4zfsif,0.6183414459228516
cmksw5hww6m43mzv5l3jlrwhe,-0.534698486328125
cmksw5hrp6m20mzv508q325jl,-0.5360485315322876
cmksw5jqd6mjdmzv51bte9ix0,-0.45513591170310974
cmksw5g576lmxmzv514o7yzbi,-0.43259766697883606
cmksw5jvd6mkrmzv5j2jui49h,-0.4779907763004303
cmksw5n1i6n1dmzv5c7ew49wi,0.5313727855682373
cmksw5nyo6n6nmzv5u34ki3as,0.4658465087413788
cmksw5lj46myimzv5w5yijuti,-0.4532224237918854
cmksw5j106mcymzv5osxpqisb,-0.4697420299053192
cmksw5o3s6n8fmzv5skiu9a7l,-0.5058083534240723
cmksw5hbh6lvzmzv52i8dirce,-0.6134305596351624
cmksw5i2d6m68mzv5jqpwthc7,-0.5477592945098877
cmksw5kza6ms7mzv5nd0306g7,-0.4693715274333954
cmksw5lxv6mzwmzv5asir479r,-0.42702895402908325
cmksw5nef6n34mzv5jtavzvyh,-0.4799509644508362
cmksw5le46mx4mzv5i8qj8zud,-0.43729740381240845
cmksw5l8z6mvcmzv5355fkugj,-0.4616193175315857
cmksw5o926na7mzv5yxyer7lq,-0.5084213018417358
cmksw5oe66nbtmzv5of804l5k,-0.4846680760383606
cmksw5kf46mm8mzv5o1od1evd,-0.4811614453792572
cmksw5iw86mbxmzv5vvi8jsje,-0.47904467582702637
cmksw5jak6mfcmzv5dlk3wvnk,-0.4622611999511719
cmksw5jla6mhvmzv5txrlv88h,-0.4716261029243469
cmksw5h076ls9mzv580agooav,-0.5374870896339417
cmksw5hm66lzxmzv543k8tj3r,-0.5518189072608948
cmksw5kua6mqmmzv5z4oszbl7,-0.4223508834838867
cmksw5ilr6m8gmzv52keyjghr,0.42426353693008423
cmksw5l436mtqmzv5kcska7ix,0.5398205518722534
cmksw5kp16mozmzv5kv33ifo5,-0.4425821900367737
cmksw5kk36mnmmzv5idrnq8dx,-0.4592926800251007
cmksw5ntg6n4xmzv5ny5hggt1,-0.5009194612503052
cmksw5jg36mgtmzv5zskyuhln,-0.4417048692703247
cmksw5irg6mb3mzv5nmdw6mac,-0.4397757351398468
cmksw5j5r6me0mzv5manilsjv,-0.4816259443759918
cmksw5guv6lq7mzv5ybasx62w,-0.5306025743484497
cmksw5fw86liimzv5q56xuet9,-0.4686594605445862
cmksw5g2o6lmwmzv5oa337a5a,0.5648770332336426
cmksw5ff56lbimzv5a2t330ot,-0.433450311422348
cmksw5f9d6l9tmzv55u6wm3wx,-0.4153026342391968
cmksw5exa6l68mzv51tx2afgb,-0.4359617531299591
cmksw5fqe6lffmzv5iw3pjkcy,0.5666418671607971
cmksw5f3w6l7xmzv5f7vxqnzo,0.46370720863342285
cmksw5fky6ldbmzv5g4ulgr2v,-0.41269534826278687
cmksw5e8o6l2imzv5k1xdiwa3,-0.41698920726776123
cmksw5e3l6l0imzv5wdvr5du0,-0.4273080825805664
cmksw5es36l4amzv5hfzb4oh7,-0.43368420004844666
cmksw5der6kv2mzv5n48f4152,-0.48145487904548645
cmksw5cex6kp8mzv5ie3euw6a,0.4158441722393036
cmksw5bsr6kk3mzv5wgn3aujl,-0.4175519049167633
cmksw5bnt6kivmzv5s952ap48,-0.40689367055892944
cmksw5bcx6kggmzv5yhqrf1sa,-0.4660523235797882
cmksw5b1z6ke1mzv5qpnck74f,0.41994374990463257
cmksw5dtk6kyumzv5sa2qtmiy,0.4130301773548126
cmksw5c3o6kmsmzv5hfe2xrf3,-0.47429436445236206
cmksw5c906ko1mzv5gj716qf1,-0.4109358489513397
cmksw5b7c6kf8mzv5y17epka4,0.4820564091205597
cmksw5d9p6ktrmzv56n6u38ct,-0.43575942516326904
cmksw5by76kldmzv5tr1i0tc2,0.47556737065315247
cmksw5cyf6kqgmzv5p3v5rbjs,0.479914128780365
cmksw5dom6kxomzv52b5ivsmj,0.47001248598098755
cmksw5bid6khomzv5g44vavno,-0.42153987288475037
cmksw5dyi6kzomzv5so85rc7h,0.4732670187950134
cmksw5d4n6ks0mzv5bpfeijr7,-0.43502774834632874
cmksw5djn6kwfmzv5ril39kx8,0.47480344772338867
cmksw5a676kafmzv5klp5fj0x,0.46702060103416443
cmksw5afc6kcgmzv5gkc7p1gx,0.5902062654495239
cmksw5a0q6k8jmzv5ocqb1ve9,0.6456976532936096
cmksw5al96ke0mzv55w18vf8w,0.6430308818817139
cmksw5ac26kcfmzv5wl0qdmj5,0.5251596570014954
cmksw59vh6k5wmzv5ef216g8o,-0.5657044053077698
cmksw59q16k24mzv5zavwm971,-0.4635362923145294
cmksw59by6jgqmzv5pef7wha6,0.5166730880737305
cmksw59j36jr7mzv5remp4vlq,0.7512479424476624
cmksw59676je7mzv5n45n3j3c,-0.5890820026397705
cmksw58nc6jcimzv5j37zqzqi,-0.5890820026397705
cmksw58cr6j9omzv5l5x0rh7z,-0.4863963723182678
cmksw58hz6jaumzv59olau60y,-0.4257652759552002
cmksw57xq6j12mzv5get5t6a0,-0.4799819588661194
cmksw58as6j9nmzv5joy7izgn,0.478070467710495
cmksw583e6j5gmzv5zwj2yhnu,0.4718528687953949
cmksw585j6j5hmzv5ajgdb795,0.6388688683509827
cmksw57qs6iqimzv5nfivlodz,0.5728831887245178
cmksw55xb6i4ymzv598ii9dof,-0.4332005977630615
cmksw56hl6ie4mzv5hrry6wkt,0.4328404366970062
cmksw54ie6hmwmzv598u20ouv,-0.466522753238678
cmksw550d6hx7mzv524zf9ggz,-0.4350891411304474
cmksw54d46hjemzv57j4ln2nj,-0.41969361901283264
cmksw57gi6imdmzv5estccqt4,0.6924470067024231
cmksw54y86hx6mzv53nrrffgo,0.5143553018569946
cmksw567e6ia0mzv5zf2gcvzb,0.6368657350540161
cmksw56mj6igamzv593ubbno7,0.44742172956466675
cmksw54nu6hq9mzv5vzs4bt98,0.4203212857246399
cmksw54t36htumzv59e451u2e,0.41723695397377014
cmksw56xb6ikemzv5ww1nan9p,0.4509444832801819
cmksw562f6i7gmzv5qmx31ji2,-0.41745027899742126
cmksw57lg6iopmzv5hxer3ckm,0.44805091619491577
cmksw552n6hx8mzv5v76ozunb,0.45184338092803955
cmksw55s16i2hmzv5xg9dxjqu,-0.419362872838974
cmksw56rj6ii8mzv5gywrrxzo,0.6317359805107117
cmksw54726he8mzv5egm1dr37,-0.6324916481971741
cmksw56ch6ic2mzv59nn2iq4b,0.6297478675842285
cmksw55ma6hzumzv5p7jw90dr,0.5456967949867249
cmksw51jx6gkwmzv5yns8wci4,-0.5442298054695129
cmksw4zjr6fq8mzv59cykrm0d,-0.5416997671127319
cmksw4v586eaemzv585rzdqni,0.4507361948490143
cmksw4xo36eykmzv5gkpkv9ty,-0.4854529798030853
cmksw519i6gggmzv57rcb9y3s,-0.5333163738250732
cmksw53wu6h9wmzv5bdrj17wz,-0.5414182543754578
cmksw4xih6ewomzv50wgcwl7z,-0.500644326210022
cmksw52ei6gssmzv5ykst8yx8,-0.536349892616272
cmksw53d96h7omzv5wfmcykja,-0.5336287617683411
cmksw50tu6g8jmzv5l5vg0aex,-0.5257030725479126
cmksw4xdc6eutmzv56f1tisv8,-0.503358781337738
cmksw50oo6g5nmzv5gy367r1h,-0.49775439500808716
cmksw52k06gvgmzv5lb7qluaf,-0.5112813711166382
cmksw50jk6g2nmzv5wguf9mul,-0.5094032287597656
cmksw541z6hc6mzv5v1034v54,-0.5206443667411804
cmksw53806h5emzv5b1wpy3ii,-0.5391188859939575
cmksw514f6gehmzv528sblwvp,-0.6300868391990662
cmksw4ww76enymzv5gj998cye,0.4972001016139984
cmksw4w2e6eflmzv5ffdbvkkx,0.42962196469306946
cmksw4ycm6f2lmzv5sx3bt3et,0.4218774437904358
cmksw4ynu6f86mzv5irc4yrjv,-0.5286281704902649
cmksw4ux76e7emzv51vn8p3u2,-0.4400748312473297
cmksw4wmc6el5mzv57fmsm9hi,0.43917137384414673
cmksw4z9c6fk6mzv5tn2ergva,-0.5375276207923889
cmksw53286h33mzv59img7q2v,-0.465477854013443
cmksw523v6gnjmzv55c78guzi,-0.45139798521995544
cmksw52p46gy0mzv583k95nm6,-0.5235228538513184
cmksw50z06gbjmzv56l7vl668,-0.4246574342250824
cmksw529d6gq9mzv5objr3vnu,-0.5158900022506714
cmksw4yt86fb3mzv54pu3p7nx,-0.5267785787582397
cmksw51em6giemzv5wl0c483a,-0.49684005975723267
cmksw4xt86f09mzv50kgp2jb4,-0.5021136403083801
cmksw50ei6fzmmzv5aj01s7ph,-0.5295867323875427
cmksw52x16h0gmzv56trer4dj,-0.5350892543792725
cmksw4zej6fnamzv5nxjqvdig,-0.4574185013771057
cmksw52r46gy1mzv5tfu1u7yz,-0.5361148118972778
cmksw4x1u6er9mzv5v2bu3rp1,-0.5634133815765381
cmksw4zp56ftemzv5fi9sfga4,-0.5365903973579407
cmksw4yig6f58mzv5ywleeiaa,-0.5645089149475098
cmksw4z486fh4mzv5f5z967t1,-0.5188598036766052
cmksw4vec6eczmzv59evmqkb8,-0.42361924052238464
cmksw508q6fwjmzv5hsm89n0o,-0.5303252935409546
cmksw4yyr6fe5mzv55jfgtnju,-0.5181442499160767
cmksw4umx6e4rmzv567rujc7e,-0.44361984729766846
cmksw4wch6ei9mzv53utjwc2n,0.4466567039489746
cmksw4x886eszmzv55kn3g3q8,-0.51456218957901
cmksw4tdb6dqumzv5oggnre0j,-0.48062971234321594
cmksw4t5r6dowmzv516p3d7nw,0.4414113759994507
cmksw4u5m6dzcmzv5ggplgdsr,0.5539360642433167
cmksw4uea6e2wmzv597nu0mjc,0.6052303910255432
cmksw4tl46dtdmzv5sp0rgyqj,0.4451107084751129
cmksw4tu66dvumzv5lcz13hix,0.47554606199264526
cmksw4sa06dl4mzv505a259c7,0.4740697741508484
cmksw4rzx6dhymzv525g3x4t1,0.5195415616035461
cmksw4sfi6dn6mzv5beveailc,-0.45236337184906006
cmksw4qry6d94mzv5ohzjlmw1,-0.47726601362228394
cmksw4sk76do1mzv5b9e0vrfl,-0.48030364513397217
cmksw4rb56dajmzv5jn1hzzmy,0.43225035071372986
cmksw4rv16dggmzv5riuf5l3r,0.5302755236625671
cmksw4rkv6dd9mzv53eq0o3tv,0.5330853462219238
cmksw4qhv6d63mzv50ioiajeu,0.5574521422386169
cmksw4q7b6d1jmzv5j6xwdsua,-0.5706111192703247
cmksw4s4u6djimzv5q95p4ggj,0.6016229391098022
cmksw4rg26dbxmzv59z2h8ui3,0.4308140277862549
cmksw4qcy6d3zmzv58r7cpqqt,-0.6568117737770081
cmksw4qmz6d7imzv5fxfkzerf,0.5602389574050903
cmksw4rq16devmzv5xtdgfdcq,0.523105263710022
cmksw4o8r6bw1mzv5v1xch18m,-0.49493542313575745
cmksw4krs6a2jmzv5zzx7i467,0.4799153804779053
cmksw4jue69enmzv5j2zy183a,0.4645492732524872
cmksw4m176aiqmzv5itwkqkpf,0.5521133542060852
cmksw4q216cxlmzv51m85wiql,0.539273202419281
cmksw4pqb6cp8mzv5lpzzwroo,0.4757841229438782
cmksw4mvp6b4qmzv5r71rzgq4,0.4629574716091156
cmksw4k0q69jfmzv5f00oxncv,0.5154498815536499
cmksw4mq76b04mzv5uczyq2sa,0.5706455111503601
cmksw4m966amwmzv5gwtjjtpl,0.4865943491458893
cmksw4loe6adcmzv5eyqwjfo5,0.4856213629245758
cmksw4nxs6boomzv5z68tef2w,-0.46782585978507996
cmksw4o346bs4mzv5h3nz2rap,-0.46951040625572205
cmksw4pei6ch6mzv5h17txj5l,-0.507804811000824
cmksw4kfy69tgmzv5gpsx7zpp,0.4880230128765106
cmksw4kab69oomzv5cd99zicx,0.48542219400405884
cmksw4nfw6b9gmzv56vsxry73,0.5860981345176697
cmksw4km769y4mzv5tarejccr,0.4903543293476105
cmksw4oe86c0cmzv524h6agu9,0.49330267310142517
cmksw4mf16ar5mzv51icbha1c,0.5715433359146118
cmksw4jab699pmzv5mjl1jz1r,0.4795686900615692
cmksw4l306ab8mzv5s7kdgq0b,0.4907044470310211
cmksw4nmn6bg1mzv5jfu4ylv1,-0.5857188701629639
cmksw4nse6blfmzv5tx7bxw8q,-0.46298304200172424
cmksw4k7a69onmzv5jal4mh1w,-0.4605778753757477
cmksw4our6cd6mzv58jzldbu9,-0.5066674947738647
cmksw4op76c8ymzv54kj82dk1,-0.5083483457565308
cmksw4pvz6ctdmzv5xxdvef7y,-0.44096270203590393
cmksw4ojo6c4rmzv5ajxpdw30,-0.5091404914855957
cmksw4ltn6afsmzv5ou70fsek,0.5094805359840393
cmksw4m3j6airmzv5w2tpb2zm,0.5778883099555969
cmksw4mkn6avlmzv5ao6w4ri1,0.4631274938583374
cmksw4pkl6cl5mzv5be13czzw,-0.5109794735908508
cmksw4l546ab9mzv5dt8n79j5,0.4929622709751129
cmksw4kxi6a6ymzv5vj5sghig,0.48618438839912415
cmksw4lyz6aipmzv57xihyldn,0.5091640949249268
cmksw4j51697emzv5r841nps3,0.5584579706192017
cmksw4hal68qzmzv5ekdq06eq,-0.4246615469455719
cmksw4fnk683smzv5ip9ixn5w,-0.4193432331085205
cmksw4f6e67w8mzv5qpoc9hbm,0.4182624816894531
cmksw4elk67nkmzv5sn1g0djb,0.4064587950706482
cmksw4fbq67ycmzv5o6d78a94,0.40175139904022217
cmksw4iya695rmzv5rv7liw99,-0.40753453969955444
cmksw4f1567ttmzv5df1qzema,-0.4134315550327301
cmksw4eg367lfmzv5uq61wfxj,-0.42675936222076416
cmksw4gou68fcmzv5iq1ktjle,-0.403956800699234
cmksw4gu868iemzv5g6iukro8,0.43969589471817017
cmksw4gdr689nmzv594pb05od,-0.4031282961368561
cmksw4eqs67pgmzv52gmi8hmj,0.4210629165172577
cmksw4ioh6922mzv5z8w3nrvv,0.4193473160266876
cmksw4ew367rrmzv59lkmrm65,0.4026924967765808
cmksw4gjg68csmzv5lw86e9ct,0.4183056950569153
cmksw4j08695smzv5i9mna20j,0.43071267008781433
cmksw4i9d68wgmzv5xw19dsr9,0.42162445187568665
cmksw4hfj68rsmzv58tdxq6xn,0.4077816605567932
cmksw4i4368usmzv5tlnyri4c,0.4116573929786682
cmksw4hkq68t1mzv5mw6am073,-0.40437889099121094
cmksw4ieg68ybmzv57qxk5j9j,0.4156346619129181
cmksw4ijm690amzv5g6xiu0ej,0.4151245355606079
cmksw4h5768nomzv51zurjgwe,-0.5860462188720703
cmksw4fh6680umzv509b675qg,-0.4036049544811249
cmksw4gzh68l1mzv5762civxg,-0.42170652747154236
cmksw4itd693vmzv5wwydbjid,-0.4144773483276367
cmksw4g76686amzv5mhgj9tfi,-0.4055372476577759
cmksw4eax67jumzv55dh3orcw,-0.4061627686023712
cmksw4dqm67gsmzv54wegrc1g,-0.47095271944999695
cmksw4d7y66zbmzv593027dbj,0.6748152375221252
cmksw4dkv67crmzv5xhspmvn9,-0.49332258105278015
cmksw4dem6760mzv597ve8q1m,0.6706693768501282
cmksw4d2i66x8mzv5i0254rvm,-0.5890820026397705
cmksw4bsh66ocmzv5zpk06t6m,0.5609416365623474
cmksw4cq666szmzv50ckm98i1,0.5585244297981262
cmksw4csj66t0mzv5wnn6vkjx,-0.43900248408317566
cmksw4cxn66ummzv53tpltbxm,0.7582845091819763
cmksw4bnj66n7mzv5zi0as7r6,-0.5038266777992249
cmksw4bxe66pjmzv5mknucq28,-0.5000608563423157
cmksw4b2g66dnmzv5ndmt2x85,0.41538652777671814
cmksw4cgn66qpmzv5sz9vnbs1,-0.4848098158836365
cmksw4clc66rtmzv5z6m6u3rn,0.5895469188690186
cmksw4b7o66g0mzv5uisroy13,0.3972679376602173
cmksw4ams667omzv5btjkhfzg,-0.47848382592201233
cmksw4aru669lmzv5fausob7l,-0.48019999265670776
cmksw4bif66lomzv5qmqy1zqf,0.5018618106842041
cmksw4bd066iemzv5n5pj0d78,-0.4477212727069855
cmksw4ax766bbmzv5jwiw9f5n,-0.4572438597679138
cmksw49s4661wmzv5fjoo0851,-0.42039453983306885
cmksw47ia65hnmzv5pb1vvkbt,0.3988358974456787
cmksw47n965irmzv5qaei5rkb,0.5124850869178772
cmksw47cz65fimzv53blkg277,0.4025876522064209
cmksw49n86606mzv59b14pgbv,0.4998777210712433
cmksw484r65n8mzv5qa4pj1lh,0.5016309022903442
cmksw497w65v1mzv5ssreg7pk,0.4990098476409912
cmksw46cu652mmzv520al4377,0.548737108707428
cmksw477r65ddmzv5g3y5ulno,0.39806491136550903
cmksw489u65osmzv515sdeqn3,-0.39004388451576233
cmksw47un65k9mzv53t9wg3y3,-0.43333858251571655
cmksw49x2663lmzv5bbjs9233,0.4893817603588104
cmksw47pi65ismzv59evhg70o,-0.4019896686077118
cmksw471v65a7mzv5lz21srtt,-0.4121244251728058
cmksw49d165wqmzv5o8xiyxl7,-0.45365720987319946
cmksw48t765qcmzv5ghdzgwv1,0.4929221272468567
cmksw467n64zsmzv5y4xou3gx,-0.47379666566848755
cmksw48y665rumzv5psda743h,-0.3953031599521637
cmksw47zp65lqmzv5fbfag1dv,0.4938340485095978
cmksw492z65tdmzv54w47iv3s,0.397600382566452
cmksw49i565ygmzv5qme2bbhh,0.4961945116519928
cmksw46ia656nmzv5v1r5ra4y,0.45008766651153564
cmksw4a3f665nmzv58ujljdj5,0.5645242929458618
cmksw45fk64nwmzv5zvctr7kr,0.585205078125
cmksw45n264q8mzv5c8x5561y,-0.4294052720069885
cmksw462k64xcmzv5f18y8txi,0.6909483671188354
cmksw45a764mzmzv5rxaagvr1,0.5214217901229858
cmksw45s964slmzv5ol4v3kzp,0.5359414219856262
cmksw45xl64v5mzv5nkg2vxne,0.45087864995002747
cmksw45hu64nxmzv5meaypigs,0.4591415524482727
cmksw43t964dmmzv5tnmirbsn,0.5018875002861023
cmksw44lm64k8mzv53hih6gag,0.6895884871482849
cmksw43qv64dlmzv5dlodkala,0.6931684613227844
cmksw43ls64c7mzv5epwfb5vb,0.4827079176902771
cmksw432r64azmzv5ey4pjtdy,-0.43994638323783875
cmksw448o64hjmzv5vzsb42fa,0.46222707629203796
cmksw443j64ghmzv5779kr4s9,0.429072767496109
cmksw44e364irmzv5j9fyx3zj,0.6862649321556091
cmksw44r564lrmzv5rhuh24tk,0.4620692729949951
cmksw43yd64f4mzv5q9ii5p5m,0.4554119408130646
cmksw44je64k7mzv5xc29aqpi,0.44229888916015625
cmksw42c863zhmzv54q2ay206,-0.5528961420059204
cmksw42ml643imzv56xa3ysc0,-0.418314665555954
cmksw42rx645mmzv56nbi9ltx,-0.43419548869132996
cmksw421f63t5mzv5edzjpq4r,0.4682754576206207
cmksw42x7647qmzv5tsojbb7n,-0.5784847736358643
cmksw426w63wsmzv5drym0pc3,-0.5584635734558105
cmksw42he641emzv5lexk6com,-0.5025687217712402
cmksw3zc262vqmzv5g89zjtph,0.4266204833984375
cmksw411r63iwmzv5v5v43wqd,-0.5829964280128479
cmksw40gq6387mzv5d78gqcfc,-0.4284802973270416
cmksw3zv462y0mzv5mn9eij1s,-0.535412609577179
cmksw3yr262oemzv5le117788,0.5782111883163452
cmksw3ykh62jhmzv5agwl8sdm,-0.4529534876346588
cmksw40rk63e0mzv5erkhdf5q,-0.5224201083183289
cmksw40b4635cmzv5u6e2mztd,-0.5661539435386658
cmksw400h6306mzv5sm365835,-0.5356483459472656
cmksw41w563qcmzv5vlhta0fq,0.4581768214702606
cmksw40wr63ggmzv59w1vwdd9,-0.4240304231643677
cmksw405z632jmzv57p2pbgme,-0.4228585958480835
cmksw3yte62ofmzv5nqnq0w81,-0.5718739032745361
cmksw416q63lcmzv5pf8hqueh,-0.579925000667572
cmksw41qa63nsmzv5pdurlqyu,-0.5698416233062744
cmksw40me63b3mzv5qc4ckc79,-0.5000039935112
cmksw3z1e62rpmzv5lugd73ay,-0.4776926636695862
cmksw3yyw62romzv5jzou6fo2,-0.44723910093307495
cmksw3z6j62tkmzv56wjoz26u,-0.5199700593948364
cmksw3w8561t1mzv5w76ft2fk,-0.40977466106414795
cmksw3v2i61jmmzv5zgympuct,-0.4176746606826782
cmksw3xj662c9mzv5dbjdudoh,0.5759513974189758
cmksw3wsj620xmzv5ydetpqk2,0.5210781097412109
cmksw3wxw6237mzv548tu2wkh,0.511751651763916
cmksw3vad61lumzv5l6mux00q,-0.40818920731544495
cmksw3ydw62hgmzv5441f1hyx,0.6212365627288818
cmksw3vkc61pgmzv5n36t4fb5,-0.4065689146518707
cmksw3wd461uumzv5oayzjqyj,-0.42066270112991333
cmksw3vp461r9mzv59hdd7jag,-0.4094133675098419
cmksw3y8d62fpmzv5x9s73o6b,-0.4336989223957062
cmksw3x8e627wmzv5h6ff5uve,0.5612431764602661
cmksw3v8561ltmzv5mqorjf1w,-0.4104560315608978
cmksw3x34625imzv54cbl07cp,-0.42400112748146057
cmksw3vfa61nimzv5ocd219p7,0.41476720571517944
cmksw3y2n62dzmzv5oj5yazc8,-0.4477318823337555
cmksw3wnd61ypmzv53taz69nn,-0.430442750453949
cmksw3wi261wimzv51bf67atn,-0.40767595171928406
cmksw3xe462aimzv5yi6zgdds,-0.46307453513145447
cmksw3uwu61fnmzv5nlgaslv2,-0.5414761900901794
cmksw3svx60sgmzv55jrm7axc,-0.4372650384902954
cmksw3r7960cdmzv5g47glmpy,-0.4382907450199127
cmksw3sk060p4mzv5nq8itzm7,-0.41350871324539185
cmksw3rhg60hjmzv5memzj8rl,-0.42807289958000183
cmksw3t1460ummzv5by2o5im3,-0.38776272535324097
cmksw3txg615smzv52eyady0y,-0.4101661443710327
cmksw3soz60qwmzv557ahliry,0.43904823064804077
cmksw3t6660wzmzv581w5v9po,-0.397235244512558
cmksw3tbd60z9mzv5zjl1r7ya,0.41144680976867676
cmksw3rpa60jcmzv5eoppnaq7,-0.42066124081611633
cmksw3rcc60exmzv5znhufyte,-0.4358256757259369
cmksw3s0q60nlmzv5i7h03n10,0.42759236693382263
cmksw3ura61crmzv55hnfqng3,0.5655437707901001
cmksw3um061aemzv5z58q03pp,-0.417264848947525
cmksw3ts9613nmzv5x338232i,0.4440397024154663
cmksw3ugp6181mzv5b74vtsjk,0.4048527181148529
cmksw3rjf60hkmzv55daxbgpj,-0.4280641973018646
cmksw3tmv611lmzv54shvcbwr,0.40791475772857666
cmksw3rvk60lemzv5lzqe710c,-0.4388580322265625
cmksw3sr360qxmzv5jkbikyjz,-0.41902586817741394
cmksw3qvy6079mzv5tmq3fjj7,-0.4409710466861725
cmksw3qq3603lmzv5y3jfyov6,0.4464206397533417
cmksw3pxv5zy2mzv55dcbh42a,0.44182804226875305
cmksw3o275z73mzv56kakxgwg,0.4457797706127167
cmksw3own5zfkmzv54xzxkfpm,0.4547387659549713
cmksw3p2k5zhymzv57dkkg615,0.4560036361217499
cmksw3p7y5zkcmzv52guuai9i,0.4546620845794678
cmksw3pik5zpimzv5okcc7mes,-0.4249981641769409
cmksw3pnp5zsimzv5inpgqicx,-0.4370337724685669
cmksw3q0z5zy3mzv5aq0ijvwh,0.4404442608356476
cmksw3q6p600wmzv5hbkot8bo,-0.44008874893188477
cmksw3r1z609tmzv533mrzn1w,0.44938328862190247
cmksw3och5zcimzv51om0nxb6,0.4476548135280609
cmksw3nws5z3zmzv5zs9x2ch5,0.4486445188522339
cmksw3pdd5zmpmzv5nwl0r0jk,0.4333746135234833
cmksw3pst5zvamzv53097z6l3,-0.4271336793899536
cmksw3o7f5za8mzv5tqxq0ksa,0.45616430044174194
cmksw3lq25yhimzv5d76i25ct,-0.45159241557121277
cmksw3meh5yplmzv5klv2kuuk,-0.4274924695491791
cmksw3ncb5ywumzv554a7gemr,-0.4238385856151581
cmksw3kyt5yffmzv5hx3pszjv,-0.4621654152870178
cmksw3nmp5z0nmzv5hnyf5c6p,-0.4248405694961548
cmksw3mjh5yqjmzv53j29vb7n,-0.43702927231788635
cmksw3n7g5yv1mzv53znx869z,-0.4156498610973358
cmksw3nrs5z29mzv5g74sz5tm,-0.42389288544654846
cmksw3lux5yizmzv5k94t2ai9,-0.4256204664707184
cmksw3n2n5yt4mzv5x105lmyx,-0.4456922709941864
cmksw3lnt5yhhmzv5slyz17k8,0.4367551803588867
cmksw3lzx5ykmmzv5n8ug7vfh,-0.41483983397483826
cmksw3m9d5yn6mzv5rvi7xbit,0.4426575303077698
cmksw3m1z5yknmzv5aznrhe9x,-0.43228307366371155
cmksw3nhh5yyomzv5x352f9wg,0.4104553759098053
cmksw3ktd5yeimzv56w69mh42,-0.4782654643058777
cmksw3m405ykomzv5yq9fqkak,-0.4054626226425171
cmksw3li35yggmzv5qjznjvby,-0.4428885281085968
cmksw3koe5ydgmzv5weaxqumn,-0.44316738843917847
cmksw3kj45ybemzv5s5ynhsxs,-0.5890820026397705
cmksw3i905xx5mzv500c4sn2c,0.4247119128704071
cmksw3k4s5y8cmzv5d28bxqkd,-0.39674657583236694
cmksw3jur5y67mzv5qwyhtc26,-0.4271427094936371
cmksw3ix65y1rmzv5pum3692b,-0.42082375288009644
cmksw3k9g5y9gmzv5j4r8hyzz,-0.4418982267379761
cmksw3hxz5xv2mzv54ytv8xqi,-0.41575706005096436
cmksw3inr5xzxmzv5zyeyxf7z,-0.4008519649505615
cmksw3h9t5xsrmzv5vl01twmf,-0.4096343219280243
cmksw3ger5xlgmzv5b5u5n8sx,-0.41836875677108765
cmksw3j6v5y3zmzv5g1w504ip,-0.43498313426971436
cmksw3gka5xmnmzv589vap366,0.4189215898513794
cmksw3ish5y0umzv5u553s5yb,-0.43547323346138
cmksw3ij55xz9mzv5b2ihoa1v,-0.426678329706192
cmksw3jpu5y53mzv5hoz6hvz3,0.401720255613327
cmksw3j1x5y2vmzv5at0fdajo,0.41469326615333557
cmksw3gzf5xqemzv53jhv4jia,-0.4380347430706024
cmksw3gp75xnumzv5zdgrt5qa,0.40649136900901794
cmksw3kee5yakmzv5zjp2tsls,-0.4218663275241852
cmksw3idw5xy7mzv555tc8ua7,0.42458564043045044
cmksw3jzk5y7amzv5odfoudqs,0.4066786766052246
cmksw3i405xw6mzv5omw8gtbn,-0.42541980743408203
cmksw3hex5xtvmzv5deeyjhyp,-0.4222604036331177
cmksw3g9w5xkgmzv5o13kt9k2,0.5160341858863831
cmksw3h4z5xrpmzv5nambfbf9,-0.43085694313049316
cmksw3gu35xp1mzv5y1zdck8x,-0.4084082245826721
cmksw3g4x5xjgmzv55pddoilk,-0.4313366711139679
cmksw3czu5wz7mzv5q4djzfmn,-0.43992510437965393
cmksw3bmr5wpqmzv5yrzf8vn3,-0.4291187822818756
cmksw3cq55wwdmzv5ksixk5fl,-0.43203243613243103
cmksw3fat5xgcmzv55bgpl5d3,-0.43096357583999634
cmksw3bwh5wsgmzv5kvl69y05,0.5174453854560852
cmksw3f125xe7mzv5tfexvc62,-0.4422509968280792
cmksw3do85x5qmzv54i14bu3a,-0.45044034719467163
cmksw3b7w5wn6mzv5coihudxa,0.583974301815033
cmksw3f5x5xf9mzv5wk2hdbx6,-0.4330688714981079
cmksw3djb5x4emzv5d30bqxo7,-0.4449174106121063
cmksw3emb5xazmzv5ge2yotm1,-0.427390456199646
cmksw3dt25x6rmzv5qbaawq18,-0.4230094850063324
cmksw3cv35wxsmzv5h7sktchg,0.4170113205909729
cmksw3d9n5x1rmzv5ywucighs,-0.4468317925930023
cmksw3d4q5x0dmzv5ad8zcf4y,-0.40991437435150146
cmksw3bcm5wnpmzv5u2pscs3j,-0.4312572777271271
cmksw3ec85x8amzv5mumqw3mc,-0.45965805649757385
cmksw3era5xc0mzv51rm8lvbj,-0.45783117413520813
cmksw3c1g5wu1mzv520fh8qvr,-0.46758657693862915
cmksw3deg5x32mzv58l3cy19z,-0.43561017513275146
cmksw3brp5wqvmzv5fgjoo9cn,-0.4234340488910675
cmksw3ffp5xh7mzv595j3pcba,0.5720059275627136
cmksw3ew45xd1mzv509v3hmwt,-0.4785219132900238
cmksw3flf5xifmzv5ime0ikwd,-0.4200749099254608
cmksw3bhw5wormzv5f2jg3ve5,-0.42854493856430054
cmksw3cki5wvemzv5yyu4vlxy,-0.415774941444397
cmksw3ehd5x9smzv52prkmo5w,-0.4569345712661743
cmksw39pe5wdemzv51am86xno,-0.40363192558288574
cmksw3a0n5wfymzv574y2mikk,0.38730084896087646
cmksw39uc5weqmzv5bgt3oazb,-0.406591534614563
cmksw3a5o5whamzv5hcr3pfc5,0.3993877172470093
cmksw3aad5widmzv5wwszu4cf,0.5425922274589539
cmksw3b345wmdmzv5x688h5qw,-0.44284647703170776
cmksw39kb5wchmzv5s6mkdns9,-0.41332826018333435
cmksw3atk5wjomzv51vs5gqrb,0.388175904750824
cmksw3ayc5wl1mzv5qu5c04bu,0.39123013615608215
cmksw37ja5vvymzv5ru6ug5do,0.5383606553077698
cmksw38cr5w3imzv5nx8g21ul,0.4060424566268921
cmksw383c5w1cmzv5or81nmfa,0.5361194014549255
cmksw36qh5vqrmzv5h56swdj2,-0.5966894626617432
cmksw39ai5w96mzv5py1hedr6,-0.43256425857543945
cmksw390q5w5pmzv55v0hesn7,0.5360944867134094
cmksw36kw5vlimzv5kx0jmocq,-0.5791397094726562
cmksw395m5w7dmzv56p6tctjc,-0.4276837110519409
cmksw38hj5w4kmzv5qrg0ouuu,0.4093099534511566
cmksw37ox5vxhmzv5uhhw66tj,-0.42900940775871277
cmksw379e5vszmzv586h0iu7r,0.4576387405395508
cmksw37ts5vytmzv5os0mosd1,-0.42132535576820374
cmksw37yi5w05mzv548cp60cl,0.40976038575172424
cmksw38815w2kmzv5kx3ekglz,-0.4185715317726135
cmksw37ea5vugmzv5ry91g0u4,0.45628881454467773
cmksw39fg5wawmzv5lll21gfl,0.41220635175704956
cmksw364i5vd8mzv5426xhukd,-0.4735097587108612
cmksw361l5vd7mzv5twdw7vmw,0.5401646494865417
cmksw35s75v8umzv5ewn0cd9v,-0.47347599267959595
cmksw36a85vfzmzv5i2sikun9,0.5345518589019775
cmksw36fp5vimmzv5oehe6x4s,0.5776022672653198
cmksw35za5vd6mzv5jaof66hu,-0.4918304979801178
cmksw35fr5v0zmzv5kccfnamd,-0.5004397630691528
cmksw35me5v4qmzv53yh0ym9p,-0.48080986738204956
cmksw34ut5ut8mzv5f24fdtsu,-0.4390068054199219
cmksw34od5uo3mzv51krkznhc,-0.587617814540863
cmksw34ir5ulumzv5yk3196pp,-0.5966894626617432
cmksw344z5u50mzv5nhbhcjwz,0.6174805760383606
cmksw34cy5ufpmzv5gina5gyi,-0.44189608097076416
cmksw2zyx5totmzv58x1wwg60,-0.42878222465515137
cmksw2yts5tljmzv56iacio48,0.5316951870918274
cmksw32305twnmzv533wjb02o,-0.5151103138923645
cmksw33uc5u3rmzv59b2xvcvi,0.5316556692123413
cmksw2yo05tl0mzv5ym48rotp,0.535483181476593
cmksw32m95tzrmzv5fhyayvbx,-0.42391207814216614
cmksw2yap5tjrmzv5vcd056p4,-0.42601606249809265
cmksw30f35tqkmzv5s8mnnnpg,-0.43369442224502563
cmksw2z9t5tmrmzv5byyjltuv,-0.4873431324958801
cmksw309z5tpzmzv5t2e8e1gm,-0.4257442355155945
cmksw30v65tsomzv5uk2q4bmu,-0.4181397557258606
cmksw327v5txfmzv5ypq8bjqv,-0.4144991338253021
cmksw32qy5u0lmzv5krpoma6z,-0.4414359927177429
cmksw2xbh5thimzv531cakbxn,-0.43159565329551697
cmksw30kf5tramzv5j0o6fbrp,0.42117348313331604
cmksw2yg15tkdmzv57yzn88sj,0.5320224761962891
cmksw33kb5u2bmzv5sbgzgz8u,0.5291208624839783
cmksw33zd5u4bmzv5ynnsq9qo,0.5332087278366089
cmksw2y5j5tj8mzv5iucbjzqg,-0.43471744656562805
cmksw2xgr5thxmzv5cocid39j,-0.4352433681488037
cmksw2y0h5timmzv51r4i0kqw,-0.42102718353271484
cmksw31005ttamzv5xmgt09wn,-0.4497906267642975
cmksw30q95ts0mzv5h16wwb82,-0.41869688034057617
cmksw33er5u1smzv57j88fiy1,0.5321410298347473
cmksw315k5ttymzv5i8ktfdwx,-0.40950143337249756
cmksw32vt5u17mzv5jrkq4a61,-0.4347159266471863
cmksw32hj5tyxmzv5sl4npwgj,0.438825786113739
cmksw32cv5ty8mzv5bg8z3prq,-0.41882991790771484
cmksw31t75tvamzv5kyuatgip,0.5379008650779724
cmksw31y15tvxmzv5ejshhsgw,-0.4485028088092804
cmksw31ob5tummzv5u9bp1ptd,0.39949464797973633
cmksw2yiv5tkemzv5zhuj1e9u,0.40094783902168274
cmksw33pg5u30mzv5ug8ylyb5,0.5251582264900208
cmksw2yz15tlzmzv54gvn57mm,0.5285019278526306
cmksw2z4e5tmcmzv5gydctbl4,0.5257872343063354
cmksw304g5tpcmzv5sqndtztt,-0.41738563776016235
cmksw2zta5tnwmzv5zayrlsd2,-0.42521536350250244
cmksw2wzu5t99mzv5xqixtcek,-0.6134845018386841
cmksw2wn25t0imzv5sq7uiq0o,-0.6125521659851074
cmksw2wto5t5cmzv5p1wjp5st,-0.6192229986190796
cmksw2wha5swemzv5zs2w4xnf,-0.5796898603439331
cmksw2x5j5td6mzv5gajr0pdz,-0.6651943922042847
cmksw2vg75si0mzv54y1stjwu,-0.5205211043357849
cmksw2wad5srhmzv5lbcv3xx7,-0.5186710953712463
cmksw2w4d5sn3mzv5lv9dazpc,-0.590060830116272
cmksw2vxm5si1mzv5qu2s7852,-0.5942507982254028
cmksw2uqg5s5smzv520kbsc8g,-0.41612330079078674
cmksw2rmv5rc9mzv5numl1kfq,-0.42667126655578613
cmksw2t835rpnmzv5m33w37ab,-0.4145622253417969
cmksw2sxt5rlimzv5xwjvbqs3,0.4218156337738037
cmksw2sso5rk5mzv5n1odsv16,0.5318920016288757
cmksw2v395sbxmzv5kojj7iwr,-0.4046384394168854
cmksw2snf5riqmzv5kzpbiyft,0.4084089994430542
cmksw2ue65rzkmzv5r7yb81k4,0.4063727557659149
cmksw2qa25r7zmzv5mf4tpeps,0.4211141765117645
cmksw2t2x5rngmzv5z6pe1emn,0.3979824185371399
cmksw2ti65rtbmzv5jvruclfp,0.5319055318832397
cmksw2rfi5r9cmzv5t5ewkacr,-0.4366195499897003
cmksw2ux75s8umzv5fojpm6xr,0.40236809849739075
cmksw2va75seymzv5mch0a7c4,-0.5053085684776306
cmksw2rhl5r9dmzv5vk6e049w,0.5364119410514832
cmksw2uk55s2omzv5rpkvsm0v,-0.4053517282009125
cmksw2u6o5rx3mzv5oe0ynr6i,0.5277388095855713
cmksw2sib5rhbmzv5d6zyrukk,-0.46524131298065186
cmksw2s8a5regmzv5h1kbk299,-0.44816648960113525
cmksw2rs85refmzv593pntzx7,-0.5030866265296936
cmksw2sd75rfsmzv5xx8tgvb0,0.44133689999580383
cmksw2tcw5rrjmzv5dcla9k27,0.5373696088790894
cmksw2u1g5rv1mzv5o72rcko7,0.527400553226471
cmksw2u8w5rx4mzv5al1rt2m8,0.5360644459724426
cmksw2osw5qhgmzv52bieia87,0.4979507029056549
cmksw2pvf5r40mzv521d367qk,-0.42147380113601685
cmksw2ppu5r01mzv5mk8z1umn,0.7146605253219604
cmksw2og15q23mzv51k81iks6,0.6749706864356995
cmksw2pjg5qu2mzv5haaneqxn,0.5793933868408203
cmksw2oz05qnpmzv50sagu8jv,0.675441563129425
cmksw2on85qcymzv5iz33l8zo,-0.5177165865898132
cmksw2q0h5r5qmzv5ajxlbqop,-0.4154540002346039
cmksw2q5a5r6vmzv5ii0ov2m5,0.41308480501174927
cmksw2l4u5p5rmzv5axl2yuwl,0.46472489833831787
cmksw2ny85pwwmzv55gonp512,0.40484726428985596
cmksw2mpb5pk9mzv5rn7j4lko,0.4574640393257141
cmksw2maq5pfbmzv5vsaeumsj,0.467135488986969
cmksw2lyk5pb5mzv5ve7ex42f,0.473069429397583
cmksw2l9v5p7gmzv5v71wcjmz,0.47398707270622253
cmksw2o3d5pytmzv5upje56eh,0.4065867066383362
cmksw2kzm5p3nmzv5s1bhid37,0.46853628754615784
cmksw2oao5q0omzv5x7juhvyo,-0.40607303380966187
cmksw2o8e5q0nmzv5i0h1o5t1,0.422749787569046
cmksw2m8q5pfamzv5qopjf6gf,0.4681188762187958
cmksw2koz5oz3mzv5mt6rwcvc,0.42345842719078064
cmksw2n4m5ppumzv55w5i4oi8,0.6109209656715393
cmksw2mke5piomzv5nh36zxc1,0.44765570759773254
cmksw2nt25puwmzv542zktwpo,-0.46960175037384033
cmksw2mu45plvmzv5f1hg7dk3,0.432125061750412
cmksw2mfh5pgsmzv5gog3i84x,0.48553231358528137
cmksw2m3m5pd6mzv5km6wbcl0,0.4988729655742645
cmksw2lf35p96mzv5sb9psj07,0.49765506386756897
cmksw2no65pszmzv5z057trz4,0.5327642560005188
cmksw2kuf5p1mmzv5mzxcd791,-0.4119850993156433
cmksw2mza5po4mzv52c8pe9gu,0.4363468587398529
cmksw2ixe5okkmzv50zekj14l,0.5468369126319885
cmksw2kjz5oxxmzv5asism08w,0.5304301977157593
cmksw2hpy5ocnmzv59hbv55v4,0.538983941078186
cmksw2hv25oe8mzv5m302jdh5,-0.4254761040210724
cmksw2ff45nt2mzv54usoaym8,-0.4158720374107361
cmksw2h9b5o86mzv5bhas8paq,-0.43946388363838196
cmksw2j715ongmzv5g3c5uz6c,0.4060555100440979
cmksw2int5oi3mzv5pipcat8t,0.4140055477619171
cmksw2ka95ovemzv56ym77yy8,-0.44362396001815796
cmksw2e6b5nk3mzv5as0u1f0i,0.41375628113746643
cmksw2j265olumzv5t52ijt3q,0.4112975597381592
cmksw2hl05oazmzv5unc1j9fb,0.41830241680145264
cmksw2fs35nwzmzv5pffrgrht,0.4242866039276123
cmksw2fp95nwymzv5r2u1ewt6,0.41479435563087463
cmksw2iix5ogzmzv581rirsz1,-0.40627869963645935
cmksw2ie25ofnmzv5tias7bs4,-0.43367984890937805
cmksw2eb45nkymzv559mzvcz6,-0.4182542562484741
cmksw2isl5ojbmzv5sc81wqxm,0.4366857707500458
cmksw2hiz5oaymzv58wq52apz,0.4166899025440216
cmksw2drq5nh1mzv5juht36cf,-0.4391976296901703
cmksw2jgs5oqpmzv5uxq8zdul,-0.4398912489414215
cmksw2dmn5ng5mzv5hz2gz2rb,-0.4358648657798767
cmksw2f4b5npemzv59zca1qs6,-0.40608301758766174
cmksw2dwl5nhxmzv5596o333n,-0.4135945737361908
cmksw2gz95o4tmzv53yiuh2hs,-0.4278280735015869
cmksw2gpj5o1tmzv5cmv80f0h,-0.43894070386886597
cmksw2fa35nr7mzv5z7wxkqme,0.4364475905895233
cmksw2eg15nm7mzv5wr90f2d9,-0.43302738666534424
cmksw2fkc5nuxmzv5aggg1yzj,0.5560870170593262
cmksw2kf45owwmzv5ftfsxjft,-0.5321081280708313
cmksw2h495o6gmzv5z0hnbpsb,0.5307809710502625
cmksw2gug5o32mzv5vj3bpof4,0.4477742910385132
cmksw2he35o9gmzv5hu7zzxxy,-0.43795448541641235
cmksw2eza5nnhmzv5pbhdqe2s,-0.412970632314682
cmksw2k5f5otwmzv53e4rxgl1,-0.48949041962623596
cmksw2g6r5o0lmzv594f8bih7,-0.4445800185203552
cmksw2jls5osemzv5pli8t85g,-0.4294053912162781
cmksw2jbv5oozmzv5gvbgy4kq,0.5458992719650269
cmksw2fx75nyemzv562m5q342,-0.4185701608657837
cmksw2dhn5nf9mzv5cbcs6wzr,-0.4405450224876404
cmksw2e1f5nj0mzv5tb70w1gs,-0.4131612479686737
cmksw2g1w5nzjmzv5o11epksu,-0.420144259929657
cmksw2af05m71mzv5wfn44bih,0.4043307602405548
cmksw2co15n9lmzv5tdk5ruva,-0.41523948311805725
cmksw2c385mz0mzv5wtif267t,-0.4033779799938202
cmksw2aq35mdmmzv5jiilpmqj,0.4275817275047302
cmksw2b9r5mh6mzv5bscnio47,0.4171578586101532
cmksw2akf5ma6mzv50lbp5oez,0.414029985666275
cmksw2a4e5m14mzv5o6lz3uuk,0.40288007259368896
cmksw29e95lqgmzv527x2saef,0.41426435112953186
cmksw2d7c5nbnmzv5bbeby76j,0.4108024835586548
cmksw2bfw5mktmzv5dze9zmia,0.3875088095664978
cmksw2cdq5n4omzv5upde5gv1,0.41033756732940674
cmksw29tk5lvkmzv5bpxq7or3,0.4125758707523346
cmksw2bld5mopmzv5ew48auxs,0.3956112861633301
cmksw2c8h5n1smzv5u8bsus6p,-0.40728357434272766
cmksw29o85ltbmzv5am5rlc0q,0.44707491993904114
cmksw2a9l5m42mzv5fd0dk0ls,0.40730738639831543
cmksw2bxi5mwgmzv5lljeusj1,-0.4952421188354492
cmksw2brb5mslmzv5oy2b533g,-0.4176914691925049
cmksw29z05lyamzv5fgu5smwh,0.4103648364543915
cmksw29jf5lrumzv5v8z4vecm,0.4495864510536194
cmksw2dcm5ndtmzv5zlup0h6t,-0.44374772906303406
cmksw2cj05n74mzv5bo8oc20u,-0.41851121187210083
cmksw27jg5kyymzv5oek4j6oi,0.42006468772888184
cmksw28ph5ljxmzv5w634werb,0.5821813941001892
cmksw28jv5lggmzv5jla0dy6b,0.44408106803894043
cmksw28uz5lnimzv5blo6jdbb,0.42659667134284973
cmksw27u45l2rmzv53ay0bk8s,0.5713745951652527
cmksw27zk5l4rmzv5pgxkgs6u,-0.4414518177509308
cmksw27oo5l0smzv51k16gt80,0.4161665737628937
cmksw288h5l8xmzv5tcvc314m,0.41232797503471375
cmksw281t5l4smzv57871erhc,0.4585273265838623
cmksw28e95lckmzv5q4dmoj9k,-0.43903324007987976
cmksw26v05kwcmzv555czb1p2,0.4224039912223816
cmksw27005kxamzv538ruo8c2,0.402299165725708
cmksw265u5kjdmzv5gcxnslgv,0.43552839756011963
cmksw26l55ks3mzv5qxsg11ue,-0.4179518222808838
cmksw26q45ku9mzv5uokywz8o,0.39639201760292053
cmksw25v15kcjmzv5uhary4gi,0.5825129747390747
cmksw260q5kg5mzv5scvt3eq6,0.4155789017677307
cmksw26g45kpomzv5c4lbva5c,0.5703399777412415
cmksw26az5kmvmzv5mgcfr733,0.46032169461250305
cmksw25og5k90mzv58rlzwv2l,0.4071534276008606
cmksw22vq5jp5mzv5hkeckbjt,0.4423072040081024
cmksw22bz5jksmzv51gpvz9uc,0.4027789235115051
cmksw23aa5jskmzv5093k2h30,0.4278372824192047
cmksw248w5jxhmzv5z6qqd5kf,0.45567792654037476
cmksw21j75jgwmzv5xe3c274h,0.43478190898895264
cmksw230i5jq6mzv5g9r24itc,0.4419253170490265
cmksw23yk5jv1mzv5xvfrcpu2,0.4073100686073303
cmksw21dr5jfimzv5n6klvnye,0.4256353974342346
cmksw23tf5jtvmzv5hdd6zadg,0.4142867922782898
cmksw24op5k10mzv5mhjb8klj,0.5792489647865295
cmksw20xw5jbkmzv5xilqjmck,-0.4088875949382782
cmksw222d5ji8mzv5vxzni72m,0.5839141607284546
cmksw235f5jrdmzv5269zkku5,0.4521898329257965
cmksw22qw5jo3mzv5gux0azq3,0.4303024113178253
cmksw218d5je4mzv5sr1tncfh,0.43235304951667786
cmksw253v5k4gmzv5f3fn1uty,-0.5664303302764893
cmksw24jh5jztmzv5qb4vmn7l,0.46176785230636597
cmksw212r5jcqmzv5eiji6vid,0.4397710859775543
cmksw22gw5jlymzv5ntrvj6ax,0.4447076618671417
cmksw20j25j82mzv5suxsz85g,0.430564820766449
cmksw24ts5k2bmzv51ng0fgdg,-0.43521422147750854
cmksw20o45j9amzv5f0igyclr,0.4247376322746277
cmksw24yn5k3emzv52qc3y71d,0.5765314102172852
cmksw22m05jn0mzv58pze1ocv,0.4155937135219574
cmksw243t5jw7mzv5rhwd539w,0.5736322999000549
cmksw22745jjmmzv5kfu078lq,-0.43872523307800293
cmksw20t35jadmzv55i4bbgcy,0.4255011975765228
cmksw24ds5jymmzv5pzskl1we,0.4103347957134247
cmksw20ea5j6smzv5msx3c58d,0.45452210307121277
cmksw1yrf5ivdmzv5ou75jkcj,0.3968862295150757
cmksw1x245ik2mzv519hc9ree,0.3986489772796631
cmksw1ws15ihvmzv59jqmth64,-0.4058670401573181
cmksw1zg95j1imzv5c4dt71dm,0.4168872535228729
cmksw1vpm5ibjmzv5uhk6k6zc,0.416024774312973
cmksw1zbb5j05mzv50l2lqty9,0.44376271963119507
cmksw1w8c5ig9mzv5hlow8bb2,0.45238882303237915
cmksw1zln5j2xmzv50rfjd81f,0.40186572074890137
cmksw1x965ilemzv51pmzz7ik,0.41146397590637207
cmksw209e5j5gmzv5nnkw7w0x,0.41162097454071045
cmksw1z1h5ixomzv5fpfkps41,0.4628258943557739
cmksw1z6d5iyymzv55n0gw07v,0.4210924506187439
cmksw1wx75ij4mzv5nzucai8p,0.4002988338470459
cmksw1xow5iowmzv5emrgqb9p,0.40827676653862
cmksw1v7v5i5qmzv5tasftujk,0.4298989176750183
cmksw1x4d5ik3mzv5jvfhu17v,0.4549010992050171
cmksw1xel5imamzv5h3tv1rls,-0.40025314688682556
cmksw1xjr5inmmzv52z6itr3w,0.41547614336013794
cmksw1vdk5i7omzv5icoa623c,0.4424479603767395
cmksw1xyq5irtmzv5qr5hhfvo,0.4328535199165344
cmksw1yhk5istmzv575m1f8x1,-0.43691933155059814
cmksw1vv85idimzv5ve9wj5vl,0.41254696249961853
cmksw1ymg5iu6mzv525cw0su9,0.4511738717556
cmksw1zqj5j46mzv5u8t48abw,0.43372416496276855
cmksw1vjg5i9lmzv5kevn1aqi,0.44128182530403137
cmksw1w2q5ieumzv5rotvr76j,0.4203193783760071
cmksw1xtp5iq5mzv5qhtvmd6f,0.5744427442550659
cmksw1ywe5iwfmzv5asllzlbu,-0.397455632686615
cmksw1utd5i12mzv50ej17lhq,0.43762117624282837
cmksw1u465hx8mzv5vdm9qd46,0.4616667628288269
cmksw1u9g5hz9mzv55bw5qfqr,0.4569362699985504
cmksw1toa5hpymzv510etarfs,0.39409324526786804
cmksw1ttq5hskmzv5rg73n4qx,-0.43913963437080383
cmksw1tz35hv9mzv544vli6bi,0.4312927722930908
cmksw1uyv5i2smzv50m464qsu,0.4343060851097107
cmksw1tly5hpxmzv5dwia6qlc,0.60151207447052
cmksw1v555i5pmzv56rwan553,-0.47495236992836
cmksw1rby5gswmzv58gcjy9c5,0.46511098742485046
cmksw1r6c5gqlmzv5wgsqwt2w,0.43898701667785645
cmksw1tgd5hobmzv527pxi92l,0.4456537365913391
cmksw1rx25h29mzv5lfl0wp3o,0.45828038454055786
cmksw1rml5gxtmzv510yywt3m,0.4670334458351135
cmksw1t5c5hjfmzv5pmq4w78d,0.4424397051334381
cmksw1s845h9rmzv5ekffptto,0.45573002099990845
cmksw1taw5hlxmzv5yfo4605l,0.43854737281799316
cmksw1sfq5hd7mzv58yf8v1m4,0.4640198349952698
cmksw1sag5h9smzv5zidbmr6x,0.46640047430992126
cmksw1rrt5h01mzv5tipbzy05,0.4626646637916565
cmksw1rhd5gv9mzv53mfimysj,0.45505496859550476
cmksw1sz25hgymzv5mhm7xwjw,0.43436670303344727
cmksw1s2k5h5xmzv5qu5e1vyc,0.43893399834632874
cmksw1qd05gk6mzv5xmk72mrc,0.4415379762649536
cmksw1os85fxtmzv5kfow55wd,0.40856248140335083
cmksw1pbr5g24mzv5ie6tdw1t,-0.4467204213142395
cmksw1qi25gmpmzv5rz3j25vh,0.46256014704704285
cmksw1pgm5g42mzv5zhzddict,0.4701498746871948
cmksw1q7y5gh8mzv57fsrjaw6,0.45635464787483215
cmksw1pxj5gbomzv5fi6vd623,0.4600135385990143
cmksw1plq5g61mzv52tg2q0vn,0.48354917764663696
cmksw1qn75gp0mzv5y37cql36,0.42697444558143616
cmksw1pr35g8smzv5fk0td1ub,0.44774436950683594
cmksw1q2o5geimzv5yu9epxal,0.43976131081581116
cmksw1ifp5dp8mzv55wew367h,0.4085901081562042
cmksw1jrm5dz2mzv592mid731,0.6082639098167419
cmksw1g6n5d06mzv5dl5b4gzr,0.4051620066165924
cmksw1msp5f3mmzv5vcp66ls7,0.39931702613830566
cmksw1m8p5ettmzv5vcvgv9ne,0.466940313577652
cmksw1i9n5dmymzv52lsk3m8v,0.5985838770866394
cmksw1lnj5ek0mzv57sjlckyx,0.4620438814163208
cmksw1ili5dqbmzv5jycaaz3q,0.4237934350967407
cmksw1jx85e13mzv5h4espf9o,0.41093775629997253
cmksw1h465dccmzv5ulaor36d,0.3966902196407318
cmksw1kdt5e7emzv5471qg9vr,0.4218257665634155
cmksw1gc55d1zmzv559vbr3yo,0.42507824301719666
cmksw1mxn5f5umzv54h1tx9r3,0.44638028740882874
cmksw1omg5frpmzv5e6yrwrxa,0.6627699136734009
cmksw1nw35fe9mzv52aon39cm,0.4125574827194214
cmksw1gmv5d5tmzv51kbp26j8,0.4126625657081604
cmksw1g1a5cycmzv5mxdfbb8y,0.4523429572582245
cmksw1m2y5er7mzv5rhpnz793,0.44023919105529785
cmksw1lxw5eoqmzv58qx3bblp,0.4104626178741455
cmksw1k8n5e5cmzv56n9izzy0,0.46498194336891174
cmksw1hyh5dijmzv5wj56vyzw,0.43842631578445435
cmksw1eo75cnhmzv5pct6xk84,0.45931562781333923
cmksw1fw85cwvmzv59pmxkp5t,0.4476129114627838
cmksw1f7t5ctjmzv5z4bm3hgk,0.44817283749580383
cmksw1miw5eyvmzv5ouax449g,0.44899308681488037
cmksw1mdv5ewcmzv51rxmcn2x,0.4396919906139374
cmksw1i3n5dkomzv5ly4b9e52,0.4217168688774109
cmksw1ngv5f7wmzv565vhn9p2,0.44828104972839355
cmksw1koj5ebrmzv5gt7iwbb7,0.4090157449245453
cmksw1h9j5dehmzv5dmox8o9f,0.45117804408073425
cmksw1j815dx4mzv56rws08u9,0.4097294807434082
cmksw1et05copmzv508plzo1n,0.4339312016963959
cmksw1gyd5da5mzv5t9tiylb2,-0.38637575507164
cmksw1j295dv5mzv5di9m3uie,0.609148383140564
cmksw1iqw5drqmzv52wqtxlwn,0.43100863695144653
cmksw1iwo5dtamzv5ia2s61cl,0.45220622420310974
cmksw1ghu5d3vmzv59goqgy95,0.43410444259643555
cmksw1hta5dgdmzv5a2u7g1xp,0.4720466136932373
cmksw1gsg5d7vmzv5qf5miv6k,0.5982905626296997
cmksw1fd35cvbmzv5j1e2u9nc,0.6074638962745667
cmksw1o6o5fjcmzv5x7d0b9h5,0.40574079751968384
cmksw1nm45fa2mzv5f2xb27s6,0.41822364926338196
cmksw1oha5fppmzv5pm388fu0,0.44900673627853394
cmksw1mnr5f16mzv54qgdav8r,0.4752068519592285
cmksw1kj85e9kmzv5doreaisu,0.4068051278591156
cmksw1nqz5fc7mzv5inn935uk,0.430123895406723
cmksw1kz35eg4mzv5sz75h25a,0.4381437301635742
cmksw1oc05fmjmzv5xwform6b,0.40600115060806274
cmksw1exw5cqemzv59up9azol,0.4616679847240448
cmksw1k3d5e32mzv5zflkfc6h,0.44501402974128723
cmksw1l4a5ehrmzv510pa88xn,0.4651035666465759
cmksw1lsr5ememzv5tq65mjq6,0.46279075741767883
cmksw1f2q5cs5mzv5ej68bfak,0.45889827609062195
cmksw1ktr5edgmzv55kdyttfe,0.46669337153434753
cmksw1o1d5fgdmzv53dtrr6sa,0.41373544931411743
cmksw17mp59zomzv5ukgfam11,-0.5361692309379578
cmksw1cri5c16mzv53s81uv2o,0.4272504150867462
cmksw19n05axymzv5hrw0s2a2,-0.5660353302955627
cmksw1d1o5c5lmzv5gu3ft3xh,0.42593494057655334
cmksw18nv5acrmzv5e9057dp7,-0.5578726530075073
cmksw1dh55cc5mzv5bydhfayg,0.40119802951812744
cmksw17c959smmzv5ispomwi0,-0.5577821731567383
cmksw15v05965mzv56q4azte6,-0.5473053455352783
cmksw1e0i5cemmzv5anv0baen,0.4655066132545471
cmksw1ej45clcmzv5s460v584,0.41065463423728943
cmksw15eu58y1mzv5pg89ivqo,-0.5483866333961487
cmksw1cwj5c3jmzv5pulahx2w,0.4274615943431854
cmksw15py593kmzv5jojbnoyo,-0.5584086179733276
cmksw17hh59wamzv5x8k817ij,-0.5519336462020874
cmksw1bb95bnkmzv56ia1328y,0.4569774866104126
cmksw159o58v8mzv5znsvtog8,-0.5397747159004211
cmksw16pu59fgmzv5e8i8pi3m,-0.5513409972190857
cmksw19sl5b1lmzv5yercduv7,-0.5461378693580627
cmksw1at65bgbmzv5enctl5xo,-0.5127926468849182
cmksw1ahw5b9amzv57emc47mr,-0.5815228819847107
cmksw18hc5a9jmzv5ws2m30c7,-0.5516956448554993
cmksw171p59m5mzv5e1l4wagp,-0.5513619780540466
cmksw176x59phmzv5alibedsb,-0.535358726978302
cmksw1dc45ca2mzv5d40vqgp8,0.41476431488990784
cmksw18tu5ag1mzv5b39j8tfv,-0.5606842637062073
cmksw195n5an8mzv509k8a67j,-0.5479158163070679
cmksw1blb5br2mzv5pz7o0nhc,0.46254557371139526
cmksw19hf5aucmzv57oyww99l,-0.5449302196502686
cmksw19bx5aqrmzv51l7o6r85,-0.5533580183982849
cmksw1bga5bozmzv5ykw5cw0j,0.4460561275482178
cmksw1anr5bcomzv5flwhoskp,-0.5532429814338684
cmksw1c9p5bv3mzv54sjkvd6f,0.5991384983062744
cmksw1cmb5bz8mzv5jossb1m1,0.4340079128742218
cmksw1eaq5cj5mzv5juvvtql2,0.6024830937385559
cmksw18z55ajnmzv5utjcfknf,-0.5803459882736206
cmksw160a598ymzv57b5v9d25,-0.4891209304332733
cmksw15kn590umzv5jxi6zaow,-0.5274728536605835
cmksw16k159c4mzv51476fdx1,-0.5670745968818665
cmksw16vb59ijmzv5rzaioqz6,-0.5668796300888062
cmksw1d6w5c7omzv5qar51j79,0.42083320021629333
cmksw17rx5a37mzv531j6uhf0,-0.49217939376831055
cmksw17xt5a6tmzv5u0b358ps,-0.5969129800796509
cmksw19yg5b5imzv5lnts944e,-0.490740031003952
cmksw1ayz5bkrmzv57ve1a45e,-0.49006035923957825
cmksw1e5h5ch0mzv5kvhls9ss,0.4682117998600006
cmksw1b665bm6mzv5si2ip39n,0.4660845696926117
cmksw1bqf5bt4mzv50i6jdazv,0.43643808364868164
cmksw1b165bksmzv5uzyd79w9,0.44812434911727905
cmksw1ces5bwymzv520hokrti,0.5691027641296387
cmksw154i58somzv5kztpf750,-0.5508784651756287
cmksw1cjy5bz7mzv5c1xl5vdt,0.6023539304733276
cmksw114h570fmzv51o0qjkgr,0.4998531639575958
cmksw14nx58iamzv5gamgd0mn,0.40721461176872253
cmksw14z558ppmzv50p6tw9te,0.44893479347229004
cmksw11bx572lmzv5s8hlj1xo,0.44339650869369507
cmksw132257rgmzv5cm3a3056,0.444000780582428
cmksw13np586fmzv5r3pc1k3b,0.425649493932724
cmksw145b58i8mzv5l27df9rj,-0.42191633582115173
cmksw11x657dmmzv59t13937x,0.4317411482334137
cmksw12w457o4mzv5fs03u63r,0.45776620507240295
cmksw11rs57aimzv5sfovob89,0.6004588007926941
cmksw13i6582lmzv5ok8jmuu3,0.6063612699508667
cmksw10fc56udmzv543w9li75,-0.5016433000564575
cmksw10ku56xomzv5vlz3x4he,0.49738287925720215
cmksw137e57usmzv5c5sv8prz,0.4637334942817688
cmksw13ta58acmzv5kdwwvknp,0.39791521430015564
cmksw122b57g8mzv5d13a8w9c,0.4528592824935913
cmksw11m4577dmzv58x36nxpd,0.4562147557735443
cmksw116p570gmzv5t3kftrpz,0.45278969407081604
cmksw11gy574smzv50aa8di97,0.4296604096889496
cmksw13zp58eamzv5exky4icn,0.40287941694259644
cmksw12ci57kqmzv5mdynlmov,0.42997321486473083
cmksw147i58i9mzv5bi8hnh2l,-0.4059430956840515
cmksw127c57ijmzv54iohi9g7,0.44856923818588257
cmksw13cn57ypmzv5j4axzgw8,0.45396295189857483
cmksw14tt58m3mzv5hfad2a5b,0.40855419635772705
cmksw0ynd55s3mzv547qg0e2p,0.4201594293117523
cmksw0y0w559umzv5d93m2kn5,0.4168548583984375
cmksw0xpq5515mzv5hdsj915g,0.41871148347854614
cmksw0wn854idmzv5m38acj1i,0.4297565519809723
cmksw0znw56a8mzv5u0cs7dp3,0.4096747040748596
cmksw0zz856jvmzv5rrayzvgy,-0.40948787331581116
cmksw0uot53akmzv5ywzj26xg,-0.4072229266166687
cmksw0wh854dmmzv5vs1145w7,0.4321345388889313
cmksw0zd2560omzv5a9p2dq38,0.42652010917663574
cmksw0w645447mzv58g5dwnaz,0.417892724275589
cmksw0vuy53uxmzv52cjn2wks,0.4359653890132904
cmksw0xe654rxmzv551z3sj3e,0.42299166321754456
cmksw0yhx55namzv5jqnkni69,0.41971367597579956
cmksw0uji535ymzv58l07mpbh,-0.4129692018032074
cmksw0udu531emzv5doqfxje8,-0.421772301197052
cmksw0v8a53eamzv5nvaqt5zc,0.4119841158390045
cmksw0w0m53zkmzv5v7bc3eav,0.42618799209594727
cmksw0zik565gmzv5j8499xtc,0.4336738586425781
cmksw0vjp53lqmzv5nnfn69fm,0.4225371479988098
cmksw0x7254n4mzv5q9gxoz6t,0.41942596435546875
cmksw0ybu55iimzv5b7d3802v,0.4256717562675476
cmksw0y6d55ejmzv52ce4pdfl,0.4219422936439514
cmksw0ztn56f2mzv5c1u2x7ig,0.4200892746448517
cmksw0xvg555ymzv5gzpqv5y5,0.42041754722595215
cmksw104w56opmzv57xu1p43h,0.5579465627670288
cmksw0ve753i1mzv5uu3nv8fy,-0.4259647727012634
cmksw0z6z55vymzv5wc6lqv6y,0.44016966223716736
cmksw0u9g531cmzv5b16o6kbg,0.5564853549003601
cmksw0wbq548vmzv5prxnnlqh,0.42117294669151306
cmksw0vpd53qdmzv5ue5jaeky,0.4147905111312866
cmksw10a356romzv5hev3j27w,-0.4100676476955414
cmksw0xjz54wdmzv5vk7o2lcf,0.4199068248271942
cmksw0ubs531dmzv5qhqa2q6e,0.7179718017578125
cmksw0s7i5290mzv5qt6eu93k,0.3958689868450165
cmksw0sye52lamzv5ztyau2h9,-0.39901071786880493
cmksw0tn252pvmzv5h6y0vfjm,0.4137274920940399
cmksw0stc52ixmzv5dlmb3cul,0.41994795203208923
cmksw0thk52nbmzv5rk387eye,0.4480610489845276
cmksw0sio52e0mzv5re0s4cc8,0.3891298770904541
cmksw0s015274mzv5umihajz0,0.4319796562194824
cmksw0s225275mzv5we831du4,0.4076988995075226
cmksw0ts852s1mzv5xqrjt9pg,0.4301008880138397
cmksw0txx52vdmzv51o2aod12,0.40995219349861145
cmksw0snp52gjmzv5dovj6g9c,0.3874073028564453
cmksw0u3r52xymzv53758gb7x,-0.4218362271785736
cmksw0sd852bkmzv5f1cveefn,0.40550896525382996
cmksw0jab50pemzv5dds00yul,-0.4275093972682953
cmksw0i1r50h0mzv5zce5zh5d,-0.42397546768188477
cmksw0lv251a0mzv5uxenjl43,-0.42282232642173767
cmksw0mix51bqmzv5d1ehr4bx,-0.43171173334121704
cmksw0n7z51hfmzv5mfu7xksx,-0.4382280111312866
cmksw0oax51momzv5gtinxepo,-0.42802515625953674
cmksw0q7i51y5mzv58sd3zxpv,0.4713228642940521
cmksw0me051awmzv57039l71b,-0.4218268394470215
cmksw0mss51dymzv5ar3vbl4w,-0.42523038387298584
cmksw0mxx51f3mzv5odbcs5mo,-0.41945165395736694
cmksw0nd051ilmzv5g42ti1kj,-0.4534202218055725
cmksw0nhq51jjmzv5we0h9ive,-0.41931554675102234
cmksw0o5k51lkmzv5h2e3chno,-0.42690417170524597
cmksw0olc51owmzv597mywryq,-0.41996636986732483
cmksw0qc751z2mzv5a0qibfab,0.5159068703651428
cmksw0i6k50iamzv5exjkh7mh,-0.43203234672546387
cmksw0iui50l2mzv5kidbpttz,-0.4096112549304962
cmksw0j5150nzmzv5gkf5ubgv,-0.39898306131362915
cmksw0jkt50rymzv5mfvlv8r8,-0.44175833463668823
cmksw0jq350t6mzv580h5bz7c,-0.44018590450286865
cmksw0kou50yymzv5jd95r4jv,-0.4242786467075348
cmksw0ktx510fmzv5zsb73t42,-0.4264870584011078
cmksw0l8y514mmzv5towyyr5f,-0.41213303804397583
cmksw0ljf517dmzv5jnv07b8v,-0.43734610080718994
cmksw0lpa518pmzv5ub6817fy,-0.43997666239738464
cmksw0h7a509imzv52bkm48sv,-0.40163230895996094
cmksw0hml50d1mzv5uicn1jvi,-0.43577855825424194
cmksw0hro50ecmzv54s7yd2h3,-0.4283744692802429
cmksw0hhh50btmzv5y89dysjj,-0.4214688837528229
cmksw0hwk50fomzv5wbsi03zm,-0.4221092760562897
cmksw0kjs50ximzv5ehjk2366,-0.43811631202697754
cmksw0pae51tzmzv58iykornd,0.6493204832077026
cmksw0py251w2mzv5nmji0qqn,0.6507186889648438
cmksw0q2v51x5mzv5rkdy4klx,0.6508565545082092
cmksw0qvq522omzv5m52suxmh,0.6637517809867859
cmksw0r0r523kmzv5d2q0fvk0,0.6460244655609131
cmksw0row525bmzv5vci0d113,0.6539141535758972
cmksw0p5b51t1mzv5izltfdsi,0.6548088192939758
cmksw0oq151q3mzv5d1ouvggl,0.4565452039241791
cmksw0n2x51gamzv5vbds6ivo,-0.4133893847465515
cmksw0nmr51kgmzv5yawlyes4,-0.4409676194190979
cmksw0ruc5268mzv5m61smhvk,0.6509622931480408
cmksw0ogm51nrmzv59jg1xq7u,-0.42924681305885315
cmksw0pf451uzmzv5wv5uqz2t,0.46245431900024414
cmksw0izv50mimzv597fwsrwg,-0.4087170362472534
cmksw0jfh50qtmzv5gzt3d7tm,-0.4322645962238312
cmksw0r5j524fmzv5v3v9vujy,0.6535804867744446
cmksw0jv550uhmzv5ei4br4by,-0.427198201417923
cmksw0kyw5120mzv5t1n3pntx,-0.4380742311477661
cmksw0le35160mzv5rd1uwu8c,-0.44526511430740356
cmksw0hcb50anmzv5i6edrr3b,-0.416328102350235
cmksw0k0l50vymzv5xeoajqv5,-0.4253885746002197
cmksw0ipl50jnmzv5o0wp7rt4,-0.412653386592865
cmksw0l3v5139mzv5wnf93kl2,-0.44108882546424866
cmksw0mnx51cumzv5mfwywm4o,-0.44097599387168884
cmksw0p0d51s4mzv595dmsow4,0.5135403871536255
cmksw0qm8520wmzv5qpjl15jm,0.5288386344909668
cmksw0ovd51r9mzv5v7sir01o,0.6524697542190552
cmksw0h50509hmzv58rfvzme2,-0.6873515844345093
cmksw0qh651zzmzv5epm1zyce,0.6546854972839355
cmksw0qqy521tmzv5o262f2se,0.6464962363243103
cmksw0cdw4z1emzv5ymwrdbaw,0.6329920291900635
cmksw0egz4zj8mzv5chims8wl,-0.41202273964881897
cmksw0ffj4zqgmzv5l7m4y9au,-0.41049718856811523
cmksw0g0x4zz9mzv5pk3yjxnv,-0.44011980295181274
cmksw0gbi504bmzv5d7d7ws7j,-0.4339457154273987
cmksw0e644zflmzv57heataiy,-0.43683886528015137
cmksw0dlz4z8vmzv5epony0e9,-0.41694167256355286
cmksw0cot4z3dmzv5x9po4tcx,-0.4431709945201874
cmksw0fvh4zwsmzv5xs95cds9,-0.4163413941860199
cmksw0db04z58mzv5jo0rtfaq,-0.45560434460639954
cmksw0ggn505kmzv5pcsa1w0s,-0.4251948893070221
cmksw0c7u4yxemzv5bacbqkdm,0.5044531226158142
cmksw0cge4z1fmzv5j5tdds76,0.6385170221328735
cmksw0fko4zrkmzv5d1aymftt,-0.40938422083854675
cmksw0fae4zoymzv5y12f5p2r,-0.4401784837245941
cmksw0fq54zu6mzv5dzz076qk,-0.4065377116203308
cmksw0g6a501vmzv5eh8a4yss,-0.4340675473213196
cmksw0e0z4zdumzv5uf2j40f9,-0.4374232888221741
cmksw0cr04z3emzv5n6swnbpe,-0.4231896698474884
cmksw0dr24zammzv5nhqd32jn,-0.4270187020301819
cmksw0f594zn1mzv52z4vosgl,-0.41227611899375916
cmksw0gzu507emzv5yxdeo7yl,-0.4339176416397095
cmksw0cis4z1gmzv59c22um6l,-0.4255305528640747
cmksw0dgr4z6zmzv5k5cif4xl,-0.4345340132713318
cmksw0ebl4zhamzv50m30y7n4,0.4297845959663391
cmksw0em54zl5mzv5rjitjaqa,0.39943158626556396
cmksw0dw54zc5mzv5pqv264dy,-0.43969395756721497
cmksw09704xzpmzv5l7kk9bdp,0.4023039937019348
cmksw0awo4yivmzv5k7pyjz0j,-0.4150678813457489
cmksw08ue4xv4mzv5xc0316ix,-0.4410203695297241
cmksw0agh4yaomzv56yhmzwxe,-0.42718037962913513
cmksw0arb4ygcmzv5gab8txi8,-0.44086185097694397
cmksw0bli4yogmzv55rg08m02,-0.4294275641441345
cmksw0c1t4yuymzv5pjil8p6t,-0.4343410134315491
cmksw07834xgemzv5mm017z6j,-0.43279168009757996
cmksw09vm4y3mmzv5d7c8b6dp,-0.42694294452667236
cmksw0bqs4yqimzv5o7bbe6rr,-0.41636550426483154
cmksw0a0v4y58mzv5t4647tj1,-0.4294256567955017
cmksw085e4xm4mzv5nx7m870b,-0.432987242937088
cmksw09qb4y1xmzv51eauwoxt,-0.426632285118103
cmksw080k4xkmmzv5vale5vk0,-0.4379858374595642
cmksw08zo4xxgmzv5w51whuo3,-0.4306257963180542
cmksw08f24xp6mzv5uzd4l2ru,-0.4893868863582611
cmksw0ab44y8amzv59qcmzbpw,0.4039452075958252
cmksw07cv4xhsmzv5j0qam8kj,0.48512759804725647
cmksw08a64xnnmzv5efm1urh9,0.48688116669654846
cmksw07hl4xj7mzv5myjoiuju,-0.43058937788009644
cmksw0a5u4y66mzv5mvvxqvh2,0.40591961145401
cmksw094q4xzomzv5bu6rtvn7,-0.43187931180000305
cmksw08k54xr0mzv55cgmx2be,-0.430534303188324
cmksw08p44xsomzv5svhws0ig,-0.4394589960575104
cmksw0alt4yddmzv5rg3nktwi,-0.43110570311546326
cmksw0bwd4ysfmzv59h96e3c3,-0.4281266927719116
cmksw0b1z4ylfmzv51w7k6u5k,-0.4203612506389618
cmksw04ay4wxrmzv544geu25b,-0.44365450739860535
cmksw075v4xgdmzv50tbbwka7,0.4917556643486023
cmksw05qn4x8pmzv590blygtx,0.49301907420158386
cmksw06814xehmzv51hebzsxe,0.4911045432090759
cmksw02e84wjomzv5uw8nu82f,-0.403256356716156
cmksw06u34xekmzv5vl8sshep,-0.4048003852367401
cmksw03vv4wtmmzv5bwvucf7w,0.40286368131637573
cmksw04hw4wz7mzv5pufpj8a1,0.4880349338054657
cmksw05b44x3bmzv5g9eljkbt,0.4976980984210968
cmksw02nt4wlzmzv54gnxco2w,-0.4107326567173004
cmksw05lg4x6qmzv5uiu87agu,-0.39902710914611816
cmksw03hg4wpnmzv5cxnslxx4,-0.4099838435649872
cmksw060r4xcmmzv5ef6xd8nc,0.4916705787181854
cmksw02j24wkvmzv5emsp67b2,-0.4068377912044525
cmksw05g84x4tmzv5pc2d8889,-0.4021276831626892
cmksw06614xegmzv5xw2usfx4,-0.41264504194259644
cmksw03m94wqtmzv508bbp53z,-0.4469161331653595
cmksw04fv4wz6mzv5a8bhzwhd,-0.40569958090782166
cmksw024o4wgkmzv571zodbg0,-0.45074132084846497
cmksw040w4wv5mzv5c66n6382,-0.40032628178596497
cmksw073o4xgcmzv5ccm5u8zm,0.4171731472015381
cmksw045z4wwhmzv5a78w1rsm,-0.44515106081962585
cmksw03r04ws6mzv5i7t7m9a0,-0.42874470353126526
cmksw03bk4wocmzv5r6cex5hi,-0.4056667685508728
cmksw02sk4wn5mzv5nucr165z,-0.4185154139995575
cmksw029i4wi3mzv5rockenqi,0.41774222254753113
cmksw06wb4xelmzv5cvepi9de,-0.43239426612854004
cmksw05vp4xb0mzv5357j4abu,0.4156680107116699
cmksw06yk4xemmzv5o3btvnuv,-0.4525183141231537
cmksw06oa4xeimzv56re0igrc,-0.45182323455810547
cmksw06rv4xejmzv5gdhcq68u,-0.41537097096443176
cmksw05114x0kmzv5akyj2qf3,-0.45030346512794495
cmksw05614x1umzv5eum1h1ow,-0.4712507426738739
cmksvzv1y4usvmzv5y01e5o9o,-0.4260568618774414
cmksvzx674vjymzv56gfgux8m,-0.4455876350402832
cmksvzww64vf1mzv5rbm9fsz1,-0.4196946322917938
cmksvzut24ur5mzv5kxpgda35,-0.42675864696502686
cmksvzytm4vxumzv5j6ho5yt0,0.4233578145503998
cmksvzwfz4v6nmzv5fz7m47y9,-0.43073591589927673
cmksvzz5q4vzrmzv5dle0n21s,-0.45496508479118347
cmksvzzar4w0smzv5p50a4tlp,-0.4079088568687439
cmksvzyj64vuxmzv5u0vywsu3,-0.42152127623558044
cmksvzy9d4vs3mzv5bl7mpkfg,-0.4338834881782532
cmksvzuwy4ur7mzv5shl02y54,-0.44823142886161804
cmksw01ps4wdgmzv5uo73xj44,-0.407096266746521
cmksvzwlk4v9fmzv544vtbegn,-0.43080535531044006
cmksw00hm4w6pmzv52sccwgcr,-0.4746098220348358
cmksw00314w3tmzv5i4pgwo8n,0.4247742295265198
cmksvzyon4vwdmzv5z4yemku8,0.422122061252594
cmksvzztl4w1qmzv5418wr3du,-0.4890018105506897
cmksvzwqu4vc7mzv5m6xnl3xm,-0.401797890663147
cmksw00wd4wa6mzv54c5ek6t1,-0.485991507768631
cmksvzvgm4uxrmzv56ropb59o,-0.4486362636089325
cmksvzyyk4vysmzv5k8rzebvf,0.4019784927368164
cmksvzy4h4vqfmzv5m71ljes3,-0.3961966335773468
cmksvzxb94vlxmzv58sf5n9lk,-0.4485209286212921
cmksw01zq4wflmzv5aeqi77r2,0.49489086866378784
cmksw01ul4welmzv5jve26q80,-0.4778720438480377
cmksw01kc4wc9mzv5y9fbbf0m,-0.4906902015209198
cmksvzvbj4uw1mzv57bg7qc92,-0.4405389428138733
cmksvzxg54vnqmzv5howwiy0u,-0.44634076952934265
cmksw00co4w5smzv5xoimwtr4,0.4911045432090759
cmksw011e4wb2mzv57p7z9ao1,0.4654223620891571
cmksw00mm4w84mzv5u2i22jer,0.4962589144706726
cmksw00rf4w9amzv5uw9m59h1,0.4871460497379303
cmksvzvqh4v15mzv58qywrpqs,-0.43767231702804565
cmksvzx1c4vhumzv5nfapb81f,-0.4492986500263214
cmksvzxla4vpemzv51rvbnago,-0.45362555980682373
cmksw007o4w4rmzv5kkj7tnu6,-0.3970170021057129
cmksvzuuz4ur6mzv5ljibwnvx,-0.43915754556655884
cmksvzv6o4uuemzv5s66gu8b6,-0.4479493200778961
cmksvzzya4w2vmzv58wp8wbk4,0.432308167219162
cmksvzz0q4vytmzv59kihd384,0.4900340735912323
cmksvzw9z4v3wmzv5p7sukupm,-0.4370001554489136
cmksvzyed4vtomzv5jqlopulf,-0.40768110752105713
cmksvzvlg4uzkmzv5jf8on80l,-0.4490056335926056
cmksvztaz4uahmzv5tfkpxp7i,-0.4333861172199249
cmksvzrvk4tummzv5mao80pbg,-0.6841650009155273
cmksvzs184tyxmzv5e1zirvdr,0.6224290728569031
cmksvztup4uiemzv5mrn2kmdr,-0.447450190782547
cmksvztks4uebmzv59hiq69dk,-0.4235142171382904
cmksvzrq44trwmzv5uuqftvg3,0.44321757555007935
cmksvzswf4u5dmzv5tzjdx6p0,0.4986285865306854
cmksvzs6c4u1smzv55gz0insa,-0.41850149631500244
cmksvzt1e4u7emzv5s745ti7d,-0.4272455871105194
cmksvzs8h4u1tmzv5hy2b8nux,-0.43610405921936035
cmksvzu4v4un8mzv5pqljmzec,-0.4117739498615265
cmksvztzp4ukrmzv5ud5t8rni,-0.4481251537799835
cmksvztpq4ug7mzv5iun158ja,-0.4222007095813751
cmksvzt654u8wmzv5xef4ts6k,-0.4372365176677704
cmksvzsdf4u3imzv56arohqvr,0.40723738074302673
cmksvzunz4up9mzv5isf2e8k7,-0.3973238468170166
cmksvztfv4ucdmzv5a4gd38uy,-0.4244358241558075
cmksvzqlh4tdkmzv5vfj0qdif,0.39777806401252747
cmksvzqau4t88mzv59z1vm54e,0.40923625230789185
cmksvzras4tk0mzv51dmpoked,-0.4319809675216675
cmksvzr4u4tgomzv5qjalcxn7,-0.41553187370300293
cmksvzqg44taumzv5vfxqzl6u,-0.43498796224594116
cmksvzrg04tmymzv5yvknpbwl,0.41704657673835754
cmksvzrl54tphmzv53odpvlgv,-0.4006078541278839
cmksvzonr4sqgmzv5tp2q13go,-0.47731876373291016
cmksvzpip4swqmzv5a3vlp2p6,-0.4298347234725952
cmksvzpq04szamzv5sw6qmcuk,-0.396287739276886
cmksvzq5s4t6hmzv5o87w4mb9,-0.4368397891521454
cmksvzpdh4suimzv5ygckndoq,0.49015799164772034
cmksvzoss4sssmzv5fgn71vrd,-0.49150341749191284
cmksvzpv94t1omzv5138xp9zz,-0.41147521138191223
cmksvzpku4swrmzv5c27h7xgm,-0.40113529562950134
cmksvzq0l4t48mzv53q5a3kon,0.40794408321380615
cmksvzmkb4sanmzv54c44jx50,0.42518848180770874
cmksvzo3t4sl2mzv5cco6uk6w,-0.6385173797607422
cmksvznyz4sjpmzv5c2xbj012,-0.6167531609535217
cmksvzodl4snkmzv5c1sh0ied,-0.6174160838127136
cmksvznjf4seemzv51g4nt2s0,0.4256361722946167
cmksvzma04s8kmzv5pq4s06c4,0.6873424649238586
cmksvzo8q4smemzv5h7fr5eyh,-0.6443859934806824
cmksvzn074sd9mzv5vyoxxy99,0.42285895347595215
cmksvzmp54sbhmzv5iy8iei26,0.42167824506759644
cmksvznu74sigmzv5ue7ir42j,-0.6371691226959229
cmksvznol4sfimzv5dzbrdtow,0.6289435029029846
cmksvzoik4sowmzv51w441p1d,-0.6666006445884705
cmksvzmui4scbmzv5ptkf62f0,0.42142122983932495
cmksvzmfj4s9lmzv5gfgl6bid,0.5499247312545776
cmksvzj5l4r8zmzv5axplimmf,0.5453656911849976
cmksvzigv4r2imzv5swbugae5,0.5470273494720459
cmksvzjba4raimzv5kif5pi4m,0.5447567701339722
cmksvzlva4s2ymzv5lf3yaje1,0.5448670387268066
cmksvzl694rymmzv59dac7pvr,0.549434244632721
cmksvzhfa4qvimzv5b3o7b2a0,0.43969303369522095
cmksvzhb14qvgmzv58vs16xzn,0.45512065291404724
cmksvzm094s52mzv5u2yhdce1,0.5436594486236572
cmksvzhd84qvhmzv54v5egap6,0.4713705778121948
cmksvzj0o4r7imzv5x7vibl6l,0.5502657294273376
cmksvzkqx4rromzv5wuyvgdfr,0.5491963624954224
cmksvzh504qrtmzv5jygenqa0,-0.5662842392921448
cmksvzhm44qx5mzv5kpl6qhhd,0.4179217517375946
cmksvziqn4r5bmzv5ysreuito,0.4267321228981018
cmksvzkb94rk7mzv5dsx1kyl8,0.4157651662826538
cmksvzivp4r68mzv579fgtybk,0.42512810230255127
cmksvzjv94rcsmzv52g4s2m7s,0.4188850522041321
cmksvzhk54qx4mzv5r3ihtpt7,0.4099963307380676
cmksvzk0o4rf9mzv5mt5w7b74,0.45919233560562134
cmksvzibv4r0nmzv54fhihw2k,0.42976897954940796
cmksvzm554s70mzv5om8b2w78,0.4220288395881653
cmksvzkgg4rmpmzv5snsnrz6e,0.4164978265762329
cmksvzl134rwgmzv5kqytrifu,0.4118102192878723
cmksvzk5x4rhomzv5osot5493,0.41134077310562134
cmksvzkls4rp5mzv5qpk60heq,0.41757285594940186
cmksvzlpj4s0xmzv59vd2wksn,0.42526111006736755
cmksvzkw14ru7mzv574jt691l,0.4209846258163452
cmksvzi264qx6mzv5ie7folre,0.4043760597705841
cmksvzi724qyxmzv5nqgm0s4p,0.4267534017562866
cmksvzilv4r48mzv5laipns1q,0.4291711151599884
cmksvzckl4pf4mzv5qy1hqhzr,0.4340280294418335
cmksvzdt94ps5mzv5f402557a,0.4175436496734619
cmksvzdy34pt9mzv5dijhqgj2,0.42598649859428406
cmksvzf784q51mzv5zcr42vte,0.433348149061203
cmksvzgup4qnpmzv5mypguvo5,-0.44420063495635986
cmksvze8a4pwkmzv56bdqedk2,0.43603232502937317
cmksvzewr4q0ymzv5zl93dp70,0.43789681792259216
cmksvzfcc4q6rmzv51k0xqpgd,0.42873865365982056
cmksvzfhp4q92mzv5c4qh9hr6,0.43963220715522766
cmksvzfp24qc3mzv5idne72hg,0.4248368442058563
cmksvzfzj4qgqmzv583jlphed,0.4709273874759674
cmksvzgkk4qjbmzv5yitbnv31,0.4197063446044922
cmksvzgzu4qprmzv5qp6d3254,0.4234737753868103
cmksvzedf4pyqmzv5vgwxool6,0.44074758887290955
cmksvzcan4pagmzv59gkounv5,0.4445934593677521
cmksvzd3x4phdmzv5uu4jm3ye,0.4257299304008484
cmksvzde34pm0mzv59c17sjet,0.4202916920185089
cmksvzdo24pqbmzv5di3yaf29,0.4505802392959595
cmksvzc5p4p84mzv5bksrqamb,0.4471084773540497
cmksvzcfm4pcqmzv56l0lutb9,0.42052507400512695
cmksvzg4h4qjamzv5wglp4r1j,0.5476018786430359
cmksvzgpo4ql9mzv5z850o1qw,0.422598272562027
cmksvzfjw4q93mzv56818tjbl,0.44961798191070557
cmksvzbyx4oy1mzv54g7oi9yr,0.6647360920906067
cmksvzfug4qebmzv5qq1fy1uc,0.43685632944107056
cmksvzd934pjmmzv5yt8kgk0q,0.5489168763160706
cmksvzdj34po8mzv5r2n6gp1e,0.544849157333374
cmksvzf204q2omzv5iemndpxk,0.42983537912368774
cmksvze334puemzv5hiidacf3,0.42811399698257446
cmksvz4m84mpmmzv5s7mcm19q,-0.4148711860179901
cmksvz8po4nyamzv5ieh4byzh,0.4014461636543274
cmksvz9t74o9gmzv58zn9qxt2,0.5269824266433716
cmksvz47c4mkjmzv5cak7mtbp,0.5568297505378723
cmksvz9j64o4qmzv5af62enoh,0.4479309618473053
cmksvz8us4o0qmzv5bevig5us,0.40350350737571716
cmksvz9yc4obumzv5epnztczz,0.4118160009384155
cmksvz3x54mglmzv5fz6z0cvh,-0.41188183426856995
cmksvzbj14osumzv5z0d8a8ry,0.5466006994247437
cmksvz8f44ntamzv5jcpb4x05,0.40543702244758606
cmksvzb8j4oowmzv55rrn0y4d,0.4296495318412781
cmksvz69w4n61mzv593lcnxb3,0.4022299349308014
cmksvza8g4oh4mzv523rjfax7,0.43437638878822327
cmksvz4c94mm8mzv5rd6wzjhk,-0.40020227432250977
cmksvz5v14n0wmzv5cdj2wnma,0.4108428657054901
cmksvz6u84ndfmzv5rzrkw1b6,0.40410810708999634
cmksvz6k44n9qmzv51g2fgwyp,0.40776699781417847
cmksvz9e34o34mzv5n3c3mpts,-0.40439343452453613
cmksvz6514n4vmzv5b4esv37u,0.4198908805847168
cmksvz9oc4o73mzv5t40hium6,0.4316435754299164
cmksvz6p04nblmzv5eimfd9lo,0.40632909536361694
cmksvz7034nfamzv5zw9qk78u,0.40965932607650757
cmksvz89p4nqumzv56i6eulia,-0.41007158160209656
cmksvz8ka4nvtmzv55kz9o600,-0.40672117471694946
cmksvz7jd4nh5mzv5v8i63am2,0.42905938625335693
cmksvz4h24mnwmzv5tmx12u3w,-0.4042200744152069
cmksvz4wk4mtcmzv5t7cu05ja,-0.4110381603240967
cmksvz51p4mv6mzv5rqws4g97,-0.41027504205703735
cmksvz56t4mx1mzv5x731gv3g,0.4106411933898926
cmksvz7ot4nivmzv5hbs1rs6q,0.4049935042858124
cmksvzbsv4owjmzv5zdamrezo,0.42136120796203613
cmksvzaon4ompmzv5v45dodh6,0.4245346784591675
cmksvz6f54n7wmzv5wmbpp9up,0.4018546938896179
cmksvz6034n2wmzv5i5vf8zk9,0.4026789665222168
cmksvz84k4noimzv5r86s2ewz,0.414441853761673
cmksvzbnz4ouvmzv5z319tuix,0.4235353171825409
cmksvz4rd4mrhmzv5gxb7vifi,0.3988155424594879
cmksvz4274mitmzv56bqpjxo3,0.42705199122428894
cmksvzbdf4or0mzv58qtofmyy,0.43290820717811584
cmksvzaj14okxmzv59shuup97,0.43630069494247437
cmksvzadk4oipmzv54ga7gmtq,0.46929579973220825
cmksvza3c4oehmzv5kt8k1wjv,0.427373468875885
cmksvz7ts4nkkmzv59o8keg07,-0.4061397612094879
cmksvz5q04mywmzv5iw9otk22,0.3999912738800049
cmksvz7z74nm6mzv5bjjyebbi,-0.4009621739387512
cmksvz15n4m8imzv52zdkephs,0.5055633187294006
cmksvz10r4m81mzv5dycwmh50,0.5036788582801819
cmksvz22w4majmzv5jkrex0lv,0.47072702646255493
cmksvz2t14mdjmzv50fecceai,0.4590817391872406
cmksvz2i44mcemzv52we9scwa,-0.49288731813430786
cmksvz0vi4m7jmzv593smxl4y,0.4990975558757782
cmksvz1k84ma1mzv5kwasfvt2,0.4935466945171356
cmksvz1f94m9imzv54nemmvzg,0.4862838685512543
cmksvz2my4mcymzv5xay0ep5u,0.45359745621681213
cmksvz3dz4mfymzv591gl6owo,0.5681160092353821
cmksvz1ak4m8ymzv565203k4j,0.6325702667236328
cmksvz33h4meomzv51d1aysb1,0.47513440251350403
cmksvz27n4mb4mzv5p1eyf8jt,0.5792050957679749
cmksvz3954mfbmzv5aozy7ko8,0.5699656009674072
cmksvz2yh4me2mzv5c2pwroo1,0.5756451487541199
cmksvz2d34mbrmzv5tfk5y65t,0.5785102844238281
cmksvz0lz4m5tmzv552kvecxj,0.6260530948638916
cmksvyvyb4lfemzv54jg18hvf,0.4366493225097656
cmksvyvdl4l93mzv5njnnq4ef,0.4322219789028168
cmksvywdg4ljimzv5rj8qclc0,0.4891728460788727
cmksvyx764lnfmzv5nhpx571m,0.510862410068512
cmksvz0h24m4ymzv5i9rjjbm3,0.5087237358093262
cmksvyztf4m3omzv5vkqh5vmh,0.5093327164649963
cmksvyz5j4lzqmzv51b2purlv,0.5254876017570496
cmksvyzoq4m30mzv52nlxda23,0.4969436824321747
cmksvyx244lm3mzv5x2g5djwq,0.5115181803703308
cmksvyxm24lr3mzv54eaz8jq8,0.4979349672794342
cmksvz0qt4m6wmzv520fowllt,0.5223612785339355
cmksvyy314luemzv5z5yemjg3,0.5542009472846985
cmksvyv354l6bmzv5xbnicyut,0.42709192633628845
cmksvyym14lvamzv5y3wxluz5,0.5017222762107849
cmksvyxw04ltdmzv5u8l1d59n,0.5126745700836182
cmksvyuk14l4rmzv5y3qyj8sd,0.4919062852859497
cmksvyv894l7mmzv5g48t16n9,0.45273756980895996
cmksvyvsp4ldpmzv5aphv0x5u,0.46128398180007935
cmksvyyvq4lxgmzv5qqk9g3wf,0.49161726236343384
cmksvyzk14m2bmzv5n2jjw30p,0.5040328502655029
cmksvyuf64l3gmzv5k7xd0xot,0.48301708698272705
cmksvz0c64m49mzv5pjmcz9hx,0.5093985795974731
cmksvyy0v4ludmzv5lztb4u2f,0.5209718942642212
cmksvyxqv4ls5mzv5be8ddxu1,0.5051918625831604
cmksvyxh34lpzmzv5119nvybn,0.5036296248435974
cmksvyxc34loomzv5lbhwfhmc,0.5084026455879211
cmksvywwg4lktmzv5kadhxczk,0.4509957730770111
cmksvyw8h4li7mzv57xgmh8h8,0.468208909034729
cmksvyw3e4lgtmzv5l7u8ptyi,0.44477275013923645
cmksvyvno4lc8mzv5ozub2jiz,0.43660712242126465
cmksvyvim4lammzv5kvg0xwjw,0.4644174575805664
cmksvyyqy4lwemzv539szr29q,0.5098382830619812
cmksvyz0m4lylmzv5kciebz3o,0.5003373622894287
cmksvyzak4m0vmzv5ugbl4bus,0.5103669762611389
cmksvyzfc4m1mmzv5eompiwj0,0.5165233612060547
cmksvyrxi4k0omzv5n1t39pcp,-0.6531223654747009
cmksvyrhr4jtwmzv5pk23m13d,-0.6168748140335083
cmksvyrc24jrdmzv5w7ril8dz,-0.6153315305709839
cmksvythi4kipmzv5rghpiay2,-0.6065770983695984
cmksvysiy4kajmzv50bzfcucd,-0.6006995439529419
cmksvytxs4kr2mzv5pytgpjmv,-0.6244249939918518
cmksvytcd4kgdmzv51lfy4qfw,-0.6189145445823669
cmksvysdr4k86mzv52wo3tu3l,-0.5270248651504517
cmksvyqi74jkimzv5w873zmtv,-0.620376706123352
cmksvysnx4kcimzv5zxtr1hpx,-0.6161078810691833
cmksvyrs74jyfmzv5xikb6sjh,-0.5948817729949951
cmksvyrmu4jvumzv5953a1tn5,-0.6016241312026978
cmksvyt754kecmzv5y213xd3q,-0.6028228402137756
cmksvyqsj4jonmzv51to3ifeb,-0.6204627752304077
cmksvyqcx4jicmzv5t4ff5rci,0.4892531931400299
cmksvys344k3dmzv5s57jtg93,-0.6550635099411011
cmksvytmu4klgmzv5pibnhoea,-0.5967798829078674
cmksvyu8l4kwcmzv51xt7s3pl,-0.5597683787345886
cmksvyqnh4jm5mzv5j0fdyu0x,-0.6183130741119385
cmksvys8k4k61mzv5wguztk84,-0.6368552446365356
cmksvyu374kttmzv5pmveq3gw,-0.6217635869979858
cmksvyts94ko5mzv5qi3g8ohk,-0.6112321615219116
cmksvyovr4ivmmzv5yu26wohs,0.4439750611782074
cmksvyp144iyvmzv5s0255vob,0.5033058524131775
cmksvypxg4j8tmzv5c6z0jluk,-0.5933725237846375
cmksvyoei4imemzv5vwik2c3q,0.4499073624610901
cmksvyq7s4jf7mzv5gd5xq7gr,-0.5960386991500854
cmksvypsc4j5qmzv5hrnqswc4,-0.583951473236084
cmksvyo8z4ijhmzv5xgkbpvv3,-0.4060194194316864
cmksvyq2n4jc4mzv59e7q7g80,-0.6150954365730286
cmksvypmp4j2jmzv53ebltiz7,-0.6110364198684692
cmksvypkj4j2imzv5k8extacb,-0.5760997533798218
cmksvyope4isjmzv5nanyyo8f,0.39552414417266846
cmksvyok24ipgmzv5rlb0ba4s,0.39418354630470276
cmksvyl4c4hshmzv534fkyr75,-0.5439052581787109
cmksvyl284hsgmzv5c7jrouxu,-0.6092255115509033
cmksvyl9d4hu4mzv5gfezid1a,-0.6093775629997253
cmksvykpu4hp4mzv5mj6wbmxm,-0.5469391942024231
cmksvynye4igemzv57cg55flx,-0.6086714267730713
cmksvymdr4i2emzv54fqxdykt,-0.5481775999069214
cmksvymoj4i66mzv5atmrom4z,-0.5637620687484741
cmksvymtq4i84mzv5r27sa65r,-0.5828022956848145
cmksvynnm4idlmzv5fhrzjgej,-0.5129525065422058
cmksvynsr4iezmzv5vw3w0ncr,-0.579443097114563
cmksvyl0a4hsfmzv5xw51dza6,-0.6056904196739197
cmksvylxu4hxhmzv540hh7rnh,-0.6172342300415039
cmksvym304hz4mzv58b22140e,-0.6043297648429871
cmksvym8d4i0pmzv5w0hkq0fz,-0.546499490737915
cmksvylso4hvtmzv5zkwp1lp2,-0.6077243089675903
cmksvyn4a4ibsmzv5enp897ie,-0.6009325981140137
cmksvymj94i4amzv51bg1zavo,-0.6222431659698486
cmksvyo3n4ihzmzv5xxxam8d8,-0.5361809134483337
cmksvykv84hqwmzv5h0yfgppo,-0.587393581867218
cmksvymyv4ia0mzv59yrivb14,-0.5531758666038513
cmksvyhx24hh4mzv5fwm6pzxm,0.4135354161262512
cmksvyifq4hhjmzv5jwu4lhqd,0.4561244249343872
cmksvykae4hnbmzv55pi9xm3b,0.5100435614585876
cmksvyhnb4hg0mzv57nak5f7r,0.5231942534446716
cmksvyiu74hjdmzv5u8kcu81c,0.38014906644821167
cmksvygpf4hcsmzv5mgrc9fpr,0.4535791575908661
cmksvyfzu4hbomzv5wxxw5igm,0.43467479944229126
cmksvyj454hkpmzv5za28gi2m,0.47429901361465454
cmksvyipd4hinmzv5sghglc41,0.5119723677635193
cmksvyjlc4hm5mzv5tglibcww,0.5182303190231323
cmksvykku4hoimzv5m4yw2v34,0.5649996995925903
cmksvygu54hd9mzv5k8eu6nul,0.4380103647708893
cmksvyhdw4hf5mzv5avetvmdu,0.4523233473300934
cmksvyfml4haomzv531fe8ck3,0.41882050037384033
cmksvyfhx4ha8mzv5sb4poebs,0.4216598868370056
cmksvyh4b4hebmzv5kyv9u8na,0.4486629068851471
cmksvyg6k4hc8mzv5e9hpfieq,0.42949575185775757
cmksvyfqo4haqmzv5yhw4w8pg,0.4428098201751709
cmksvyfd94h9smzv5irfn2x29,0.4099504053592682
cmksvyel94h85mzv5j8m2eny0,0.45167726278305054
cmksvyj6e4hkqmzv5rswbjie7,0.3838215172290802
cmksvykfc4hnymzv50uvb3750,0.3809181749820709
cmksvyepu4h8omzv5zi6lstxr,0.42097207903862
cmksvyk4t4hmpmzv5x0fwqo4n,0.38125741481781006
cmksvyhio4hfmmzv5cajg9705,0.4806344509124756
cmksvyhs64hgjmzv59nc2whuz,0.41997623443603516
cmksvyiz14hk1mzv5shi2e38m,0.4053371548652649
cmksvyjbn4hlfmzv5djdcaovi,0.4464317560195923
cmksvyikg4hi0mzv5pc2376wb,0.42844969034194946
cmksvyjge4hlumzv5474coydg,0.38739293813705444
cmksvyh974heumzv5xzh4b8z9,0.41252726316452026
cmksvygyz4hdrmzv55iyqfxic,0.44303008913993835
cmksvyg1w4hbpmzv5u19ruwuf,0.4227692484855652
cmksvyfv94hb8mzv5vpbxqyyk,0.44557610154151917
cmksvyfon4hapmzv535fru77i,0.4471982717514038
cmksvyf8j4h97mzv5jqjz2816,0.4447813928127289
cmksvyatk4gltmzv53lq8pg10,0.4469088613986969
cmksvyebv4h5umzv5opftncfc,0.46410059928894043
cmksvyclj4gw0mzv5bbo9ak2r,0.4741227924823761
cmksvycxh4gydmzv5bdnocgys,0.48304641246795654
cmksvycgh4gv4mzv5trkpw0i2,0.4369862377643585
cmksvydlk4h02mzv54exuwynk,0.45222902297973633
cmksvydve4h2fmzv5bmkbvrv7,0.419386625289917
cmksvydxe4h2gmzv5vjsj1z6q,0.5092321634292603
cmksvye2b4h3hmzv5a21cpcao,0.4651913642883301
cmksvyb314gnpmzv5cmppp3ar,0.4415014684200287
cmksvyayb4gmrmzv5q7jree3x,0.4503689408302307
cmksvycqi4gxamzv5qoo7x8j3,0.466441810131073
cmksvydqp4h17mzv5hsfnmzus,0.4661707282066345
cmksvybvb4gqnmzv5ld4ddwwd,0.5880835652351379
cmksvye754h4omzv5j52aence,0.49373412132263184
cmksvybcb4gpnmzv5savlpwod,0.5915874242782593
cmksvycsj4gxbmzv5xe19dnhy,0.6470961570739746
cmksvyd2g4gz8mzv5uj7n1uo7,0.6113441586494446
cmksvyai14gjomzv52rvvzu77,0.710155725479126
cmksvyc5t4gsdmzv5wtzysxl5,0.6864943504333496
cmksvycbq4gtomzv5xbedk5q7,0.4456484913825989
cmksvyaox4gkwmzv5x2j3au68,0.621293306350708
cmksvyc054grkmzv58aaiahwo,0.61501544713974
cmksvyegn4h6xmzv5yxq564jy,0.7094445824623108
cmksvyb7o4gommzv5722c2dt9,0.5908717513084412
cmksvyamu4gkvmzv5ukp2jtgv,-0.6459210515022278
cmksvy8zc4g71mzv5nhhhoelx,0.4675396680831909
cmksvy7dt4fmpmzv5tzc2paqc,0.4665513336658478
cmksvy8em4fyfmzv5oqn9z8zn,0.4693518877029419
cmksvy9or4gfgmzv5qapkrxl5,0.4579342305660248
cmksvy5yj4etwmzv5ljhg3l0z,-0.5015736222267151
cmksvy7v84fw6mzv5mede4bk5,0.4513215124607086
cmksvy6wb4f6umzv5mstqkneh,0.48011139035224915
cmksvya7u4ggvmzv5anc38a3c,0.617994487285614
cmksvy6ia4exfmzv5qqqhzwex,0.4956206679344177
cmksvy9jp4ge4mzv5k1wpcvgb,0.6325490474700928
cmksvyad54gicmzv50wff2akc,0.5880241394042969
cmksvy6ok4f1fmzv59o639a8c,0.4505572021007538
cmksvy78a4fhrmzv5nmm9sy2t,0.4667295217514038
cmksvy7kl4fremzv5629qiqe5,0.48337289690971375
cmksvy9ek4gcrmzv5nnkuizv1,0.48074600100517273
cmksvy72i4fcimzv5934t3ep1,0.44507962465286255
cmksvy8u84g4wmzv5nbjhcruz,0.47072741389274597
cmksvy94h4g97mzv556axevsl,0.47411999106407166
cmksvy8jw4g0nmzv5m6yokhss,0.5110399723052979
cmksvy8p44g2smzv55dtvsv64,0.47402650117874146
cmksvy99k4gb9mzv5s5aqztjp,-0.45112019777297974
cmksvy6qs4f1gmzv5owulfhhy,0.4853643774986267
cmksvy7pt4ftnmzv5h0rdo6g5,0.44915771484375
cmksvy5ci4ef9mzv5s5brqxem,0.5004031658172607
cmksvy5nw4emcmzv5rx2279qb,0.4895297884941101
cmksvy5if4eiumzv52jtbygyb,0.4918340742588043
cmksvy50g4e52mzv55igly3q1,0.42090439796447754
cmksvy5ta4epwmzv58ogq9qv6,0.6551655530929565
cmksvy56v4ebpmzv50u4lk0z4,0.4908774793148041
cmksvy4v54e3dmzv5ki0gjgb2,0.4910440742969513
cmksvy4l64dzomzv50248dgpj,0.5645503997802734
cmksvy41g4du0mzv5sw1eyzac,-0.5831567049026489
cmksvy4pz4e16mzv59p8l29j8,0.4279177188873291
cmksvy1eb4cc0mzv50qpohktb,-0.4576447308063507
cmksvy0t64bqxmzv50hss5onp,-0.45944592356681824
cmksvy1124bxymzv532f76mvx,-0.45816734433174133
cmksvy2d54d7xmzv53smyjjac,0.4172300100326538
cmksvy1wt4cwxmzv56ewgzs4a,0.43465912342071533
cmksvy17n4c4ymzv5w6nmtyr4,-0.447317898273468
cmksvy3qx4do6mzv5vuo9mgl1,0.45441460609436035
cmksvy3jj4dl4mzv5uy2ojn7j,0.4092963933944702
cmksvy39y4diomzv5r0w0tec9,0.4301595687866211
cmksvy34r4dfxmzv526v7rhe8,-0.4073246717453003
cmksvy1qu4cpzmzv54a5bd78p,-0.48251399397850037
cmksvy27t4d4smzv5msilkeci,0.41350001096725464
cmksvy3er4djimzv52j34cnl8,-0.46126827597618103
cmksvy1ko4cj0mzv5vs439tfz,-0.5245682597160339
cmksvy32h4dfwmzv55eotlkwx,0.4050598442554474
cmksvy22a4d11mzv5phe2ixzc,0.5695652365684509
cmksvy3w94dr5mzv5w00y2gpg,0.4522008001804352
cmksvy3ot4do5mzv5nb9ke6oj,0.6430830955505371
cmksvy2ws4dbzmzv5rl9vj5hs,0.5684525966644287
cmksvy0794bmwmzv55x5ypmwr,0.4517310559749603
cmksvy09k4bmxmzv5f9m0uy6k,-0.5533424019813538
cmksvy00t4bcfmzv5iza0wfsm,0.748852550983429
cmksvxzjt4aykmzv52f7npdam,-0.481791615486145
cmksvxz8r4arbmzv52x2m6mqw,-0.4986688792705536
cmksvxzpc4b2tmzv5qioupzik,-0.472211629152298
cmksvxz6j4aramzv5hvqmez1i,-0.4716455340385437
cmksvxzux4b7mmzv5kh1v3kkd,0.5756700038909912
cmksvxze84aujmzv585noezve,-0.49038711190223694
cmksvxyh14al8mzv5frebqnxx,0.535953938961029
cmksvxz0n4aoamzv5auuzs3nv,0.5264025330543518
cmksvxxs24ad5mzv5b1sxnli4,0.5545264482498169
cmksvxxn44abzmzv53sr7igrj,0.6858208775520325
cmksvxxi14aarmzv554vpg1iv,0.6923689842224121
cmksvxxwx4aehmzv5ulnok4k1,0.6857661008834839
cmksvxy6s4ahvmzv5kbrz2wmf,0.4947458505630493
cmksvxybv4ajqmzv55gfkvrny,0.5044935941696167
cmksvxy1t4ag5mzv5skc322kn,0.6913827657699585
cmksvxric47abmzv53eu8zl54,0.6913260221481323
cmksvxsrg47s1mzv5kg9ptiew,0.6909893751144409
cmksvxshg47o6mzv5xyf3gofu,0.6834721565246582
cmksvxscf47m5mzv5ozf0030d,0.689369797706604
cmksvxs7e47k6mzv5lm5sdeq1,0.6911313533782959
cmksvxs2747i6mzv53v9t8a4n,0.6885963678359985
cmksvxsmm47q9mzv5wv7syecj,0.6838279366493225
cmksvxp1c46kmmzv5jj90wda7,0.5521209239959717
cmksvxwmi49vkmzv52qhr6pwr,-0.4009077847003937
cmksvxwb749nimzv5ep74ylp6,-0.3993227183818817
cmksvxvzn49f9mzv53mcw6ayr,-0.39549413323402405
cmksvxvu949b3mzv5u7nw3qga,-0.39505240321159363
cmksvxtqk482zmzv5ry3ifefy,-0.43431997299194336
cmksvxqop474dmzv551lt2sh4,0.5776816010475159
cmksvxvot4976mzv566ut0j6b,-0.39994919300079346
cmksvxvdv48z4mzv55aalovp8,-0.4262545704841614
cmksvxunx48r0mzv5d1m8mpgm,-0.4252666234970093
cmksvxuie48mvmzv5o0rhrs5g,-0.4323804974555969
cmksvxu7a48eymzv5cstzmu3f,-0.3931283950805664
cmksvxtw6486xmzv57ny2v9nt,-0.4364684820175171
cmksvxq9o46xxmzv5xv2fhs5a,0.5537769198417664
cmksvxow546i2mzv5ifmc0mo9,0.5369847416877747
cmksvxoko46d5mzv5cgynia5v,0.5360444188117981
cmksvxtl147z7mzv50veyl247,-0.42924681305885315
cmksvxwgz49rfmzv5byqeuo4n,-0.40568411350250244
cmksvxq4n46vqmzv5zk6msxch,0.6909895539283752
cmksvxxc84a3ymzv57avpvd8y,0.46572479605674744
cmksvxrne47cbmzv59ehzfp17,0.6911137700080872
cmksvxtfn47vgmzv55t6qzolj,-0.5013602375984192
cmksvxqen4706mzv52tt2h3sg,0.6903908252716064
cmksvxv7t48v2mzv5csdi7y8m,-0.42752915620803833
cmksvxqtu476dmzv505vya76e,0.6916650533676147
cmksvxof746aimzv5e1zchw2k,0.5538530945777893
cmksvxvjj4936mzv5ntczw1zy,-0.4641753137111664
cmksvxtah47tpmzv57h9ujr6l,0.6812198758125305
cmksvxp6g46n3mzv5lhq3s3ez,0.6942498087882996
cmksvxrx747g7mzv54nmaqp2g,0.6863636374473572
cmksvxpuk46ramzv5xdsl1b12,0.6908609867095947
cmksvxx6949zsmzv5tc1ushg9,0.4329226016998291
cmksvxppn46p6mzv5d2th4mp2,0.6930436491966248
cmksvxpzn46tgmzv52vub2yk7,0.6818495392799377
cmksvxoqy46fimzv5y0ti25uh,0.6888419985771179
cmksvxuct48itmzv51jb4qb93,0.4395599663257599
cmksvxu1n48aymzv5etv5wddx,-0.4339294731616974
cmksvxqjl472fmzv5zmle4ye6,0.5450157523155212
cmksvxqz6478cmzv5tmhoxqjy,0.6875689625740051
cmksvxrs747e8mzv542i30ywc,0.5522364377975464
cmksvxw5d49jdmzv5twv7l776,0.39020705223083496
cmksvxn7x45y3mzv5colhcc3s,0.6933521628379822
cmksvxlhb45apmzv5b2lbxku6,0.5740081667900085
cmksvxl6j4568mzv5mh54jbcd,0.5443271994590759
cmksvxkvn452imzv5hljk754f,0.6898607015609741
cmksvxo7q468amzv54fdiyx1b,0.6891555190086365
cmksvxmga45jgmzv5wvvyil6z,0.6927098035812378
cmksvxnwy463gmzv52a6jt6vn,0.6929891109466553
cmksvxmb645h7mzv5ljwfn1i7,0.5680053234100342
cmksvxkjs44z1mzv527gbhoqv,0.5506318211555481
cmksvxmlq45lumzv5f8tk1um6,0.6893110275268555
cmksvxmre45p1mzv56lx1gi4m,0.6876148581504822
cmksvxn2i45v0mzv5jpi2bl8l,0.6813835501670837
cmksvxnd94610mzv5j6kb0ts2,0.6934317350387573
cmksvxlbu4585mzv5wgqw90c0,0.6918882131576538
cmksvxl11454emzv56qh0tszf,0.5693877339363098
cmksvxkpp450omzv5oaww58gq,0.5402058362960815
cmksvxocr46ahmzv58iys4lyx,0.5514483451843262
cmksvxmwz45rxmzv5vxj96v0e,0.5301846861839294
cmksvxm0u45cwmzv50feh2ky4,0.5360363125801086
cmksvxm6745f6mzv5d51vey9k,0.5575533509254456
cmksvxo29465wmzv5aryqb5h2,0.5414407253265381
cmksvxhai44dlmzv5b1bqvdp4,0.4993302822113037
cmksvxdek43kpmzv5yzefw0e0,0.5524228811264038
cmksvxd9o43jumzv5tvhygv8y,0.5391283631324768
cmksvxhmz44fzmzv5y50drxfj,0.5109543800354004
cmksvxhkp44fymzv5foj3fnys,0.5260423421859741
cmksvxdjf43lvmzv5ssg2eji9,0.5245678424835205
cmksvxgpz4487mzv589jgajz0,0.536922812461853
cmksvxg1w445cmzv5bjah9utz,0.5096341371536255
cmksvxfn74413mzv5x1le1ypr,0.5174493789672852
cmksvxfdi43ygmzv510ymqx0z,0.528671383857727
cmksvxf4443wemzv5qwyw747y,0.5369946360588074
cmksvxeuh43u1mzv5aigoxrwy,0.5165111422538757
cmksvxe4n43r0mzv586576ixz,0.5338299870491028
cmksvxe2p43qzmzv57hvwpfu4,0.5330020785331726
cmksvxdt043nwmzv5970yw2z7,0.5313891768455505
cmksvxh0644aymzv5jt1sxdwf,0.5170148015022278
cmksvxjkn44tzmzv5xsloj3jc,0.5618038773536682
cmksvxj9l44rjmzv5ug6v3tdm,0.5712413787841797
cmksvxiut44npmzv54eb1bon2,0.5739455223083496
cmksvxipv44mfmzv5b7lcep1p,0.5719310641288757
cmksvxigd44jtmzv5w7454un0,0.514602780342102
cmksvxk3y44v9mzv5b5hcxjq0,0.5535061955451965
cmksvxh5c44cbmzv56ga70rfj,0.5291815996170044
cmksvxfrz4425mzv5pyt2ezpd,0.5250558853149414
cmksvxgky446umzv5runflq51,0.5428498983383179
cmksvxf8u43xhmzv5w4a7tdn3,0.5148703455924988
cmksvxe9g43shmzv55z4yqqyo,0.5332360863685608
cmksvxdoa43mumzv5q92yo7wk,0.5324583053588867
cmksvxizq44ozmzv5xrn79lmg,0.5677340626716614
cmksvxhs344h8mzv5mw93sgk2,0.5333802700042725
cmksvxguz449imzv5o17aq2re,0.5582832098007202
cmksvxfi943zsmzv5asq5700c,0.5542059540748596
cmksvxil444l4mzv59bltrelr,0.6119896173477173
cmksvxk9644wjmzv5s3c2rlvb,0.6921135187149048
cmksvxibd44ihmzv5n72doxlq,0.5274877548217773
cmksvxezd43vemzv5726kqic7,0.5106391906738281
cmksvxfwx443omzv5c6dpd3jt,0.5342336893081665
cmksvxeej43u0mzv5uxwh0w14,0.5201267004013062
cmksvxjf444sqmzv5l8ufjn6e,0.5398483872413635
cmksvxkee44xsmzv5udcy57bx,0.6887252330780029
cmksvxhfm44ermzv5rg5u8u5k,0.5325374007225037
cmksvxdxu43pdmzv5i30ur3wo,0.5354023575782776
cmksvxj4p44q9mzv5wqlfn10n,0.5703772902488708
cmksvxayf434dmzv5rdrkrtit,0.5345982313156128
cmksvxc5w43cjmzv56l7qngdh,0.5295236110687256
cmksvx8pm42lzmzv5oga5r6vc,0.559228241443634
cmksvxbhe435jmzv53w3wga46,0.5397068858146667
cmksvx9yz42uomzv5hrg2sfqa,0.5025399923324585
cmksvxc1343bamzv5ugpf4ws8,0.560535192489624
cmksvxbmb4372mzv5bqnzt3t4,0.5299083590507507
cmksvx8ug42mqmzv5ktaavk97,0.5400797128677368
cmksvxa3z42vtmzv5hc93tcyw,0.5233579874038696
cmksvxae242ybmzv5w0daatur,0.5236817002296448
cmksvxcpn43i8mzv5jb2mq21n,0.5247778296470642
cmksvxao54319mzv56h2nvbtn,0.5340384244918823
cmksvx9u142t5mzv5gdrahzud,0.5377552509307861
cmksvx96342q0mzv5a7ipq4l4,0.5249879956245422
cmksvx9oz42rgmzv5mxtofrpl,0.5321728587150574
cmksvx8we42mrmzv5nwhgtltb,0.5221656560897827
cmksvxcfk43f5mzv5tkqem4cp,0.5260559320449829
cmksvxbr6438lmzv5icnff9tg,0.5306459069252014
cmksvxa9242wzmzv5l24rhvwv,0.5156867504119873
cmksvxbw7439rmzv5y89x9ftz,0.5126042366027832
cmksvxaj442ztmzv5hdcbvl89,0.5216827392578125
cmksvxat9432zmzv57zeoagop,0.5225752592086792
cmksvxcao43dlmzv53e5l5ole,0.5259965062141418
cmksvx91942ocmzv5i5nk8uqu,0.5225797295570374
cmksvxcki43gmmzv5jek8g33k,0.5386484265327454
cmksvx5jr41rdmzv5mjo1eyxo,0.5232546925544739
cmksvx7g642bfmzv5edzl6ylx,0.536298394203186
cmksvx8ex42hkmzv5l6to09hb,0.5256838202476501
cmksvx5ee41pemzv5ig7tsm19,0.5430105924606323
cmksvx5lz41remzv57tybwdqt,0.5148274898529053
cmksvx6ur421zmzv5icd85n4t,0.5311398506164551
cmksvx7b4428ymzv5r8johnuo,0.5419208407402039
cmksvx6os41zlmzv53bv9fnnd,0.5394765734672546
cmksvx8kd42jrmzv5anpxc5kl,0.5296363830566406
cmksvx7l142d4mzv5bhbcrnau,0.530964195728302
cmksvx714424emzv5rsxc0hzq,0.5328917503356934
cmksvx8ab42himzv5u7w68qqq,0.5223801136016846
cmksvx6jn41xnmzv5luao78rg,0.528041422367096
cmksvx69a41tpmzv5552gxwmb,0.5348117351531982
cmksvx59441ntmzv50dhtm2xu,0.541999101638794
cmksvx5o541rfmzv5mbhy5vxw,0.537432849407196
cmksvx766426umzv5zjxv2qe2,0.5194324851036072
cmksvx8ck42hjmzv5r4eep7za,0.5174525380134583
cmksvx5t541tomzv5bihghab7,0.5442392230033875
cmksvx6ef41vlmzv5tmylm615,0.5353885293006897
cmksvx84e42f0mzv5efa5r2nw,0.5354137420654297
cmksvx40g418smzv5rbq0x7bg,0.5259988903999329
cmksvx3el40wnmzv54t8s6bb6,0.5417877435684204
cmksvx34340rdmzv575z0um2x,0.5220245718955994
cmksvx46f41camzv52n6n6kog,0.5157037973403931
cmksvx3p9411smzv5sjsggf8s,0.5474101305007935
cmksvx4q141fhmzv5khcqgpub,0.5302737951278687
cmksvx3jw40zbmzv56t3hzeik,0.5282622575759888
cmksvx56k41nsmzv5hykp3n5n,0.5462808012962341
cmksvx4vs41iqmzv5xcbimz38,0.5406257510185242
cmksvx3ur4154mzv5c9op3kxa,0.5391489863395691
cmksvx51741lhmzv50mxj41km,0.5297476649284363
cmksvx39c40u0mzv5hf89t3qq,0.5106480121612549
cmksvx2yx40p9mzv58zkf8ic6,0.5309166312217712
cmksvx2th40ngmzv5vgh6wddx,0.5224160552024841
cmksvx24740hqmzv5kuclc4xi,0.5410034656524658
cmksvx2a640lgmzv50s1fnoev,0.6989676356315613
cmksvx06g3zz0mzv5q1u1to5j,0.49522334337234497
cmksvwy073zalmzv5y6lyujur,0.532956600189209
cmksvwzh13zr5mzv51qv8ujpr,0.5303013324737549
cmksvx22040hpmzv5wjot5aty,0.5412670969963074
cmksvx0g44029mzv5u4sg21c7,0.48865923285484314
cmksvwv0i3y4pmzv597dmigfo,-0.458125501871109
cmksvwxkm3z2qmzv5h8lm2bby,-0.45731377601623535
cmksvwwmp3ythmzv593oqi143,0.4322049021720886
cmksvwxq03z4smzv5mqvx56hn,0.43909671902656555
cmksvwzrq3zufmzv5325bqm5k,-0.4469829797744751
cmksvx1qs40d9mzv5q579jdk5,-0.45222923159599304
cmksvx1ja40bamzv5znkvrewa,0.4987771809101105
cmksvx0l2403wmzv507zuvdlj,0.4948856234550476
cmksvwxv63z7rmzv5xcm6js8h,0.5351341962814331
cmksvx1oj40d8mzv5pmvryexg,0.4656393229961395
cmksvx0ba400lmzv5roz2kgxg,0.4982081651687622
cmksvx1e1409dmzv5yad6ww5s,0.4900340139865875
cmksvwzws3zw1mzv5nx01y3c9,0.4934251308441162
cmksvwwrr3yw1mzv53xi4rdtr,0.497770756483078
cmksvx01m3zxkmzv5g265fyiz,0.441089391708374
cmksvwyh43zhrmzv5m0qbv01j,0.4303891360759735
cmksvwymc3zk8mzv5p8bk9muf,0.442561537027359
cmksvwzmp3zsrmzv5z3ye3fdu,-0.415280818939209
cmksvwyre3zmkmzv5pu8npobl,0.4264412522315979
cmksvwwhm3yqymzv50yv5e45j,-0.44872650504112244
cmksvwvpu3yb1mzv50qywy6fr,-0.45930859446525574
cmksvwvva3ye9mzv5kpa05vuk,-0.4487261474132538
cmksvww703yknmzv54zgsvfzp,-0.45180168747901917
cmksvwybn3zfgmzv5sajwrbbz,0.4346010684967041
cmksvx18y407emzv5tg57ht3i,0.4894048869609833
cmksvwxfq3z0hmzv54l0zycx5,-0.45558294653892517
cmksvwy5u3zd1mzv50l23n5uh,0.43314382433891296
cmksvww1f3yhhmzv5diwaxbl8,-0.4450998306274414
cmksvwwwp3yyamzv5odsfzpem,-0.5078900456428528
cmksvx144405kmzv5hcukqvi9,-0.43917161226272583
cmksvx1w740fhmzv5gve9rea7,-0.44693994522094727
cmksvwwcb3ynvmzv5kmiqgfpn,-0.4585988223552704
cmksvwvk63y7wmzv5faxn20e8,-0.4515274465084076
cmksvwzbf3zp0mzv5f5p1dsyj,-0.4226776659488678
cmksvwu9s3xprmzv5l0qtw7cb,-0.44595327973365784
cmksvwsmy3x1gmzv5zzofxx19,-0.46855220198631287
cmksvwsse3x41mzv5uclxxi1o,-0.46693095564842224
cmksvwsxh3x6mmzv5m1g5176e,-0.46978554129600525
cmksvwtxg3xj0mzv5kvuub34h,-0.44426602125167847
cmksvwuq23xz6mzv5e69l7fko,0.4253893494606018
cmksvwtm73xcbmzv545biwv8i,-0.44765064120292664
cmksvwts13xfmmzv5pk77adh8,0.49203556776046753
cmksvwsf53wzxmzv5b4hmpsbx,0.4523197412490845
cmksvws0h3wr2mzv5x48w8tbz,-0.4149955213069916
cmksvwuf63xt4mzv54ighbjje,0.4371141195297241
cmksvws9w3wxomzv56hbp471q,-0.4956654906272888
cmksvwukp3xwfmzv5ou52fh2l,0.4210631251335144
cmksvwt2t3x97mzv58uqfnbpa,-0.45186948776245117
cmksvws783wxnmzv51sn1addd,0.5275146961212158
cmksvwu3m3xm6mzv57w2cu7iz,-0.4606476426124573
cmksvwskb3x1fmzv5ykorpjbk,-0.5203518271446228
cmksvwuv63y1zmzv5l59z0x1n,0.5012377500534058
cmksvwoks3vtymzv57l54wuxd,0.50246661901474
cmksvwnrn3vpnmzv5q6p5bo7c,0.5112935304641724
cmksvwp5j3w0zmzv5v0hq8bzd,0.4695753753185272
cmksvwqid3wdomzv53l0ztb7t,0.455920934677124
cmksvwoat3vrdmzv5k0f6brpc,0.4955805540084839
cmksvwofw3vsmmzv5sklmj92c,0.45899659395217896
cmksvwpk73w6dmzv5a872xooa,0.4985484480857849
cmksvwruw3wpjmzv5minn8isl,0.4888410270214081
cmksvwpag3w2smzv5ckke4pyf,0.4972081780433655
cmksvwpf93w4kmzv5dt4jj9sk,0.46655720472335815
cmksvwnhv3vmpmzv5qm0oruik,-0.4742935597896576
cmksvwncs3vl5mzv564hfdqja,-0.45915502309799194
cmksvwrbz3wnxmzv54vf5936p,-0.5025959014892578
cmksvwq3g3w87mzv5uqxn8nja,-0.4795650243759155
cmksvwn5v3vjomzv54papmnqu,-0.46343377232551575
cmksvwqs83wh4mzv5gvi3l0os,-0.4874271750450134
cmksvwn7y3vjpmzv5g46gbtx8,-0.4349343180656433
cmksvwnmm3vnwmzv5atrowhtc,-0.4285552501678467
cmksvwqdf3wbymzv5z92iwoyp,-0.4395407438278198
cmksvwqna3wfdmzv5u2m0jnkl,-0.5055280327796936
cmksvwq8i3wa2mzv5p42tu8xr,-0.4712059497833252
cmksvwovr3vxemzv5k78bi0qx,0.4923790693283081
cmksvwp0p3vz7mzv5orcpcpr5,0.5013226866722107
cmksvwops3vvlmzv5vl0xt1m7,0.43203261494636536
cmksvwqxb3wiumzv5u6124en7,-0.4926483929157257
cmksvwr743wm7mzv585ln1m75,-0.4904785752296448
cmksvwr283wkimzv53pqhmlhm,-0.49030622839927673
cmksvwmti3vgpmzv5wi0i0a6w,0.5638223886489868
cmksvwn0y3vhvmzv5dnv24m9s,-0.425381064414978
cmksvwmyv3vhumzv5s6k1wjz7,0.7291092872619629
cmksvwlys3v4qmzv5kai67uld,-0.49857860803604126
cmksvwkw93ucxmzv5dyb5rw9w,-0.43754950165748596
cmksvwlcj3upvmzv5hj1pcbaa,0.4783806800842285
cmksvwmnm3vbymzv5jpk5t4bc,0.45807763934135437
cmksvwjy83u16mzv5shud3gyk,0.653211772441864
cmksvwl1s3uhumzv5g4tm7h52,-0.42415720224380493
cmksvwltb3v1imzv5v6l9svn3,-0.5039036870002747
cmksvwm3y3v7tmzv53lryrwr1,-0.5092924237251282
cmksvwlnr3uxrmzv5m9fnmlxk,-0.5072112083435059
cmksvwk4j3u5mmzv55aq2bibn,-0.5080241560935974
cmksvwl733ulomzv5yq1088o3,-0.4763564169406891
cmksvwk9r3u97mzv5gt0rjq09,-0.5060004591941833
cmksvwli83uu5mzv5c7z5v7t2,-0.5241268873214722
cmksvwkqa3u98mzv5z1trvmo2,-0.5149087905883789
cmksvwjfq3tlkmzv5w38p8vqv,-0.5027801394462585
cmksvwjmw3trumzv58z96tyxu,-0.45482349395751953
cmksvwjsl3twqmzv53gw8sj7w,-0.4625735282897949
cmksvwj9g3tfvmzv5xp10wm4w,-0.517628014087677
cmksvwj703tfumzv5ewfg0vxd,-0.45332467555999756
cmksvwe9d3qtdmzv52mmdbc46,-0.7156194448471069
cmksvwg8n3rwjmzv5x73baa3w,-0.5469409823417664
cmksvwi043sw5mzv56eexhd48,-0.5627534985542297
cmksvwem43qyqmzv5xmlqh5xs,-0.5914766192436218
cmksvwiux3t7jmzv5jdyhrw3l,-0.48491495847702026
cmksvwfhe3r9wmzv5dj4pvlcl,-0.6000139117240906
cmksvwfxw3ro5mzv5ougm5ho2,-0.4972490966320038
cmksvwge13s11mzv5lmaza12h,-0.5794239044189453
cmksvwib03t3nmzv5jwieyrw3,-0.5762242078781128
cmksvwhup3ssjmzv5s4j0xh3s,-0.5350092053413391
cmksvwf2e3qyrmzv5814lso6n,-0.5896438956260681
cmksvwj1a3tbhmzv5n80wibtn,-0.4483143985271454
cmksvwh3m3s9bmzv5f9xe4yst,-0.48897263407707214
cmksvwejz3qypmzv58i1c9jzy,-0.5855502486228943
cmksvwf913r47mzv50b5c8dh9,-0.5608454942703247
cmksvwhee3shumzv5v0vhhr20,-0.5537087321281433
cmksvwh943sdlmzv5qlui5r0q,-0.6088232398033142
cmksvwff83r9vmzv5pr2kzmvu,-0.6609904766082764
cmksvwfsd3rjjmzv548wx3a41,-0.5475547909736633
cmksvwgxn3s59mzv5f917tv48,-0.5562368035316467
cmksvwhjo3sl5mzv51ao4w1kf,-0.573651909828186
cmksvwfmy3rezmzv5wh1e1yis,-0.5526483058929443
cmksvwehu3qyomzv51pwddgjh,-0.6145704388618469
cmksvwefl3qynmzv533kg7qom,-0.6669554114341736
cmksvwhpb3soumzv5lt959ypv,-0.5745082497596741
cmksvwi5k3sztmzv5nlxcwwj0,-0.5802461504936218
cmksvwg3a3rs7mzv5fcx6i61b,-0.5493078231811523
cmksvwb3w3qbumzv5cwluq0hm,0.4709280729293823
cmksvw91i3pwsmzv5dlzon6ch,0.49330970644950867
cmksvwakt3q7jmzv54rto1cwm,-0.44318723678588867
cmksvw96k3pyhmzv5wvtb97rw,0.5132706165313721
cmksvw8mi3pt1mzv52r1vt3mg,0.4341176450252533
cmksvwc1l3qg0mzv5n4mry0mw,0.43783095479011536
cmksvwaar3q4qmzv5hqhu5z1r,-0.4350750148296356
cmksvw9bt3pzomzv5fgcfyymg,-0.4310273230075836
cmksvwafr3q65mzv560l38f4z,0.43918660283088684
cmksvwapj3q8nmzv5b9pe732t,0.4263136088848114
cmksvwb8k3qcymzv5oybzqu27,0.4679839313030243
cmksvwbwn3qf1mzv501qzfi63,0.47239163517951965
cmksvwcll3qjymzv5j7krcbdk,0.5160539746284485
cmksvw8wi3pvrmzv5uh722bmk,0.45849350094795227
cmksvwc6i3qh3mzv54a1pzzhq,0.46914657950401306
cmksvwd023qmymzv5z9k56kct,-0.5272125005722046
cmksvwauc3qa3mzv522q3cbdv,-0.43396231532096863
cmksvwa5z3q3gmzv5erkpo14v,-0.4358108341693878
cmksvwcbe3qi6mzv5l8jgpark,0.6874083876609802
cmksvwdth3qq8mzv5dvcyp2ch,0.5943183898925781
cmksvwdyc3qramzv5dytuiji3,0.622998833656311
cmksvwdor3qp3mzv5iyse18yh,-0.503612756729126
cmksvwcv83qlvmzv59sjci370,0.6296993494033813
cmksvwcqf3qkrmzv578fnfkal,0.6465125679969788
cmksvw9hr3q0rmzv51e47muon,-0.4318296015262604
cmksvwaz93qbamzv5hfonzhrg,0.6266975998878479
cmksvw8rg3pudmzv52uf6i389,0.6919066309928894
cmksvwe433qsemzv5wxuygfoe,0.6901145577430725
cmksvwcgp3qj9mzv5s42p986j,0.6921486258506775
cmksvwa0z3q1zmzv5d1qzv6hi,0.6930161118507385
cmksvwdj33qo0mzv5gvfxtnzh,0.5603514313697815
cmksvwbrq3qdwmzv55zhwudd8,0.5447772145271301
cmksvw6rj3paumzv5gzpnmumw,-0.4460419714450836
cmksvw78g3pepmzv5myog2avc,0.7047097086906433
cmksvw6at3p6nmzv5ixppcnn9,0.4900393784046173
cmksvw8by3pommzv525kiu6h2,0.5365945100784302
cmksvw7fd3phemzv5do6t2sa8,0.5071768164634705
cmksvw6vj3pavmzv51cchlc9y,0.443947434425354
cmksvw8653pm1mzv5w6s5rl9g,0.5091811418533325
cmksvw8h43pqwmzv56cuq681q,0.483792781829834
cmksvw6ky3p8nmzv5m3npj71w,-0.427092969417572
cmksvw7mv3pjkmzv5ovcjuqif,0.45877423882484436
cmksvw6fy3p8mmzv5bhg1e72d,-0.44933152198791504
cmksvw71q3pcomzv5or7ng99i,0.47620102763175964
cmksvw5m23p0hmzv5y877gjwo,0.6380512714385986
cmksvw64i3p0jmzv5w2ccsufj,0.45859354734420776
cmksvw5jp3p0gmzv5l90n011s,0.4329971671104431
cmksvw5o53p0imzv5fw9d2yu3,0.5243565440177917
cmksvw3vr3ob6mzv5ayuc5j9v,-0.6282321214675903
cmksvw2lx3nnqmzv5ndhvn8ny,-0.6315149664878845
cmksvw1m03n7vmzv5rawx3tvr,0.5348873138427734
cmksvw5e83oxjmzv5gwgj6riy,-0.5055782794952393
cmksvw5393orumzv512bg99a7,-0.5105272531509399
cmksvw4g73oehmzv5cv9m10jz,-0.6275482177734375
cmksvw2t33nppmzv55wamfb9r,-0.6252502202987671
cmksvw33x3nw0mzv5utwn4tol,-0.6378926038742065
cmksvw0qz3mn9mzv5m22iha2c,-0.5046644806861877
cmksvvzab3lw4mzv5smxjfqt8,-0.46883898973464966
cmksvvynm3lw0mzv5xe3385j6,-0.47134149074554443
cmksvvye13lvwmzv5c5h2p1rh,-0.5182522535324097
cmksvw4mx3ohnmzv5gkxxvy6j,-0.6507662534713745
cmksvw3ko3o52mzv5wzi26mbl,-0.583135724067688
cmksvw0773mj5mzv5umx03ol4,-0.4772377908229828
cmksvvzl13m2amzv5ctoofn46,0.4549344480037689
cmksvvyl63lvzmzv54to1c7v7,-0.4877605140209198
cmksvw39m3nyumzv5zb329rix,-0.5845060348510742
cmksvw1333muxmzv5rdhd3dq4,-0.4669552445411682
cmksvw3fk3o23mzv5rpua36bh,-0.583080530166626
cmksvvz5y3lw2mzv5mc5d9ap2,-0.45962169766426086
cmksvvy9m3lvumzv5kzb2vg12,-0.46344682574272156
cmksvvz833lw3mzv5rw7m85px,-0.461988240480423
cmksvvzfx3lz7mzv560gox0kj,-0.4736039638519287
cmksvvy7e3lvtmzv504myepp8,-0.46509140729904175
cmksvvzw73mavmzv5ixzx3lqr,-0.4634067714214325
cmksvw18l3mzpmzv5dr04gtj4,-0.46568822860717773
cmksvw0xo3mrfmzv5i6hy9mv0,-0.46323102712631226
cmksvw1gg3n30mzv5qsgfbhw3,-0.47774216532707214
cmksvw1rt3ndamzv53rsbq80i,-0.6773219704627991
cmksvw1xg3nhemzv5xlf8c7s2,-0.5951567888259888
cmksvw2ny3nnrmzv5wp43n7bf,-0.631864607334137
cmksvw58c3oulmzv53d7iv9lo,-0.5076234936714172
cmksvw4y23oosmzv5jit7pa61,-0.49527639150619507
cmksvw3pq3o7zmzv55phw4xau,-0.580446183681488
cmksvvyge3lvxmzv5u0cdw2zr,-0.4724993407726288
cmksvvy5b3lvsmzv5vds5eqmt,-0.469705194234848
cmksvvyik3lvymzv5ed8hssgf,-0.465511679649353
cmksvvybq3lvvmzv5veu5hp5g,-0.4603986144065857
cmksvw01l3mf8mzv5br81xjzb,-0.5068375468254089
cmksvw1ee3n2zmzv5qhon15bw,-0.48785191774368286
cmksvw22j3nk8mzv5czf9fsua,-0.5939160585403442
cmksvw2yi3nssmzv57p43i4ts,-0.62478107213974
cmksvw4t03olemzv5z1jl5x7v,-0.5251464247703552
cmksvvzqp3m6kmzv56yvt9mno,0.4530204236507416
cmksvvz3s3lw1mzv5fcivjgd2,0.44438397884368896
cmksvvy2i3lvrmzv5n3nnr98f,-0.4717939496040344
cmksvvwva3lr3mzv5zl64fst6,-0.6148204803466797
cmksvvwc93lmwmzv57r6pr1v6,-0.5340374708175659
cmksvvwql3lqhmzv5szbnzz7b,-0.5500184893608093
cmksvvxj33luvmzv5ln8ak9bi,-0.4923431873321533
cmksvvxed3lu0mzv5j4b9cykj,-0.6309154629707336
cmksvvv273lgpmzv5p1enkpp8,-0.5342893600463867
cmksvvv9c3lgsmzv5swetq1pb,-0.6057242155075073
cmksvvuxm3lgnmzv5gemjpr0e,-0.6561238765716553
cmksvvwh33lo2mzv5emxi9ctj,-0.6297076940536499
cmksvvvsu3llpmzv575143it5,-0.6163920760154724
cmksvvx033lrsmzv58wzv7ay4,-0.5725094676017761
cmksvvvnu3lkimzv5lafqnhsg,-0.5744457244873047
cmksvvve93li2mzv59xp70bnb,-0.6037034392356873
cmksvvv6s3lgrmzv5l5q3mx7l,-0.5809670686721802
cmksvvvj43ljcmzv5eukhbme8,-0.5422052145004272
cmksvvv4b3lgqmzv53s045ra2,-0.5339388847351074
cmksvvwlu3lpgmzv54e691c3i,-0.6355120539665222
cmksvvx4y3lshmzv5clff0jz8,-0.6253605484962463
cmksvvuzq3lgomzv5hbo8v538,-0.5231298208236694
cmksvvx9o3lt8mzv52o6dn4cp,-0.6337502002716064
cmksvvtz33l90mzv5mp109dyh,-0.521064281463623
cmksvvsbu3kvgmzv5p0jd7436,-0.5550912022590637
cmksvvrq43ko1mzv5001zstxg,-0.5561400055885315
cmksvvrkt3km6mzv5bpw39trd,-0.5552302002906799
cmksvvqwo3kijmzv5o3pbpr0y,-0.5515144467353821
cmksvvqro3kgqmzv5bmqqof4z,-0.5551328063011169
cmksvvtcd3l2dmzv5c36h4qrm,-0.5252209305763245
cmksvvrfq3kkdmzv51lhp5u6q,-0.5567138195037842
cmksvvqhl3kctmzv5bphry0lv,-0.5526905655860901
cmksvvtrp3l78mzv5do8vris6,-0.5723651051521301
cmksvvqmn3keumzv5rg1lcrjp,-0.5309267640113831
cmksvvs1r3krpmzv56gwmfd7n,-0.5622451901435852
cmksvvta63l2cmzv5vjgtwh88,-0.5150184631347656
cmksvvsm03kz7mzv5axoank2z,-0.47047874331474304
cmksvvsqz3l11mzv501ick64p,-0.4922240376472473
cmksvvs6u3ktjmzv59u05z7zj,-0.4389379322528839
cmksvvu943lcvmzv59ywqpe1x,-0.48417970538139343
cmksvvtmk3l5nmzv5ej0r30rk,-0.48889780044555664
cmksvvtws3l8zmzv5x5ju8nir,-0.47926729917526245
cmksvvued3lermzv5wu9757n0,-0.4863450527191162
cmksvvrwe3kpumzv51cx6xsmo,-0.5621348023414612
cmksvvu453laxmzv5j9yziqmh,-0.48931071162223816
cmksvvsh23kxamzv5eb22kck4,-0.43679046630859375
cmksvvqc43k9cmzv5q130as0n,-0.6123217344284058
cmksvvthg3l44mzv5alhu200a,-0.5741859674453735
cmksvvoks3js6mzv5zyovuudt,-0.7452035546302795
cmksvvoir3js5mzv57v0fq604,0.6898593306541443
cmksvvouu3jwlmzv5tj799cc9,-0.48260921239852905
cmksvvq1j3k4wmzv5vgcv70lw,-0.4569470286369324
cmksvvpqb3k0wmzv5emy55iya,-0.5475718379020691
cmksvvoww3jwmmzv57g8xjqix,-0.5993528366088867
cmksvvq6v3k7wmzv55cx455fx,0.5759286880493164
cmksvvpwc3k2tmzv5qbrbrsdr,-0.49665746092796326
cmksvvp2b3jxwmzv5zyty41rg,-0.599873423576355
cmksvvopw3jv8mzv5eflhx96j,-0.585696280002594
cmksvvpl53jyzmzv5un3ucvp4,-0.595730721950531
cmksvvo8w3jqemzv5ccpqggxe,-0.5997971892356873
cmksvvnyw3jo1mzv5fy91wea8,-0.6001089811325073
cmksvvnau3jlimzv5cd0k49dz,-0.5989092588424683
cmksvvnfr3jmrmzv5rpugp4q0,-0.5971192121505737
cmksvvodo3jremzv56petzi75,-0.5952692031860352
cmksvvn5z3jjimzv52heq23tp,0.6178629994392395
cmksvvo3z3jp4mzv5831mqv92,-0.544376015663147
cmksvvn3z3jjhmzv5d3g3ad1j,0.5263867974281311
cmksvvn203jjgmzv5bfiwnan6,0.5182474255561829
cmksvvmzz3jjfmzv548evom7z,0.5447119474411011
cmksvvjpl3j24mzv5gahossmd,0.6236988306045532
cmksvvlel3jbimzv5o9hs79jz,0.5871861577033997
cmksvvljj3jcemzv5nhfy36mp,0.6031027436256409
cmksvvjzf3j4gmzv57ym40wkq,0.6166654229164124
cmksvvmlq3jgomzv56wn3reix,0.488164484500885
cmksvvmqg3jhfmzv5denp67y1,0.6191749572753906
cmksvvjuf3j39mzv5rcfvoa3j,0.624006986618042
cmksvvjfd3j02mzv5rhcc6jxb,0.6227720975875854
cmksvvl4o3j9lmzv5w8ire5x4,0.6223325729370117
cmksvvksd3j7nmzv5fzbcgb61,0.5905062556266785
cmksvvjkw3j1cmzv5uzh55a1f,0.5909303426742554
cmksvvj0w3ixemzv5t0hxyni7,0.4819110333919525
cmksvvii33iwfmzv5ngd3ixqw,0.46025314927101135
cmksvvmgv3jfrmzv5bgn6iq2r,0.4941093325614929
cmksvvk9g3j6jmzv57ziwqyrs,0.6208556294441223
cmksvvi813iugmzv53obcv3ly,0.5012577772140503
cmksvvl9p3jalmzv5u1ikfy76,0.6177780628204346
cmksvvlta3je2mzv5djmecqgg,0.5921913385391235
cmksvvloe3jd6mzv5n7bf8i8j,0.6185193061828613
cmksvvmv93jifmzv59x2bet4d,0.6203320026397705
cmksvvict3ivimzv58u7e2hwl,0.4836493730545044
cmksvvk4f3j5nmzv5tf2kxip1,0.4795769155025482
cmksvvl253j9kmzv5kpvoccmc,0.4690972566604614
cmksvvjam3iz5mzv5d6r923j9,0.4865754246711731
cmksvvly23jeymzv56j2tec0z,0.4828563332557678
cmksvvkxe3j8nmzv5sg0xvi4h,0.4656023681163788
cmksvvj5u3iyfmzv599lyqwh2,0.4851139485836029
cmksvvhp93iormzv59y3pzthm,0.4395218789577484
cmksvvgcx3ienmzv5dw8udgwf,0.4459303021430969
cmksvvgwp3ik0mzv5w431winj,0.4867810308933258
cmksvvhr93iosmzv5lie907wu,0.47487935423851013
cmksvvhy63iqqmzv5j6jkszty,0.4976988732814789
cmksvvgrq3iicmzv5z68i9zy1,0.4053633213043213
cmksvvg5j3icemzv59qs2sci7,0.6365562081336975
cmksvvgn03igxmzv5ps4eyi3y,0.6191904544830322
cmksvvhfl3ilemzv5i9gstudp,0.47482967376708984
cmksvvhta3iotmzv59lsboyu5,0.4853900969028473
cmksvvght3iftmzv5jslh6qyd,0.5943360924720764
cmksvvhke3imwmzv5ggwbgxs1,0.6211186051368713
cmksvvg7l3icfmzv5p97awstu,0.623175859451294
cmksvvi353iszmzv5bxrsbbb1,0.4878016412258148
cmksvvehw3hurmzv58ytjvvp7,0.4824094772338867
cmksvvfsa3i75mzv552nfui1p,0.6195003390312195
cmksvveni3hvzmzv5m183zsmf,0.48359107971191406
cmksvvexn3hzqmzv5o7syu8m0,0.6316064596176147
cmksvvg3h3icdmzv5opzrgszu,0.6193152070045471
cmksvvea43hsamzv57chtrlt7,0.5846062898635864
cmksvvf8v3i4lmzv51fw1kyfm,0.4860684275627136
cmksvvecw3hsbmzv5spp9091z,0.531058132648468
cmksvvf3q3i2amzv595l0oy78,0.512186586856842
cmksvvesd3hx3mzv5yzijj1eg,0.49466556310653687
cmksvvfxx3iacmzv5yr8edy65,0.4676644802093506
cmksvvdyz3hmhmzv55cj2dopn,-0.5966894626617432
cmksvve483houmzv5p2zikm7d,0.48898449540138245
cmksvvdf03hg8mzv59qvyuwj7,-0.616118848323822
cmksvvalu3gfemzv5b73zw3nc,0.44611218571662903
cmksvv9743fw0mzv5btt3122v,0.4498419761657715
cmksvv8wp3fqtmzv5eyvqa9k1,0.5306437015533447
cmksvvbcb3gtpmzv5tdevg42q,0.5101155042648315
cmksvvawb3gmqmzv5jpuhu3je,0.5274421572685242
cmksvvbhb3gvemzv5folenxs9,0.5339117646217346
cmksvv9cw3fynmzv5jm5rp8cu,0.5304905772209167
cmksvv9lj3g10mzv54de1jkja,0.42092064023017883
cmksvvcaq3h1pmzv5xfqxcyu7,0.5286280512809753
cmksvvczm3hb1mzv55h980xid,0.422844797372818
cmksvvcfs3h3pmzv5r1aet75z,0.4138767421245575
cmksvvc5h3gzhmzv5h05fcaqg,0.4218374788761139
cmksvvb793grlmzv51b9n89gw,0.4050860106945038
cmksvvcuo3h98mzv5iy9fkecj,0.4158337414264679
cmksvvaan3g7wmzv5n7m2gmam,0.45536157488822937
cmksvv8fx3fl4mzv5asuxnfgc,0.5278628468513489
cmksvvbm83gxcmzv56hydgxib,0.533587634563446
cmksvvb293gpfmzv58eubblxy,0.4250858724117279
cmksvvagm3gcomzv54yq9fcxp,0.4411771595478058
cmksvvckq3h5gmzv5qc9x4prr,0.4087551534175873
cmksvvd4e3hctmzv50f6md6rw,0.4111028015613556
cmksvvd9a3hehmzv53v7grx01,0.4244575798511505
cmksvv9qu3g34mzv5b6qmfvet,0.43257421255111694
cmksvvcpn3h7gmzv59vwaoy6r,0.42570286989212036
cmksvv8rg3foomzv5z5fbrw40,0.4164942800998688
cmksvv8me3fmqmzv5hgp2be8b,0.404403418302536
cmksvvar53gj1mzv53nlul1dv,0.4511256217956543
cmksvv9g73fyomzv5h42t2fxq,0.4169710576534271
cmksvv91q3ftjmzv5w0dvr8ow,0.44135645031929016
cmksvv5ub3efsmzv5hezxmnha,0.42220887541770935
cmksvv5o43e9amzv51ns5rs62,0.4091337025165558
cmksvv7073f01mzv5fnvj0g3d,0.454832524061203
cmksvv6jj3eo0mzv5ekmmok42,-0.4004652202129364
cmksvv5zs3ejymzv5703cob2t,-0.40590280294418335
cmksvv7fs3f83mzv5404ftgqv,-0.4003292918205261
cmksvv6v23ewkmzv5gogzus8g,0.44123637676239014
cmksvv7l53fbbmzv5hm184e8z,0.42654070258140564
cmksvv6pf3esjmzv5enne4ph1,0.43365415930747986
cmksvv7ql3ff2mzv56r11k34e,0.5291122198104858
cmksvv7w83fiamzv5l1nf2ria,0.5317351222038269
cmksvv7ak3f54mzv5kw3zkbf0,0.4136296510696411
cmksvv5ip3e6rmzv5pxnpnoch,0.5234854221343994
cmksvv75b3f22mzv5xaijiusc,0.5389449596405029
cmksvv5343dy2mzv53frqmqmg,0.4610345661640167
cmksvv4mc3doxmzv5f4hzfa4j,0.4628176987171173
cmksvv1sv3cifmzv5c5bcrocv,0.45962753891944885
cmksvv3k43da8mzv56d5b9do8,0.5343655943870544
cmksvv42q3dl9mzv5jv7g6bva,0.5425010919570923
cmksvv5d73e3vmzv5mnev99p5,0.53728187084198
cmksvv1y03clomzv5s2i915rz,0.45161521434783936
cmksvv3pj3ddymzv55spg8fth,0.4839940369129181
cmksvv1nr3cg6mzv5p8fxcy60,0.45418909192085266
cmksvv3973d3zmzv56uq4olrx,0.4805869162082672
cmksvv2yf3cz8mzv5kc41qb17,0.4793214201927185
cmksvv28w3cs3mzv5f0bwrgel,0.4470767676830292
cmksvv2sm3cvrmzv5ylelb0z7,0.43945667147636414
cmksvv33o3d1lmzv5jih1wao0,0.44289660453796387
cmksvv5853e0zmzv5s2r8pfnd,0.46404948830604553
cmksvv4xt3dvbmzv50gz81v6w,0.464560866355896
cmksvv4sg3ds7mzv5n3sixk1m,0.4588415324687958
cmksvv40g3dl8mzv5rn870xks,0.4663180708885193
cmksvv23f3cogmzv5b2byd2ko,0.44695785641670227
cmksvv3v43dhfmzv576h9a39n,0.45276522636413574
cmksvv3en3d79mzv55e7r4kxt,0.47115349769592285
cmksvv0yn3c5qmzv5c8ypwh0x,0.46452707052230835
cmksvuykh3bbpmzv56szwp736,0.4362134635448456
cmksvuz3q3be2mzv5sinutojj,0.4450679123401642
cmksvv1ip3cdwmzv50sdxfbhk,0.48400768637657166
cmksvv1dq3cbwmzv5fol8xdkt,0.45852866768836975
cmksvv13w3c7umzv57wu29p6t,0.44226405024528503
cmksvuzk23blumzv5p2spycyx,0.47694119811058044
cmksvuyaf3b6imzv5edyzbood,0.45955148339271545
cmksvuz9g3bgmmzv5lqo8bw03,0.48536086082458496
cmksvuy5d3b3wmzv5pg1erhkp,0.4106571078300476
cmksvuzeu3bivmzv5sp9fyqj9,0.4656227231025696
cmksvuzuu3bs1mzv5jcpmfaon,0.44463276863098145
cmksvv0593bxwmzv5seejcp4u,0.43903037905693054
cmksvuxzq3b0amzv5iq6e7nhd,0.42903557419776917
cmksvv0ae3c0nmzv5hter2rxe,0.45353224873542786
cmksvv18t3c9umzv51m4vow8o,0.46614834666252136
cmksvuzpk3botmzv53gwuhzg6,0.5562800765037537
cmksvv0fb3c3amzv53qekxkrd,0.45799151062965393
cmksvuyfh3b91mzv5paazo2gp,0.5714163780212402
cmksvv0013bv1mzv59bnqslxe,0.4215122163295746
cmksvuxnk3axlmzv5idrrl4eg,-0.6135493516921997
cmksvuw3g3akhmzv5xf6zmicj,0.5466980338096619
cmksvuwxa3aubmzv59b0s05u4,-0.6017404198646545
cmksvuxup3aymmzv5exyirsv2,-0.5017707943916321
cmksvuwih3apnmzv5t80x8j7b,-0.5576031804084778
cmksvuw8i3amlmzv5s5w5x8wv,-0.5237789750099182
cmksvuvtl3ahcmzv5ztjmmkdm,-0.41446489095687866
cmksvuwsb3asrmzv5qhzs7n1j,-0.6326507329940796
cmksvuwdo3ao6mzv546m4uufy,-0.6209530830383301
cmksvuxli3axkmzv59ts6wiba,-0.6097826361656189
cmksvuxgh3avxmzv5s16v6yo2,-0.6340076327323914
cmksvuwne3ar9mzv5lez9scm5,-0.6315590739250183
cmksvuxsl3aylmzv5telmh2mp,-0.6112663149833679
cmksvuvyg3aiumzv5lcmloedf,-0.6969696283340454
cmksvuuhv3a2imzv5aip35jrl,-0.49801474809646606
cmksvut1839lmmzv52m8tcu0s,-0.5670410394668579
cmksvusuz39gmmzv5wywm2ak5,-0.5664843320846558
cmksvuuu13a75mzv5csndih3n,-0.5216229557991028
cmksvuuyy3a9gmzv5r7h8eh2e,-0.5264286398887634
cmksvuv3y3abrmzv5fx832smq,-0.47521480917930603
cmksvuu2c39w0mzv5m1z9iotq,-0.5187281370162964
cmksvuuct3a06mzv54zzlopnc,-0.5322943329811096
cmksvuun33a4qmzv5uelj0t6j,-0.4895998537540436
cmksvut6w39qsmzv57mxp8sy1,-0.5094194412231445
cmksvutdq39smmzv5p487s7wt,-0.5207610130310059
cmksvuu7l39xwmzv565uhs5yr,-0.5191709995269775
cmksvutx339uamzv5youwnc0s,-0.5228308439254761
cmksvuup43a4rmzv5widhhfvk,-0.45483773946762085
cmksvut8x39qtmzv5p0pldjkj,-0.4669264853000641
cmksvuvn73aeimzv5532lohf5,-0.3994987905025482
cmksvurle396kmzv5ni2bcz7i,-0.526469349861145
cmksvur9c393dmzv5fqdroj1f,0.6483986377716064
cmksvurj6396jmzv5wbf1r76v,0.6888181567192078
cmksvur4j391vmzv5f3w5nxqb,0.6434319615364075
cmksvus9o39a7mzv51o0q4blj,-0.4939826726913452
cmksvus4o398imzv5qlim7wih,-0.49117839336395264
cmksvuqzp390dmzv5ux0hlpsi,0.4447774291038513
cmksvusjo39djmzv58v11ahrs,-0.5294377207756042
cmksvusp539f6mzv53q3fo6y8,-0.4983955919742584
cmksvusej39bxmzv526emuas7,-0.49140241742134094
cmksvure5394zmzv5j8pn763a,0.43272796273231506
cmksvuo9v38anmzv5xpjo99hz,-0.5485571622848511
cmksvupl138semzv5bwl4ivbo,-0.5687565803527832
cmksvup0238g3mzv5r9qg2kto,-0.4727027118206024
cmksvupyp38vimzv5kbq3fepr,0.42086902260780334
cmksvuqnh38xxmzv5lc6iwwar,-0.4261903762817383
cmksvup5338ihmzv56y52lkgq,-0.5073603987693787
cmksvuqsg38z5mzv54yl9vk6s,0.43912240862846375
cmksvuqik38wpmzv51gi4j2n8,-0.42306751012802124
cmksvupfq38onmzv5dc5gjeza,0.480451375246048
cmksvuof238dtmzv5lae90pvj,-0.4957270622253418
cmksvuqxh390cmzv5g9tfo8hx,0.564950168132782
cmksvuppw38txmzv5da89qfn9,-0.5701611638069153
cmksvupuo38vgmzv5v0hlerky,-0.4712526500225067
cmksvuoy238g2mzv593ejvcqw,-0.47549867630004883
cmksvupwq38vhmzv5bziko6od,-0.4279710352420807
cmksvupaa38kymzv5lf91cfxs,-0.4627510607242584
cmksvuo4c386vmzv5ps6nhfc6,0.6359261274337769
cmksvu7ul2qitmzv5npbzcxjl,0.44303274154663086
cmksvujdc3363mzv5rk8rzg3w,0.4389585256576538
cmksvugj32zzemzv5k363ink7,0.43443581461906433
cmksvuazy2u4lmzv54mzj9pfx,0.43216753005981445
cmksvua242sxcmzv5zv4i1euo,0.436391681432724
cmksvu7ky2qabmzv53i66nqme,-0.4036995470523834
cmksvu74r2qaamzv5tu1q4lo9,-0.4077010452747345
cmksvujjn33evmzv5g77phsnn,0.43786174058914185
cmksvun16371nmzv5j8hgefvn,0.44374412298202515
cmksvu6tc2pydmzv5xg80r89s,-0.4439625144004822
cmksvu6z12q3emzv5qdxkg77i,-0.41210657358169556
cmksvucj42vl0mzv5x2o64ur3,0.43350642919540405
cmksvuevk2y9mmzv5z8ywk4m8,0.4420376718044281
cmksvuh8730yqmzv5im2lkvu7,0.430613249540329
cmksvuldj35comzv5t01o5q4j,0.441794753074646
cmksvujq733nlmzv5emxsu1mo,0.426147997379303
cmksvuk9234drmzv5g81pxina,-0.40857812762260437
cmksvulqo35u5mzv52hgwejwn,-0.4125114977359772
cmksvumgw36svmzv5seu352t2,0.43831685185432434
cmksvundm37g8mzv5aq7896c9,-0.40389740467071533
cmksvuj0q32ohmzv5v6ra0f12,0.4335330128669739
cmksvui2f31y5mzv5d4q0745x,0.4177040755748749
cmksvuhfj317mmzv5zrv6u74z,0.42789092659950256
cmksvugpf3089mzv52qht6xl6,0.4352963864803314
cmksvufld2z8vmzv59tz2ktf5,0.43795084953308105
cmksvuecs2xj5mzv5pk3psudt,0.4404432475566864
cmksvud982wk2mzv5vod0l63g,0.43443766236305237
cmksvucpo2vtqmzv57z20p7qm,0.43476423621177673
cmksvuc572v3mmzv5liqau6ya,0.43061837553977966
cmksvuatg2tvvmzv5fylba3g0,0.4427843391895294
cmksvu8ki2rhbmzv5hjpq31q2,0.4364614188671112
cmksvunzb384mmzv5xshl7zgg,-0.6239591836929321
cmksvulk535lcmzv5cnelup01,0.43096262216567993
cmksvul72353vmzv5jdo1v8yx,0.4390155076980591
cmksvugcb2zqimzv50demaomi,0.4422696828842163
cmksvuinc326vmzv5tz6g7fb7,0.4393932521343231
cmksvum3t36bnmzv5ny3fhqzc,0.4428589344024658
cmksvuepc2y0smzv5oqqasvg8,0.4409269094467163
cmksvudfh2wswmzv5m50du9va,0.4374028444290161
cmksvub7g2udcmzv5bsuoi8il,0.4412761330604553
cmksvua9a2t60mzv53x4qch3g,-0.40773963928222656
cmksvu9us2sormzv5o5xmui9c,0.4344432055950165
cmksvud2r2wb8mzv54t8p6ekx,0.4411362409591675
cmksvu9o32sg0mzv5dp9pjhuc,0.43504106998443604
cmksvuej32xrzmzv5rwbfxxfk,0.44072481989860535
cmksvuf8c2yrbmzv5kbouicvp,0.4356729984283447
cmksvu8qn2rq1mzv5hzegi1y1,0.43464145064353943
cmksvunmf37nymzv5ak1jhwbr,0.41961267590522766
cmksvu80y2qrgmzv5clmqbtnu,0.4325677454471588
cmksvu93q2s7dmzv5bkjze4zl,0.42744624614715576
cmksvu7ni2qacmzv5hjr9yujr,0.4295046925544739
cmksvu8dk2r8pmzv5has82e81,0.4320510923862457
cmksvujwh33wbmzv5mu8xkb5d,0.4319494664669037
cmksvu8wq2rypmzv5g2za2xo6,0.43507418036460876
cmksvuag72temmzv5kh0n0ko4,0.4368807375431061
cmksvuamm2tn8mzv5xgs6r2rl,0.4423724412918091
cmksvubds2um5mzv5tzfdo8ct,0.43553265929222107
cmksvubyk2uuumzv57y4i0o46,0.4386442005634308
cmksvucc62vcbmzv5wc2kviz3,0.4417952597141266
cmksvuhmj31gimzv5zzooqjmv,0.4339973032474518
cmksvuhut31pbmzv5oqp7se8c,0.4371873438358307
cmksvuiu632fpmzv5e45cpegh,0.43319186568260193
cmksvudls2x1pmzv5n43gw2y1,0.4295642375946045
cmksvufrz2zhpmzv5xw13elrg,-0.4406980574131012
cmksvugvn30h3mzv5xpef4e54,0.4354407787322998
cmksvun7r37aemzv5107vzik5,-0.4050949513912201
cmksvuh2030pwmzv5yvbex75j,0.4418550431728363
cmksvue622xahmzv5c2kh4ph4,0.4419099688529968
cmksvuf1y2yiimzv5jppwmt3k,0.4360150992870331
cmksvufes2z03mzv5mz8u2e6s,0.43538907170295715
cmksvu8792r02mzv5ev9hijwf,0.4312913119792938
cmksvucwb2w2jmzv5ym4xcyun,0.42633605003356934
cmksvuj7032xbmzv5sy13pvdy,0.43442240357398987
cmksvunsv37vvmzv5vtzesxwq,0.42250069975852966
cmksvung137g9mzv5nideque8,-0.42823871970176697
cmksvuma636k9mzv5wot9fabf,0.4331452548503876
cmksvulx9362wmzv5s1xqwn97,0.4365606904029846
cmksvul0h34v7mzv5if2vxjya,0.4362766146659851
cmksvuktu34mgmzv5yih2rgmb,0.4346300959587097
cmksvuk2u3452mzv5av5n9d1f,0.43460503220558167
cmksvu6nk2psrmzv56xmtgx8b,0.4043782949447632
cmksvu2b62matmzv5yzxgh2e2,-0.42627400159835815
cmksvu3p02nb8mzv5gvqc2kfi,-0.39942312240600586
cmksvu2h02mhsmzv5pqljjnms,-0.40551790595054626
cmksvu4dd2ny5mzv5pikknfcs,0.4403989017009735
cmksvu3vp2ng6mzv52plerqog,-0.42732253670692444
cmksvu4ua2odrmzv5ofvx9y87,-0.40672656893730164
cmksvu5mf2oqtmzv54rajslzw,0.43894240260124207
cmksvu65z2p78mzv5n1qu7lf0,0.41847920417785645
cmksvu6c02pesmzv5fd60yyqt,-0.4106740951538086
cmksvu4802ntrmzv5pl1739e0,0.43278706073760986
cmksvu2sf2mv4mzv5yicx6qi8,0.43956294655799866
cmksvu2542m3mmzv54wv1ryc7,-0.39902886748313904
cmksvu41h2nmymzv516lxndll,0.4161791205406189
cmksvu0wj2l6cmzv5372962qb,0.43608999252319336
cmksvu0r32l2ymzv5tfv6hkcb,0.42040008306503296
cmksvu3ic2n5vmzv527uebm18,0.43650245666503906
cmksvu5t92ox5mzv5nj2p4gqd,0.41963472962379456
cmksvu2y12n0jmzv5y2tsevde,0.4151001572608948
cmksvu6hv2pm8mzv57viv10m1,-0.41909998655319214
cmksvu1z32lwemzv5ho6ixwav,-0.4151782989501953
cmksvu1n62li2mzv5b3ae66j1,0.4417894184589386
cmksvu1gq2lb9mzv5uu72e3ei,0.4213973879814148
cmksvu4it2o2imzv5uv1s5qpd,-0.39329203963279724
cmksvu4oc2o7pmzv5bxl8z6ni,0.42651933431625366
cmksvu2mx2mp0mzv5xegmo23x,-0.39512741565704346
cmksvu1t72lp9mzv5sgdpr3pd,-0.3948340117931366
cmksvu5282okemzv5lp3royjz,0.44652503728866577
cmksvu5za2p22mzv57f01nu2c,0.4237563908100128
cmksvu0g12kt0mzv57ml5br9q,0.44125115871429443
cmksvtykx2jddmzv52y6q25tr,-0.43255993723869324
cmksvty3j2iv5mzv5jkh1449p,-0.41392213106155396
cmksvtz3n2jydmzv53zq3gkcb,-0.4004880487918854
cmksvtyf62j71mzv5g6oyww19,-0.4188075363636017
cmksvtxx02inemzv58rjpxzpm,-0.4259034991264343
cmksvu0dp2kszmzv5qzasjb8m,0.41398367285728455
cmksvu0552klimzv5r597alrj,0.39899227023124695
cmksvtzti2k9emzv59to1za0l,-0.42016473412513733
cmksvtznf2k34mzv58y5kypts,0.4438149333000183
cmksvu0b82ksymzv5jp6hia81,-0.4128846228122711
cmksvtyr72jkmmzv5cm8rreof,-0.4512631893157959
cmksvu0lo2kyomzv5gnuq7wq7,-0.4065859019756317
cmksvty9j2j1zmzv55xltgk92,-0.4106003940105438
cmksvtyx92jrimzv512h6fq2z,0.42025238275527954
cmksvtzzb2kfkmzv5iautj646,0.4208787977695465
cmksvtx452in8mzv5c7y1o3tu,0.41300129890441895
cmksvtwsc2i9bmzv52kz8jveq,0.41379350423812866
cmksvtwme2i37mzv5ucra4ulb,0.410318523645401
cmksvtx8h2inamzv583oscbk3,0.44798558950424194
cmksvtxrs2incmzv5b5o06ev3,0.4046289920806885
cmksvtx6b2in9mzv5ny4euxjy,0.4285004734992981
cmksvtwy92ig8mzv5t17kz4sf,-0.40435126423835754
cmksvtxun2indmzv5wuy5vdkp,0.5457804203033447
cmksvtxai2inbmzv5y20sl3em,0.4318864941596985
cmksvtvnq2hmbmzv5brnxkqyt,-0.4136752188205719
cmksvtvcd2hd5mzv5xlj2hcrh,-0.40658190846443176
cmksvtuth2gqxmzv5y7xs8l9w,0.4342321455478668
cmksvtwgd2hy2mzv5baygby2t,-0.40674078464508057
cmksvtvi42hi3mzv53apu3fjf,-0.40348556637763977
cmksvtwe32hy1mzv5dsl6b3t4,0.4402749538421631
cmksvtugb2gb9mzv5zc40d7cj,0.4052976965904236
cmksvtv682h60mzv5tc5eqjlc,0.42158809304237366
cmksvtv062gytmzv5gbjt65ez,-0.40741539001464844
cmksvtw7g2hqomzv5seunqh94,0.42882245779037476
cmksvtumt2gj6mzv5a9n0oq4h,-0.4349710941314697
cmksvttjq2fvqmzv5k47s0m8i,-0.40472280979156494
cmksvttdq2fq0mzv5ahvl55lh,0.4317801892757416
cmksvtrh12efjmzv5bb7ihx3h,0.4677090048789978
cmksvtsi52eyymzv5eview7bm,0.4753568470478058
cmksvtsnp2f4cmzv56hndy42u,-0.42958977818489075
cmksvtu3l2g0lmzv5aottvblr,0.40157946944236755
cmksvts6l2eowmzv5wsyiysm3,0.4551065266132355
cmksvtt7p2fkkmzv5w489mw9f,-0.43733206391334534
cmksvtstm2fa3mzv5ifswrd3x,0.4733726978302002
cmksvtszf2ffrmzv5wmphtiz3,0.4151524603366852
cmksvtt5a2fkjmzv54qmx068o,0.5636516213417053
cmksvtscq2eu9mzv5ztpdfte6,0.4737195670604706
cmksvtua42g5umzv57d4vwa4l,-0.44677355885505676
cmksvtrmr2ek1mzv5poq6rbck,0.46656471490859985
cmksvtrew2efimzv55tgudfyh,0.5952237844467163
cmksvtqiw2dsrmzv5xa51b51u,-0.461995929479599
cmksvtpag2cw5mzv5l9h1v8db,0.49052155017852783
cmksvtqov2dxrmzv51udczp01,-0.43249237537384033
cmksvtr962eb3mzv5myko54fr,0.6405536532402039
cmksvtpm82d7rmzv5iva3iawp,0.48082607984542847
cmksvtqxm2e2cmzv5oqgr0yzi,0.4469098150730133
cmksvtqc92dljmzv523jpqrur,0.6402716636657715
cmksvtovh2cksmzv5m4xi7cgr,0.4106036424636841
cmksvtr3f2e72mzv500bteqil,0.44464948773384094
cmksvtpg82d2vmzv53jep5q9u,-0.4602288603782654
cmksvtqrt2dxsmzv5vtu7xtrc,-0.46701836585998535
cmksvtopx2chamzv5ay3eof0z,-0.4650525748729706
cmksvtp1n2cpymzv57mp09511,-0.43987900018692017
cmksvtp482cpzmzv5bnotng44,-0.42145562171936035
cmksvtps72denmzv5n0kwp8sq,0.4551919996738434
cmksvtnsq2bv4mzv5r997ywte,0.435150682926178
cmksvtndu2bh4mzv5u8whyfs8,-0.41712263226509094
cmksvtn7q2b9hmzv58a9gw2ka,0.4311244785785675
cmksvtoju2c9nmzv58ddk75c5,0.4199068546295166
cmksvtn1t2b49mzv5ebvxzqu9,0.42322978377342224
cmksvtod52c2fmzv5grc2y0q0,0.4311383068561554
cmksvtnmp2bommzv57621s32v,-0.42348912358283997
cmksvtnkd2bolmzv5rpd5vdvo,0.4196806848049164
cmksvtmig2ah4mzv5kl34d1tu,0.6733084321022034
cmksvtmb72a7qmzv5ajql895b,0.48862695693969727
cmksvtmvs2axlmzv57myutt1b,0.42026475071907043
cmksvtlu42a7pmzv5b2lla5rd,-0.4777466356754303
cmksvtmp52aopmzv5chj8nmb1,-0.4690014719963074
cmksvtlmt2a0omzv54boncn24,0.45021703839302063
cmksvtlin2a0nmzv5oqu274id,-0.4450560212135315
cmksvtla029z1mzv5hyimgt13,-0.4838818609714508
cmksvtlcf29z2mzv5uypaydmr,0.5823201537132263
cmksvtktq29t8mzv5jl3g44kv,0.5425570607185364
cmksvtl4m29wxmzv5g3k8kvs2,0.5701146125793457
cmksvtk0029obmzv5vqos20b3,0.4628303647041321
cmksvtjpx29kkmzv5fjoji0sz,-0.4406028687953949
cmksvtiqm28jimzv5cv6jz9la,0.395527720451355
cmksvtjal295jmzv562v0l1rd,0.39796435832977295
cmksvtjnp29kjmzv5tij0u3t1,0.5874139070510864
cmksvtj3y28y8mzv57e1jjy0n,0.39351338148117065
cmksvtjgz29d2mzv5ph8ccuh4,-0.3947427272796631
cmksvtkjb29q9mzv5wjho7vvf,0.4443196654319763
cmksvtko829rjmzv5g791azg7,0.4557856023311615
cmksvtixk28qrmzv5ieucedvb,-0.40215834975242615
cmksvtjut29mbmzv5tc5tuub3,0.4600433111190796
cmksvtkyz29v2mzv599qekphm,0.53146892786026
cmksvti4n28hqmzv5058bkmif,0.5059201717376709
cmksvthzs28g7mzv5ibsrx1ol,0.5145248770713806
cmksvtio128jhmzv52d7pwj51,0.5387744307518005
cmksvth9k2848mzv5yywaw1dt,0.4225652515888214
cmksvthui28dumzv5bijuqyy7,0.6808797121047974
cmksvtg4027s9mzv5vbmvwtxd,0.4259481728076935
cmksvther286xmzv5bxozia9y,0.6188275218009949
cmksvtgt127wmmzv5c71ls6gw,0.43460628390312195
cmksvth40281jmzv5j96le9bp,0.6213849782943726
cmksvtgyh27z2mzv53fwfzat3,0.6232813000679016
cmksvtg9527uamzv5tunoopym,0.4352036118507385
cmksvtfwu27q3mzv5kbko68i4,0.5238972902297974
cmksvtfz027q4mzv5mver3phj,0.43562254309654236
cmksvthjr289dmzv5xl6ay8re,0.5084132552146912
cmksvthpk28bpmzv5r9p1c7yc,0.5048660039901733
cmksvtf7n27jtmzv545hezdi7,0.4683416485786438
cmksvtepc27jrmzv5xyy8xfc3,0.5048840641975403
cmksvtefc27i6mzv515irv6nv,0.49624067544937134
cmksvtfi727mhmzv51w87tc7p,0.4679127037525177
cmksvtekj27ipmzv5ks469ac6,0.6456810235977173
cmksvtfn627nrmzv5nmdqpa8w,0.7211588621139526
cmksvtf5i27jsmzv51y11s5gp,0.6491537690162659
cmksvtfs127p6mzv56io2bjr2,0.6777957677841187
cmksvtfcn27l4mzv5phl31b81,0.4869999289512634
cmksvtcxd2734mzv5n764pvmf,-0.4491135776042938
cmksvtdqw27a4mzv5c7ekz07l,0.423806756734848
cmksvtdgo275amzv5bmnpj3tw,0.5020652413368225
cmksvtcsc2713mzv5aii5la28,0.4962495267391205
cmksvtchg26wpmzv5c6s2orqu,0.49315905570983887
cmksvta7a261pmzv5g69o12tg,0.5224252343177795
cmksvtaht266fmzv5jmbqzibv,0.49449223279953003
cmksvteak27gtmzv5s846er4o,0.6593955159187317
cmksvtacp2646mzv5f6zl9y9i,-0.45702439546585083
cmksvtcn226z0mzv5mtv3b3v5,-0.4284333288669586
cmksvtc2b26qcmzv5mweo5or8,-0.4248144030570984
cmksvtdls277imzv5gdbksp9f,0.5778821110725403
cmksvtbrv26lcmzv5k14cnfih,-0.41430526971817017
cmksvtbmk26izmzv5nx29u8m5,0.40919867157936096
cmksvtax426dkmzv5xmjc5fl5,-0.47636497020721436
cmksvtc7826semzv5fgvh1jtg,-0.4800226092338562
cmksvte0n27dkmzv5vxvoltzx,0.4976300299167633
cmksvtb2h26g9mzv5l4srh8gb,-0.4729161262512207
cmksvtdvo27bimzv5frsogsf3,0.5142922401428223
cmksvtamu268zmzv5mfh6sy75,-0.4576583802700043
cmksvte5n27famzv5jzm5rcy6,0.5269634127616882
cmksvtbx526o0mzv57tz6r2y5,-0.46367040276527405
cmksvtart26bamzv5p53wysf7,-0.4538740813732147
cmksvtccf26ujmzv50f22oif8,-0.4772273004055023
cmksvt9zl25xgmzv5h09i1vj4,0.5238572359085083
cmksvta1z25xhmzv5pcejjm7r,-0.46031269431114197
cmksvt9te25tvmzv53m80vkn8,-0.42136242985725403
cmksvt9cx25tumzv5wm7ovjxc,-0.44548872113227844
cmksvt95r25rtmzv5z9g5b5h7,-0.7153206467628479
cmksvt93s25rsmzv5xgmmfq8v,0.7553521394729614
cmksvt8yr25p4mzv5vctgi0b3,0.6875995397567749
cmksvt8dm25dzmzv5vzairdae,0.5476670265197754
cmksvt8th25mvmzv50l29el6b,0.5432784557342529
cmksvt97t25rumzv577sajxu0,0.5749207139015198
cmksvt8o525jtmzv5jlr4g2wp,0.5519123077392578
cmksvt8ip25gsmzv5rn3tc105,0.5473729968070984
cmksvt70b24p6mzv5fh8bz6fi,-0.4528551995754242
cmksvt76q24tpmzv5f0dyt8co,-0.5177554488182068
cmksvt7o8255tmzv5e3w2jeam,-0.46711719036102295
cmksvt7j02521mzv5k1ulf88r,-0.45515555143356323
cmksvt6sk24kmmzv5kj7acnca,-0.4580070972442627
cmksvt6y224p5mzv5dejw5bwu,0.4482901096343994
cmksvt7d924y2mzv5wj045hbc,-0.5227503180503845
cmksvt87s25a1mzv59a7pqw3s,-0.4421462416648865
cmksvt6qd24klmzv55w60vtou,0.6634624004364014
cmksvt6kf24iamzv5isddrxqq,-0.5627006888389587
cmksvt5i524d1mzv5q8qjuj5f,0.4226013422012329
cmksvt30823mgmzv531c5f3r2,-0.37357309460639954
cmksvt25123fwmzv5qkfhcs9y,0.5763685703277588
cmksvt3zw2410mzv5sgpd0fgh,0.4948553144931793
cmksvt5d924brmzv5l8y2ikox,0.46543270349502563
cmksvt530248pmzv58zmydga1,0.4646528363227844
cmksvt4o1243xmzv5l9mqkgbq,0.6005579829216003
cmksvt3k323v8mzv5uxqm5zbr,0.0
cmksvt4sy245emzv5webt7hc1,-0.4197809100151062
cmksvt5rz24famzv5krk8zxwt,0.4245513379573822
cmksvt5wq24gamzv5nhwnks6a,0.486257940530777
cmksvt3v323z9mzv5kp7xaz9v,-0.42836257815361023
cmksvt2bv23i3mzv5x4ctzm80,-0.4513259530067444
cmksvt2v723kamzv5zyxrox3g,-0.3778180778026581
cmksvt35823opmzv5n7sgy4et,-0.3707534372806549
cmksvt6fk24h9mzv59np6how1,0.46191173791885376
cmksvt44z242jmzv5vl896zhe,0.4467051327228546
cmksvt4y02472mzv56kn798jt,-0.41772112250328064
cmksvt3p423xhmzv5qdrs8l5y,-0.3713659346103668
cmksvt5n224ebmzv5s23zxah7,0.4549868106842041
cmksvt58724aamzv52nejysee,0.4964245557785034
cmksvt3a823r1mzv5qmhwqom6,-0.37760600447654724
cmksvt26z23fxmzv5tth9ifvp,-0.45040565729141235
cmksvt3f323t3mzv5he91801x,-0.3751142919063568
cmksvszkm22j1mzv58whuojju,0.435882031917572
cmksvt1ft234dmzv5lg40dhzk,0.46821796894073486
cmksvt1py2390mzv5btyrln3b,0.42187511920928955
cmksvt1aw2321mzv5wv8ja33l,0.44940081238746643
cmksvt0lz22x4mzv5mer36c6t,0.4518001675605774
cmksvt15d22zlmzv5bzzje4r3,0.448494553565979
cmksvszsf22lomzv5fkoqynk2,0.441265344619751
cmksvszqa22lnmzv5fel38oz5,0.4102172553539276
cmksvt0h322vdmzv5hv4tdkud,0.43431660532951355
cmksvt1ky236rmzv5jrnufbmu,0.42200008034706116
cmksvt0c522sqmzv5swzc2ntb,0.43011778593063354
cmksvszul22lpmzv5q187tdah,0.4045104384422302
cmksvszwt22lqmzv5cj1bfrbn,0.42341148853302
cmksvt20323dtmzv5zzp2tmlw,0.42005252838134766
cmksvt01w22nvmzv52x011h1h,0.4455726444721222
cmksvt1v423bgmzv56httwcio,0.5328404307365417
cmksvt07522qcmzv5rp0uqhvd,0.39522936940193176
cmksvsylo2294mzv5dyfige6f,0.5675714015960693
cmksvsy5w2202mzv5i4mgn3dj,0.6040483117103577
cmksvsygc225ymzv52096l5hy,0.6029328107833862
cmksvswqv21ehmzv57me2g7bv,0.4886557161808014
cmksvsz0l22gqmzv5xoo8lup6,-0.5860462188720703
cmksvsxpp21q6mzv5dqe1u03d,0.48459529876708984
cmksvsx1821kcmzv585h6otds,0.6000762581825256
cmksvsy0s21wwmzv56o9vaby9,0.4821000397205353
cmksvsxvl21tgmzv5hcevr9vk,0.4752320647239685
cmksvsyvl22eemzv5bzjrekj9,0.4177204966545105
cmksvsyqo22bvmzv5l4zruyl4,0.4394012689590454
cmksvswlq21blmzv59si4ngi9,0.4567013382911682
cmksvsx6a21n8mzv5g6rqicfl,0.4387724697589874
cmksvsyb5223bmzv5cv19u4f6,0.4797707796096802
cmksvsww321hfmzv5t4qfe3w2,0.49273961782455444
cmksvsucq20l9mzv5nz3d1ye1,0.4995613992214203
cmksvsumq20p9mzv5qaublx7k,0.43299782276153564
cmksvssyz208umzv5uu4gaqqb,0.44180238246917725
cmksvsstw207fmzv5izmr0s5u,0.43992021679878235
cmksvsuwy20t9mzv5zmv3hi16,0.3999880850315094
cmksvsw6l215mmzv58soe6z8r,0.479831725358963
cmksvstee20dsmzv5rzgzlqpt,-0.4560249447822571
cmksvsvb320xrmzv5rvxkpaj2,0.46986114978790283
cmksvswbh217qmzv5l4mzzpru,0.47882822155952454
cmksvswgn219wmzv5jihphhjr,0.4475778043270111
cmksvsuhq20ngmzv58oqs7x9j,0.45484405755996704
cmksvsw1h212xmzv50vq537z1,0.46171775460243225
cmksvsv5f20vbmzv5l2y4yaxr,0.44455844163894653
cmksvsvv3210dmzv5vt3hoo71,0.46863386034965515
cmksvsurr20r0mzv53v249rw0,0.4460545480251312
cmksvsu2z20hgmzv5bz4gt8b3,0.45037326216697693
cmksvsu7w20jemzv5oaasa1xp,0.4601977467536926
cmksvst9c20c1mzv5vuhfpn8m,0.41967684030532837
cmksvstjm20flmzv5xq2q5ftk,-0.37811478972435
cmksvst4420aamzv5q9mjsyor,-0.4684451222419739
cmksvsuzl20tamzv56lxuejx6,0.4775310754776001
cmksvssor205omzv5r8qwxk73,-0.5860462188720703
cmksvsrhu1zzhmzv59yunmo9q,-0.46416017413139343
cmksvsr2t1zw6mzv55gwkgxth,0.4859278202056885
cmksvsnpt1zclmzv59urz092s,0.6087005138397217
cmksvsr7v1zxcmzv58d4ikcfw,0.6035500168800354
cmksvsp911zl8mzv5hq8g32zj,0.5947505235671997
cmksvsqnw1zssmzv5ik5ycq6h,0.48879456520080566
cmksvsoz11zj5mzv5pfdfbr37,0.4694674015045166
cmksvspni1zo4mzv51l4pt6zg,0.49167460203170776
cmksvspxi1zqemzv5wofvadxy,0.4604746699333191
cmksvsrmt200kmzv5hvhowbgs,-0.4284942150115967
cmksvsrcu1zyfmzv5szn4hp9z,0.46633294224739075
cmksvsqxv1zv1mzv5tr7jc5l1,0.48570218682289124
cmksvsp441zk6mzv5z2k7tdkt,0.4745507538318634
cmksvso971zhhmzv5twxy92r3,0.6023755073547363
cmksvspdt1zm7mzv5qeuapkc4,-0.4106196463108063
cmksvsq2h1zrmmzv50vjtmyfm,0.48423123359680176
cmksvssfa203tmzv5p2ebfv4u,0.46884796023368835
cmksvspsh1zp7mzv5axc4ff0h,0.4689178168773651
cmksvsrrs201nmzv540mpvwsl,-0.4632643759250641
cmksvssak202qmzv5eoyavsph,-0.4493204951286316
cmksvsqsy1ztwmzv5sgcqkpl8,0.4724133610725403
cmksvssk0204smzv5q7j82432,-0.43809887766838074
cmksvsnun1zdumzv5y0yk24tc,-0.43094319105148315
cmksvsou91zi4mzv5ardgihjn,0.4756167232990265
cmksvspis1zn2mzv539badxla,0.48764756321907043
cmksvso4f1zgcmzv5vet4m4nj,0.4610454738140106
cmksvsqit1zrnmzv58yxaz16z,0.4590338170528412
cmksvsnzh1zf7mzv5cjmxufci,0.473110556602478
cmksvsobf1zhimzv5555qbwbb,0.46711161732673645
cmksvsmmb1z4rmzv5evccg5fc,0.5036180019378662
cmksvsmr91z6amzv5ha58iscr,0.5057166218757629
cmksvsmc61z16mzv5fzf2b4h3,0.49886199831962585
cmksvslnz1yspmzv5mlq30uow,0.5040603876113892
cmksvskz01ynjmzv5jehg6kgb,0.5146347880363464
cmksvskob1yibmzv52k4eokdn,0.5165587067604065
cmksvskiu1yfhmzv5grn2c6f8,0.502807080745697
cmksvskdj1yd3mzv5xhca45jx,0.5238035321235657
cmksvsmh91z3cmzv59am2q4hn,0.48903122544288635
cmksvsnij1zakmzv5h4942gli,0.48720794916152954
cmksvsk861yaamzv5u7sqq5zg,0.4924999475479126
cmksvsnbb1z8hmzv5ar95wkd0,0.5013818144798279
cmksvsnda1z8imzv5m6klpt6e,0.48374027013778687
cmksvsnnr1zckmzv5ooc71e39,0.5954174995422363
cmksvsm5t1yz2mzv53ui5d215,0.49412330985069275
cmksvsm0h1ywwmzv54qya1gcf,0.5017186999320984
cmksvsly81ywvmzv53kvymyt4,0.5176042914390564
cmksvsktn1ykxmzv50v9slvip,0.5097342729568481
cmksvslt71yvbmzv589ev7bjg,0.4850342869758606
cmksvslie1yq3mzv59kw38b52,0.5164787173271179
cmksvsgfb1woqmzv54r3pxfub,0.4687402844429016
cmksvsifw1xhtmzv539cy6wkb,0.4898553788661957
cmksvsiwq1xthmzv5sloc0gvv,0.4887051284313202
cmksvsj281xwimzv5106aa2w4,0.4946509301662445
cmksvsgkq1wscmzv5v1r4ijvu,0.4708455502986908
cmksvsh2a1x1nmzv5sqj41c0s,0.4434847831726074
cmksvsg6a1wkjmzv5sm22tter,0.6023257374763489
cmksvsf681w77mzv5ohoiqn34,-0.5046564340591431
cmksvsiai1xf5mzv5lpbf8mq8,0.608991801738739
cmksvsfr81wdjmzv56m43l66a,0.4953003525733948
cmksvshmz1x4imzv5ev9pebbi,0.5405294895172119
cmksvsi551xctmzv5o36tnwxd,0.4602416455745697
cmksvsirl1xpvmzv5lwem1wgg,0.5112559795379639
cmksvsk2u1y7umzv5w5efdvtb,0.502427875995636
cmksvsg941wkkmzv5gpfri8ur,0.45311403274536133
cmksvsjxg1y5amzv5o7u2lnsy,0.4642268419265747
cmksvshte1x7dmzv5va3km918,0.508682131767273
cmksvsgr21wvxmzv5rfvnmawc,0.4645242691040039
cmksvsjm01xzomzv52vrfun85,0.5003299713134766
cmksvsg071wh0mzv5p1sredz8,0.4706539809703827
cmksvsily1xlwmzv5lwrgvem3,0.5144121646881104
cmksvsgwt1wyqmzv5ahmfmenv,0.42378419637680054
cmksvsftr1wdkmzv5uq51h3zy,0.4883520007133484
cmksvshz91xa2mzv580tsmjp7,0.4742390513420105
cmksvsjs41y2nmzv5su1qrngr,0.5013747215270996
cmksvseum1vyfmzv5wgri3otw,0.404817134141922
cmksvsf0o1w3dmzv5odygkodr,0.482591837644577
cmksvseos1vtimzv55e3nbqf2,0.4386667311191559
cmksvseiw1vodmzv5sshua94v,0.4176187813282013
cmksvseco1vl6mzv5gykdwpu3,0.5047433376312256
cmksvsdvy1vhbmzv5hc3r88xt,-0.4920365512371063
cmksvsd4o1vfjmzv53o5iybb5,-0.465158611536026
cmksvse6v1vj6mzv5rsi68yeq,-0.5735350847244263
cmksvsdqi1vg9mzv5venkkh3v,-0.46851566433906555
cmksvse141vi4mzv5ed5mnuvb,-0.43891239166259766
cmksvsd6v1vfkmzv5lsdn7x2e,-0.5374693870544434
cmksvscue1vbumzv56di8ia0g,-0.5309435725212097
cmksvscoz1v9emzv5ryrc81qy,-0.7569056153297424
cmksvscje1v5rmzv5v199hsel,-0.7078690528869629
cmksvscdm1v11mzv5ldj8bzoa,0.7306375503540039
cmksvsczo1ve5mzv50qspo3bq,0.5269091129302979
cmksvsbg31uqjmzv57od7s9cs,0.47539040446281433
cmksvsbzo1uvgmzv579ao769i,0.6098105311393738
cmksvsb9k1ukomzv5odgfzg5q,-0.42750415205955505
cmksvsc5k1uywmzv5r33gg41u,0.49818360805511475
cmksvsc7n1uyxmzv5ttjb9cpc,0.43513038754463196
cmksvsa2h1ty2mzv5xpsle7hi,-0.5257660746574402
cmksvs95m1tncmzv5llkmd0g3,-0.4575826823711395
cmksvsb1i1ugxmzv5rjhkoo38,-0.5518098473548889
cmksvs97q1tndmzv5o1m8u24p,-0.5307033061981201
cmksvsa8m1u1bmzv5epty36sx,-0.5319939851760864
cmksvsavz1udgmzv5f0zow6dz,-0.5421488881111145
cmksvsb701uknmzv5atn78sak,-0.5191143155097961
cmksvs9dc1tqymzv5d0xauznt,-0.46550920605659485
cmksvs90g1tk6mzv58msbfzsi,-0.5276667475700378
cmksvsakc1u7hmzv5ymaasmxc,-0.5531708598136902
cmksvsaeb1u4fmzv58e2ok9m1,-0.5695841312408447
cmksvsapu1ua3mzv5hxvmp7na,-0.5458671450614929
cmksvs9is1tutmzv5ng90a5w0,-0.5296536087989807
cmksvs8q01tedmzv5o3s9sdlo,-0.5860462188720703
cmksvs8kq1tbemzv5bk8dp97g,0.7576794028282166
cmksvs8v61tggmzv5vspvrhkk,-0.563165545463562
cmksvs8fl1t9hmzv5nbizv8kw,-0.5860462188720703
cmksvs7oj1t17mzv5lj4ba18b,0.6416719555854797
cmksvs7ly1t16mzv57m0s5r1t,-0.4482521116733551
cmksvs7jc1t15mzv5b1g3qztb,-0.45173344016075134
cmksvs7db1supmzv59vk2bnt6,-0.4987071752548218
cmksvs8af1t6imzv5u7x7e1mh,0.5514101386070251
cmksvs76w1sp4mzv5ftwq90fh,0.4237314462661743
cmksvs7qv1t18mzv5x2uygys6,0.4304058253765106
cmksvs7481sp3mzv5fidakt0r,0.49711930751800537
cmksvs6wu1se7mzv5in76n64t,0.5961855053901672
cmksvs5q91s29mzv5o33nys2t,-0.47990792989730835
cmksvs6ku1s9kmzv5smkaucqc,0.5463053584098816
cmksvs5w81s5amzv5rmn58en7,0.417828768491745
cmksvs61g1s72mzv5jfa2vq08,-0.4196760058403015
cmksvs6qt1sbymzv58ceb64df,0.5726657509803772
cmksvs5bc1rynmzv5lkt55bq4,-0.39934879541397095
cmksvs5ga1rznmzv53hkt464p,-0.4075911343097687
cmksvs5lc1s0zmzv543j7rysk,0.4678247570991516
cmksvs55i1rxdmzv54hp26hdf,-0.4113144278526306
cmksvs40w1rrpmzv56reevy41,-0.4107356071472168
cmksvs50r1rw2mzv5dlutf7f8,-0.398438960313797
cmksvs4w41rv4mzv5bxqudnjz,-0.4146101474761963
cmksvs4811rsemzv5kri3tq4h,-0.39592254161834717
cmksvs45r1rsdmzv5mhqo0ppb,-0.4207070767879486
cmksvs4rc1rtomzv5dvmuddvo,-0.4081113040447235
cmksvs3vz1rr3mzv5bgjhtecc,-0.41257619857788086
cmksvs1vp1r64mzv5acayrduo,-0.3818628787994385
cmksvs26s1rb7mzv5r0jmuudg,0.4083786904811859
cmksvs2cf1rdemzv5qx1etzfb,-0.38301026821136475
cmksvs1qh1r36mzv5p1y53w28,-0.4516293704509735
cmksvs2he1rf4mzv5vs5ygw0w,0.37637755274772644
cmksvs35w1ricmzv5c2o8x62k,-0.4036739468574524
cmksvs1bd1qyvmzv5g1sfcw5o,0.5320295095443726
cmksvs3l71rnmmzv5rp1hdxeq,-0.39740073680877686
cmksvs30m1rglmzv5bo9xdf3a,0.39684218168258667
cmksvs21h1r8rmzv5hxa6c0x1,0.41567671298980713
cmksvs1li1r25mzv5jrbz7iwt,0.524013340473175
cmksvs0cu1qrzmzv5kdvhegeh,0.5072551965713501
cmksvs1671qwwmzv5pv1tgcs7,0.5322828888893127
cmksvs0ht1qtjmzv5vfk5yh90,0.5221726298332214
cmksvs0mv1qvamzv5ytxgd4io,0.5242436528205872
cmksvs3am1rk5mzv57o6cjpsf,0.5218011736869812
cmksvs3r21rpomzv57umi1f9s,-0.41286495327949524
cmksvs1gl1r0jmzv5sjwyi5ik,0.5275356769561768
cmksvs07t1qqgmzv5ks0no328,0.4074966609477997
cmksvs3ga1rm2mzv5a5vhwshd,0.5325363278388977
cmksvrzej1q9umzv5d2zemx9g,-0.41794395446777344
cmksvrypo1q3mmzv55wojk68h,-0.4064521789550781
cmksvs05v1qqfmzv5lndxtilp,-0.4219595789909363
cmksvryah1px8mzv5vc6c7hg8,-0.41061121225357056
cmksvrzko1qc8mzv5tr7n6cuc,0.509216845035553
cmksvrzq71qfjmzv5r2o5oz94,-0.40020182728767395
cmksvryuz1q6jmzv5abioh3q6,0.527439534664154
cmksvs00p1qmmmzv56ls358ml,0.532791018486023
cmksvrzva1qihmzv5k5jjfqsg,0.40775761008262634
cmksvrykl1q0ymzv592kb5xpz,0.39675793051719666
cmksvryfh1pyomzv5u706f3hl,0.39602237939834595
cmksvrw5m1pb9mzv51kl3xz3s,0.43447452783584595
cmksvrvpb1p7gmzv5le2ot186,-0.45651742815971375
cmksvry511ptqmzv53vzb0vi4,-0.4052046835422516
cmksvrxqw1pkimzv5learmecq,0.5301673412322998
cmksvrxdo1pfvmzv5dkn6r4bu,0.5159909129142761
cmksvrxyk1pprmzv5xw9zlxlt,0.3986624777317047
cmksvrwbi1pbamzv5h8acl5br,-0.421003133058548
cmksvrv6k1ounmzv5okrwlxmg,-0.4538993239402771
cmksvrwzz1pbbmzv58befjjz3,0.5252417325973511
cmksvrvcj1p0qmzv5jvc55kfw,0.5642281770706177
cmksvrtq71octmzv5ypp5d6vo,0.48033350706100464
cmksvrtkp1oaomzv5d5u4etpm,0.4193616211414337
cmksvrv111orpmzv5nmzk09wq,0.5261483788490295
cmksvruez1og5mzv5w0ywmd7h,-0.4381844401359558
cmksvruk71ojgmzv5ocab1wlc,0.38939347863197327
cmksvrupn1om5mzv5zeervtqa,-0.38806015253067017
cmksvruuv1oosmzv5m5gad5tq,0.3903760313987732
cmksvrtvg1oe9mzv5m6w3w9fq,0.43574708700180054
cmksvrohb1l3fmzv568ky72wo,-0.4088536500930786
cmksvrsrd1noymzv53tyooosj,-0.4140670597553253
cmksvrmlx1k0pmzv5t8qppidw,-0.41617459058761597
cmksvrms81k5omzv56gws7dqp,-0.43833157420158386
cmksvrn8o1khsmzv5xgsuee9g,-0.44778206944465637
cmksvrnee1klymzv5ymhdjql4,-0.44686299562454224
cmksvrns91kuvmzv5w8iubntd,-0.44521257281303406
cmksvrr221mqdmzv5thccen00,-0.42424753308296204
cmksvrosx1lclmzv5nbsz4d0b,-0.41231703758239746
cmksvrp3x1llwmzv5ck7ga5dk,-0.43134260177612305
cmksvrp9n1lqvmzv55b0pt8yk,-0.41731324791908264
cmksvrqld1mccmzv5cqvluk41,-0.4279979467391968
cmksvron61l7tmzv5navgv6w3,-0.4026460349559784
cmksvrnmj1kpumzv5h6sqy1mc,-0.39773520827293396
cmksvrpbw1lqwmzv5z306339s,-0.4201037287712097
cmksvrpol1lyqmzv5t3nl7vyh,-0.4173932671546936
cmksvrmxm1k9jmzv5lgx13vab,0.40528494119644165
cmksvrt3f1nwomzv5fz206rrh,-0.4219745695590973
cmksvrqwk1mlpmzv5el9mvrzf,-0.3993839621543884
cmksvrsl81nlgmzv5tkel6vct,0.3974864184856415
cmksvrrk21n47mzv53zv3a8fx,-0.4260392487049103
cmksvrr7s1muzmzv5onxvksdx,-0.4304408133029938
cmksvrrds1mzimzv54d3rlh9p,-0.41513586044311523
cmksvrqr21mgwmzv5vspbmmb2,-0.3931553065776825
cmksvrrvm1nd0mzv50pz4kbis,0.41475844383239746
cmksvrswu1nsxmzv54w7a8zbx,-0.4281221032142639
cmksvroyh1lhumzv5byesa8y9,-0.42035871744155884
cmksvrpi51ltxmzv56djff9e5,-0.4273873567581177
cmksvrnxo1kz6mzv5rjxmwup5,-0.41457948088645935
cmksvrnk61kptmzv5mlbdf4ly,-0.41427135467529297
cmksvrpuv1m26mzv5wfk3tt0t,-0.4494225084781647
cmksvrm201jwnmzv5muf9dnbc,-0.4114350974559784
cmksvrn2y1kdlmzv5sif9o53c,0.41165870428085327
cmksvrrps1n8rmzv5qlz9ovtp,-0.4139147400856018
cmksvrqf71m7mmzv505v6btbr,-0.4268283545970917
cmksvrt8u1o0amzv59r07rd5t,0.4036315083503723
cmksvrtez1o3rmzv5pzy98pln,0.5883963704109192
cmksvrsfe1nhlmzv5itzsdhye,-0.40641069412231445
cmksvrhnq1hommzv5u8mlzuj6,-0.41694948077201843
cmksvrj5d1id7mzv5fzzj84bn,-0.40462765097618103
cmksvrl961jh2mzv5j3v9nnfg,-0.41418707370758057
cmksvrk0f1ixlmzv5jywqim2e,-0.4319477379322052
cmksvrlwt1jttmzv56c2y476g,-0.41338983178138733
cmksvrlfu1jkrmzv55ld879i1,-0.42112991213798523
cmksvrk5u1j1ymzv5od0vfd2e,-0.4167364537715912
cmksvri4a1hzzmzv5mxclz0ou,0.39963313937187195
cmksvrhyg1hwbmzv580qsz2wl,-0.41017118096351624
cmksvrjp71iogmzv51c090krp,-0.445679634809494
cmksvrizt1i9nmzv5nb222p19,-0.3927227854728699
cmksvrksi1j6fmzv5una4geqg,-0.4104425311088562
cmksvriu11i6mmzv5f0vadkiz,-0.4077855050563812
cmksvrl381jdumzv5l7682rdr,-0.41255319118499756
cmksvrjuy1it5mzv5rbzhfk57,0.3976771831512451
cmksvrky01jb3mzv53e4t2fjg,-0.4006763696670532
cmksvrhie1hkqmzv50mh8xnc7,-0.39587724208831787
cmksvriag1i3imzv5n4yhbcmm,-0.4446508288383484
cmksvrkm81j1zmzv52anxobe9,-0.4085898697376251
cmksvrjav1iftmzv54542rtp9,-0.4129962623119354
cmksvrjjr1ik6mzv583144iaz,-0.420063853263855
cmksvrhsz1hsimzv5qjbhl5py,-0.4121975600719452
cmksvrlr51jqzmzv5tqru59jx,-0.4183535575866699
cmksvrje71ifumzv5cvl02hab,-0.4031251072883606
cmksvrll61jo4mzv58k7mr9ot,-0.41455531120300293
cmksvrhcy1hg7mzv5g3vzcebj,-0.5860462188720703
cmksvrh241hb5mzv5k77y8ajz,0.4246867597103119
cmksvrfl61gr3mzv5324x8mwk,-0.5984232425689697
cmksvrg2n1h0nmzv53sw06ki0,0.43563199043273926
cmksvrg8f1h3cmzv5ixo93gad,0.4314344525337219
cmksvrfqj1gtemzv5rnpdy71m,-0.5860462188720703
cmksvrh7f1hd9mzv5iso0k5qo,0.4376947581768036
cmksvrgx21h8xmzv5grcfko2e,0.4814826250076294
cmksvrfxb1gymmzv5vk1ap4oa,0.470403254032135
cmksvrgdv1h5tmzv5z9p2q41f,0.43894773721694946
cmksvrfbb1goxmzv5u27ml7bz,0.5536870956420898
cmksvr6kp1exsmzv5jbtovtb0,-0.42874741554260254
cmksvr4mz1eigmzv5vssqx138,-0.43516746163368225
cmksvr8uf1fkdmzv5u26hgxlg,0.5911059379577637
cmksvr9x61fr4mzv5k558jhjv,-0.4544866979122162
cmksvr65j1etnmzv53jv1yoc0,-0.4356031119823456
cmksvr6ao1ev9mzv58jw6uv0d,-0.4187711179256439
cmksvrcfl1gazmzv5bartjz18,-0.4368830621242523
cmksvr5721en2mzv54178v6lz,-0.43428054451942444
cmksvrabp1fv2mzv5kox6muma,-0.441834032535553
cmksvrbzj1g74mzv54ub6x86t,-0.451714426279068
cmksvragt1fwimzv5uv19mmy1,-0.45248496532440186
cmksvravj1g0wmzv5k5wynxi6,-0.4483531713485718
cmksvrcaf1g9rmzv5jwbb2u7x,-0.3992033004760742
cmksvr4wn1ek4mzv57m8nxqsj,-0.4230809211730957
cmksvrf6g1gntmzv53krtjw7r,-0.44617584347724915
cmksvrd891ge7mzv5r3ucre9v,-0.42389482259750366
cmksvr8jv1fgjmzv5d6ogkmsl,-0.43915098905563354
cmksvr51x1elkmzv5peij7ena,-0.43380868434906006
cmksvr83p1faxmzv5yxnf06xp,-0.4139029383659363
cmksvr9ne1fosmzv5itfnqjqb,-0.44531354308128357
cmksvra221fslmzv5nac6tcd0,-0.43752995133399963
cmksvra6z1fu2mzv5nd5ahuz1,-0.4535072445869446
cmksvralm1fy0mzv5zmvp3815,-0.43978893756866455
cmksvr6v21f15mzv5vs871f2o,-0.46089833974838257
cmksvraql1fzhmzv5t3o9lqv6,-0.45375555753707886
cmksvr7581f4mmzv5a1zc2y7t,-0.42107832431793213
cmksvrbup1g64mzv5og1bketi,-0.4614768624305725
cmksvrc591g8fmzv533zph6yd,-0.3992846608161926
cmksvrckj1gc2mzv5fvzxaj87,-0.4391634166240692
cmksvr4p81eihmzv5u5n0gpkr,-0.41807374358177185
cmksvrcpb1gd7mzv56kb14szq,-0.42502301931381226
cmksvrdd91gf7mzv594h7grzs,-0.4572985768318176
cmksvrdmz1ggtmzv53yha03f6,-0.45729199051856995
cmksvrdw91giamzv5wz4atgqn,-0.4373147487640381
cmksvredj1gl3mzv56arbj11e,-0.39465972781181335
cmksvreiq1glxmzv5jc7x53c5,-0.4371691644191742
cmksvr4rh1eiimzv59xzj52fp,-0.3979043960571289
cmksvr9sh1fq8mzv53pwomv0n,-0.44973450899124146
cmksvr7ae1f67mzv5gisca4o2,-0.4392607510089874
cmksvr7tg1f7pmzv5o4wikptd,0.39405158162117004
cmksvrbjv1g3qmzv5plooxvc7,-0.42019960284233093
cmksvre1v1gj9mzv5cxslpbdp,-0.4448641240596771
cmksvrfg71gq4mzv5b4edzr2l,0.4174478054046631
cmksvrdrj1ghdmzv54u3kbpzm,-0.44727611541748047
cmksvr8zk1fmhmzv5jsj1uv8a,-0.4335898756980896
cmksvr60g1es0mzv5lg6nhdt5,-0.42531704902648926
cmksvrbeq1g2dmzv5qe00w6x0,-0.42316022515296936
cmksvr5c51eonmzv57zh4cyjq,-0.5112190842628479
cmksvre781gk8mzv5h84y77m0,-0.45074015855789185
cmksvrbpp1g50mzv5lsgnzta5,-0.46367931365966797
cmksvr70b1f2xmzv511uni8tx,0.42298978567123413
cmksvrdi51gfxmzv56ckdkil2,-0.4578636586666107
cmksvrf1o1gmumzv5jcs7guws,-0.4280480444431305
cmksvr5h71eqamzv52k05hcve,-0.442344605922699
cmksvr6fo1ewemzv53gqif78u,-0.4261482357978821
cmksvr6pw1ezjmzv5vea7m3wf,-0.44835925102233887
cmksvr7yh1f98mzv5mhfqin0r,-0.43521684408187866
cmksvr8921fcsmzv5nobtmnxk,-0.43619221448898315
cmksvr8en1fekmzv5cr8ze3bc,-0.4430900812149048
cmksvr8p41fidmzv5bqdgxhux,-0.4253078103065491
cmksvr94i1fnumzv5kak1upw4,-0.44079795479774475
cmksvr1i31df5mzv5of7rutz7,-0.4369041621685028
cmksvr2wk1dxpmzv5whqsmpte,-0.43335092067718506
cmksvr3221e0lmzv5yeitcaet,0.5713480710983276
cmksvr3ik1e8emzv5mljvkoul,-0.43242859840393066
cmksvr3tn1eddmzv5mqsxhyuc,-0.4881690442562103
cmksvr4d01efamzv5sw527v11,0.5784123539924622
cmksvr4hw1egwmzv5lxf8oeal,0.5356485247612
cmksvr1cw1dcemzv5w5912tq3,-0.4304094612598419
cmksvr3oc1eb3mzv5eqxu3bjo,-0.4513773024082184
cmksvr2m21dsvmzv5u9rjhv3z,-0.4412681758403778
cmksvqy5p1c7kmzv58d96j79w,-0.4311448335647583
cmksvqzav1ckumzv5inwt6ecs,-0.4327745735645294
cmksvqzl81cq6mzv5811mswzm,-0.43354642391204834
cmksvr0jm1czcmzv5cqp2oh8m,-0.43912801146507263
cmksvr17i1d9lmzv5a6ilyzch,-0.431094229221344
cmksvr1si1dktmzv5v4osztre,-0.438638836145401
cmksvr3d01e6amzv5h21atnlw,-0.4338657557964325
cmksvr37m1e3nmzv5qluoqemr,-0.4470740556716919
cmksvr2rb1dv9mzv5bv3vve5y,-0.4290992021560669
cmksvqz5q1ci0mzv5xdvbq6bx,-0.4442181885242462
cmksvr1nc1di1mzv5602k6oz6,-0.44778189063072205
cmksvr1xp1dnlmzv50oh5na37,-0.4465760588645935
cmksvqyov1c9hmzv5138tejew,-0.4450850188732147
cmksvr12d1d74mzv53c95xllo,-0.45620161294937134
cmksvqzv41ctumzv5nqag0gr5,-0.4451580345630646
cmksvr0vs1d55mzv5f9fw6okg,-0.4476028382778168
cmksvr0pz1d27mzv5263qjl8h,-0.4513278007507324
cmksvr0081cwqmzv5xbskn471,-0.4163248538970947
cmksvqzq51crimzv5w42055ll,-0.44106370210647583
cmksvqzga1cnnmzv5wrjmpzli,-0.44228798151016235
cmksvqz0d1cf3mzv5r60chovb,-0.45003241300582886
cmksvqyv71cc5mzv56eeiesn2,-0.44819650053977966
cmksvr2h01dqkmzv5jmwp8b62,-0.4467034339904785
cmksvqwvv1bdvmzv5tu4kzsq5,0.5438868999481201
cmksvqx1m1bhkmzv5lagcwohk,-0.38627421855926514
cmksvqxsc1c0fmzv5baijtskp,0.3934844434261322
cmksvqwc11b95mzv5qomlhhcc,0.41777822375297546
cmksvqxn31bwfmzv5a6pbx89g,-0.39495140314102173
cmksvqxxq1c3xmzv5t8bvlbih,0.43133196234703064
cmksvqy051c3ymzv52qk3ibkl,0.5516095161437988
cmksvqxce1bp7mzv56ub9k1ni,0.3917631208896637
cmksvqw9r1b94mzv5wmdw3jw5,0.4570615589618683
cmksvqx731blhmzv5sk9euxa4,0.3931647837162018
cmksvqxhr1bstmzv55uvd60q8,0.41891342401504517
cmksvqvhs1andmzv5274v7ozc,0.43653056025505066
cmksvqw481b4jmzv5jmoiooh1,0.3939047157764435
cmksvqv1b1abimzv5ua4703kg,0.4413861036300659
cmksvqvcb1aj4mzv5ggiltweh,0.39798101782798767
cmksvqts919t3mzv54szwxbq7,0.46119970083236694
cmksvqtbw19jnmzv5aktnlfiz,0.47134044766426086
cmksvqthf19n2mzv5yvnmvgde,0.46228963136672974
cmksvqt4g1994mzv5d3trcy6m,0.5928128361701965
cmksvquh91a7jmzv58kitcszp,0.3958093822002411
cmksvqvn81arjmzv5rw5c00bq,0.39942747354507446
cmksvqv6w1af8mzv5d1hdlqy5,0.4207153022289276
cmksvqu3719zmmzv5e7ulohbv,0.5518198609352112
cmksvqubm1a3kmzv5c4guu93k,0.3872640132904053
cmksvqu5g19znmzv5jcqss4n0,0.39691361784935
cmksvqvte1avsmzv53wcvk6yj,0.41721898317337036
cmksvqtmt19q4mzv5fmootvq4,0.4336583912372589
cmksvqtxr19w7mzv5agxj6dlt,0.46315997838974
cmksvqvyt1b05mzv52dni1w19,0.4205564856529236
cmksvqsfh193fmzv5jrjihnpo,-0.5937114953994751
cmksvqskg195qmzv5nlqtqb2n,-0.5736575722694397
cmksvqs9u18xumzv56kl81x10,-0.564927875995636
cmksvqs4a18u1mzv5nuqngzb4,0.5359612107276917
cmksvqrig18fimzv5xofjdl0v,0.5784159302711487
cmksvqrdd18cqmzv545tz4pa1,0.5080766677856445
cmksvqroh18j3mzv53l4m1gyr,0.4029731750488281
cmksvqrtw18ngmzv5rkjuign2,0.5418678522109985
cmksvqquw18comzv5yav2346y,-0.47213295102119446
cmksvqrb818cpmzv5xsondls5,0.5547603964805603
cmksvqrz718rvmzv53cfeqprw,-0.4085288345813751
cmksvqqi017z1mzv5k3tmn4so,-0.3909803032875061
cmksvqqog1858mzv5h9gegbjn,0.508266270160675
cmksvqpie171tmzv57u1iiey5,-0.4394993484020233
cmksvqpbe16vtmzv5xk1zhrcc,-0.4337924122810364
cmksvqpu017d0mzv500sxx1pj,0.39732980728149414
cmksvqq5r17nsmzv5uxzwgdgb,0.42084789276123047
cmksvqpob177rmzv5t3gmgo5t,-0.4058549702167511
cmksvqork16rnmzv5utxkzj1u,-0.4024192988872528
cmksvqqc217tqmzv53dxx3bkx,0.3989238739013672
cmksvqoh316kymzv5u5o3r13l,0.5080927610397339
cmksvqpzt17idmzv5rxh8kkh6,0.39837148785591125
cmksvqomd16ommzv5g8x8zozs,-0.4131160080432892
cmksvqmi0157imzv5cvo1e6aq,-0.4094800651073456
cmksvqnno15rxmzv53fym3ali,-0.41794827580451965
cmksvqntu15y3mzv5cl4cgeto,-0.4331205487251282
cmksvqnas15hjmzv5zh5wm9iu,-0.4177792966365814
cmksvqo5m16a1mzv5aozv3ez4,-0.4098708927631378
cmksvqmdq157gmzv5ibb0ifh0,-0.4337599277496338
cmksvqm79157dmzv5a77s3kl5,-0.39301905035972595
cmksvqm9f157emzv5yp036of5,-0.4031375050544739
cmksvqobm16g7mzv5ufx7ay1f,-0.4192419648170471
cmksvqmqa15ccmzv5g01dzeot,-0.43387433886528015
cmksvqnzs163ymzv5l9nczhvs,-0.4049552381038666
cmksvqmbm157fmzv5nwh6a400,-0.38839563727378845
cmksvqmfv157hmzv5yy0uw0ak,-0.41322699189186096
cmksvqnh215llmzv58ef1tplo,-0.41993212699890137
cmksvqmo015cbmzv57gtvqhgt,0.394074022769928
cmksvqm4y157cmzv5wk105xns,-0.40333205461502075
cmksvqkh214hnmzv5zcf3n6be,0.4143805503845215
cmksvqi6w13a1mzv5apbkwjkv,0.42806532979011536
cmksvqi0w136mmzv5b6dcnju2,-0.42692920565605164
cmksvqgwo12rqmzv5v5m7ajoq,-0.4282418489456177
cmksvqjek144vmzv5tz108b8h,-0.42341944575309753
cmksvqh6w12xamzv5i6p7po4l,-0.41640380024909973
cmksvqj3z13wlmzv5q80xrg1j,-0.3964610993862152
cmksvqjym147pmzv524elijin,-0.43157273530960083
cmksvqkmd14kfmzv5bmi7v0hf,-0.40190547704696655
cmksvqlfc150vmzv5v4n33txc,-0.4075908362865448
cmksvqhc11306mzv5wel3njgc,-0.40562087297439575
cmksvql4314uhmzv524ii4jl6,-0.4072868227958679
cmksvqkyl14remzv5cgefb8mx,-0.4161868393421173
cmksvqhhb133bmzv5jymhxqkm,-0.41579386591911316
cmksvqla014xpmzv51hdafz24,-0.4143427610397339
cmksvqlyy1544mzv5bg9tnu7o,-0.4110386371612549
cmksvqkb114enmzv501f0h7gy,-0.39631035923957825
cmksvqida13dnmzv54d9r0ekm,-0.409175843000412
cmksvqitd13otmzv59m7aurfp,0.42273908853530884
cmksvqk5514b6mzv5fol4l7eu,-0.4075845181941986
cmksvqiyk13srmzv56lpndkwb,-0.43012842535972595
cmksvqj99140smzv5srqnxl60,0.3922911584377289
cmksvqio113l6mzv5ne1cjzp2,0.4128786027431488
cmksvqh1t12ukmzv50w39j5s4,-0.4254204332828522
cmksvqgrl12ovmzv5i916i19n,-0.43363866209983826
cmksvqiiq13h7mzv5xno5unvg,-0.43887874484062195
cmksvqkse14o0mzv5awtzfmmm,0.3945157825946808
cmksvqgaw12a6mzv5cpyw2opd,0.4203560948371887
cmksvqg4v126kmzv5s5bledml,-0.4147936999797821
cmksvqcqj100gmzv5lypn52vg,-0.4150274991989136
cmksvqddl10iqmzv5cm2lbwni,0.4003168046474457
cmksvqdjl10nqmzv5y3mplu8x,-0.40683361887931824
cmksvqfai11u0mzv5mtulvfrq,-0.3941674530506134
cmksvqcod100fmzv5io1wi4re,0.41359004378318787
cmksvqeze11jqmzv5gexowf45,0.4128343462944031
cmksvqcdw0zu0mzv5qtw2p2qt,-0.4088008403778076
cmksvqe4710s3mzv57g44apxi,-0.4268099367618561
cmksvqd7s10ecmzv5m0yqnvpx,0.39828816056251526
cmksvqetn11ejmzv5cndh7z9p,-0.3969818949699402
cmksvqffs11xkmzv5xnudethk,-0.41752761602401733
cmksvqeb710xsmzv5mh9jy63v,-0.4267868101596832
cmksvqggr12f9mzv54kmrlfb4,-0.394626647233963
cmksvqciw0zwpmzv5z2olvq1w,-0.43068209290504456
cmksvqgm812k6mzv5rjf0m9ku,-0.394435316324234
cmksvqd1x109fmzv53awe1pjq,0.42025595903396606
cmksvqei4113dmzv58aun1mu2,0.4236636161804199
cmksvqcw3104emzv5190s5p9f,0.3943318724632263
cmksvqfla1227mzv54fi6pkrw,0.41363683342933655
cmksvqf5511pjmzv5197bomb8,-0.4004363715648651
cmksvqenu1193mzv52heu7czt,-0.4442025423049927
cmksvqagj0yilmzv5ob3srx0z,0.5080969929695129
cmksvqbn60zivmzv5wze0ylff,0.4245942234992981
cmksvqb410z2amzv503y9y48r,-0.40723180770874023
cmksvqay20yxxmzv58iyo9h58,-0.4261362552642822
cmksvqbf60zcdmzv5s141sdjy,0.42515912652015686
cmksvqaa50ycrmzv5qfms2kg5,0.4198950231075287
cmksvq8dn0wrsmzv5bumkbauj,-0.48054879903793335
cmksvqb9l0z77mzv5z5wydt3t,-0.42486122250556946
cmksvqaru0yt6mzv5unlv0q3q,-0.4291572570800781
cmksvq8jw0wyymzv5in6mlkvd,-0.43290701508522034
cmksvq98q0xpsmzv56zk6ildb,-0.42031431198120117
cmksvqc7a0zokmzv50m2o5rl6,-0.411332368850708
cmksvq9en0xvomzv5r7lfzx0q,-0.43371206521987915
cmksvq8wt0xdjmzv58mkygtat,0.4327724277973175
cmksvq9q60y73mzv5321zlx6t,0.4249078035354614
cmksvq8qf0x6dmzv5h7u2uybm,0.4748973250389099
cmksvq9ke0y1hmzv588hr303n,0.429999977350235
cmksvqbl00ziumzv5q5nldzel,-0.4096525013446808
cmksvqam70yoemzv5n4va93zi,-0.433885782957077
cmksvq92p0xk3mzv5v5ikaqdy,-0.4011819660663605
cmksvq6860ur2mzv5s2yhynrr,0.5179287791252136
cmksvq4z80twjmzv56gr67zqm,-0.4108266234397888
cmksvq7460vs6mzv5mfs7ead9,0.5208117365837097
cmksvq6xs0vktmzv5wki22zfc,0.5229352116584778
cmksvq5gt0ud1mzv54op5ci90,0.5210409760475159
cmksvq8770wl1mzv5b5a4kpl1,0.5214366912841797
cmksvq54p0u08mzv5mvf4szo2,0.5242283344268799
cmksvq6la0v5rmzv5ps96vvgd,0.5232978463172913
cmksvq6rk0vdkmzv5zh6id8q6,-0.3949338495731354
cmksvq7n00wdxmzv5dvwechyh,0.43246471881866455
cmksvq7gf0w6jmzv5x9wwlj8o,0.5215054154396057
cmksvq6ev0uy9mzv5nhqurubc,0.43159908056259155
cmksvq4wr0twimzv5l9l1ized,0.6001892685890198
cmksvq7a40vzimzv5nl42ongz,-0.42063504457473755
cmksvq5al0u65mzv5odwac2v3,-0.4009707570075989
cmksvq61g0uk6mzv5nj8h6u7r,-0.4172452986240387
cmksvq4qd0tq4mzv5qyjg463u,-0.443124920129776
cmksvq4jf0tjomzv5ch6u0uzx,-0.4434172213077545
cmksvq3kg0tejmzv5njeeqjyb,-0.5823742747306824
cmksvq43x0tftmzv5qc34h2t8,-0.5751996636390686
cmksvq3880tbdmzv50qu7yhkj,0.4618493318557739
cmksvq3if0teimzv5tjuo3vup,-0.5798930525779724
cmksvq4e20tikmzv5k8dgr983,0.524322509765625
cmksvq35v0tbcmzv52swe3vii,0.47717273235321045
cmksvq30a0t89mzv5cxqsv1bx,0.43629875779151917
cmksvq4930th4mzv5xxd9udfy,-0.5624818801879883
cmksvq2uw0t4vmzv5f5j385q9,-0.4991183280944824
cmksvq3d90tcxmzv5jkvrv09i,0.5551510453224182
cmksvq1fs0sfemzv5adwb3tpy,0.42668741941452026
cmksvq1sm0snhmzv530lew1yp,0.45093321800231934
cmksvq2cf0sqymzv53slo4zs9,0.4465313255786896
cmksvq0wk0s1cmzv5990war2z,0.4185716509819031
cmksvq0jh0rstmzv5lygb31gl,0.42278972268104553
cmksvq1m50sjomzv56652kqre,0.42201435565948486
cmksvpzf30r8pmzv5elsnffmt,0.4207027852535248
cmksvq0pu0rwhmzv58ynwzk4q,0.4175887405872345
cmksvpzlf0re8mzv5y09izd4l,0.40872806310653687
cmksvq0680rkamzv56vk1wzso,0.42201849818229675
cmksvq1320s6gmzv5ygr4263w,0.42248743772506714
cmksvq2jj0sw8mzv5irjzuyh2,0.45540207624435425
cmksvq2pa0t01mzv5qkukeot9,0.5432119965553284
cmksvq19s0sbemzv572wxelm6,0.5440549254417419
cmksvq0d00roimzv5692w30s1,0.4315018951892853
cmksvpxgu0pxnmzv5vay0wu3i,0.46993327140808105
cmksvpx3i0po3mzv59baxn9hn,0.45649176836013794
cmksvpz1z0qw7mzv56hmkdagx,0.4597027599811554
cmksvpyly0qk6mzv52wmo1150,0.45887109637260437
cmksvpxa30ptemzv58cuzci1z,0.4612165689468384
cmksvpz8a0r1lmzv5wq8n0lbz,0.559224009513855
cmksvpy9i0qa2mzv5evv3oe6n,0.44629475474357605
cmksvpysa0qq8mzv52aaxrjn5,0.46232450008392334
cmksvpwdk0p4qmzv55rg5kk13,0.46246957778930664
cmksvpwjz0p97mzv5was5plcu,0.4551011323928833
cmksvpyfe0qe6mzv502im340d,0.4579554796218872
cmksvpyz10qw6mzv5zppgats3,0.4395163059234619
cmksvpw6s0oynmzv5ugii187h,-0.4336581230163574
cmksvpy1e0q3smzv5nj9ra9wd,0.48186030983924866
cmksvpwx80picmzv5lod4esu8,0.44524386525154114
cmksvpwqj0pdlmzv59fjk65cw,0.44579726457595825
cmksvpw3w0oymmzv5vf3d20xg,0.4004547595977783
cmksvpv910omhmzv5uhyehias,0.5709761381149292
cmksvpvfs0os3mzv5yhu0y64t,-0.5161206126213074
cmksvpw0h0oylmzv5yv8hcie6,0.49711930751800537
cmksvpum50o3wmzv5lg2owtks,-0.5519784092903137
cmksvputc0ob8mzv5s1yg1t0r,0.44768181443214417
cmksvpuwg0ob9mzv5580cao9j,0.5342012643814087
cmksvpv2o0ohwmzv5i5n7er84,0.6056082248687744
cmksvpuea0nxumzv5ysp0stk2,0.5522984266281128
cmksvpu8c0nvumzv5ol792btp,0.60703444480896
cmksvptvk0nm8mzv5xnr8q057,0.5466705560684204
cmksvpu2r0nrtmzv5q841snmf,0.4289306104183197
cmksvpsvj0n0umzv5fy29y0za,0.40408414602279663
cmksvpms70hzxmzv5dtvfodfa,-0.4117439091205597
cmksvpqfp0ky2mzv5i5tnfdjc,-0.4307725429534912
cmksvpowa0jsjmzv5j7mdcoxu,-0.4401787519454956
cmksvppyx0kismzv5zx7r9vvk,0.42774948477745056
cmksvppt80kdmmzv5babqw22f,-0.4065537750720978
cmksvpnka0iflmzv5qgz1omdm,-0.40771129727363586
cmksvpr8x0lqomzv5znjfdaho,-0.42808136343955994
cmksvpr1h0liemzv5ek98exwi,-0.4310270845890045
cmksvpsin0mojmzv57wq1z34x,-0.43049028515815735
cmksvpqtr0lbdmzv5tq6uuih1,-0.44849973917007446
cmksvpqm60l4gmzv5353fwfyu,-0.44125309586524963
cmksvpp2l0jzvmzv5bi5324dw,0.39787036180496216
cmksvpocq0j7xmzv5fl5442zp,-0.4084610939025879
cmksvpoq00jllmzv5ewgz5pnq,-0.44602257013320923
cmksvpq4d0kn8mzv597s1oj2p,-0.40796908736228943
cmksvprzx0m4emzv55citmgkb,-0.4258206784725189
cmksvpnrb0imbmzv5yteck91r,-0.4071769714355469
cmksvppmx0k6umzv546s6tpcc,-0.3960208296775818
cmksvpq9y0kslmzv5gc1qhqbo,-0.40773001313209534
cmksvpnyo0itfmzv5tru5lxnh,-0.439024955034256
cmksvps680marmzv57ipnqmkb,-0.44512927532196045
cmksvpncm0i7umzv57v844l9w,0.4525260329246521
cmksvpsxt0n0vmzv5drcbly73,0.4665917158126831
cmksvptac0ndtmzv5nb23hdyp,0.5883963704109192
cmksvpo5n0j0mmzv579prwq3h,0.48832857608795166
cmksvpt3x0n7lmzv5paxs7t96,0.3965432047843933
cmksvpoji0jevmzv55psqs770,-0.4355660676956177
cmksvprtj0lxomzv5c3nsgk6b,-0.43199777603149414
cmksvpsc30mhhmzv528j20al5,-0.43178683519363403
cmksvpsp70musmzv5d5m8aipe,-0.4181963801383972
cmksvpk610fu3mzv5291e4qut,0.4017642140388489
cmksvpmm50hugmzv5qjasqlkb,-0.4136866629123688
cmksvpjq00fijmzv59q72a1x3,-0.4211268126964569
cmksvplt70h30mzv5h6a2772w,-0.4200645387172699
cmksvplaj0gjamzv5xguau2e2,-0.41283562779426575
cmksvpmai0hjnmzv5gtls7qo1,-0.4232473373413086
cmksvpjt70fikmzv59hwwzcly,-0.4312334358692169
cmksvpk080fo0mzv5704a4fa6,-0.4166703224182129
cmksvpmgd0houmzv5gi7p5hqf,-0.4279637932777405
cmksvphjb0dtxmzv5ey65hm4n,-0.4737100899219513
cmksvpiex0ejdmzv5ek6857bs,-0.40430018305778503
cmksvpkqi0gd2mzv5pajat4d0,-0.41887977719306946
cmksvpim00eqmmzv5pmfb24qu,-0.42666319012641907
cmksvpkka0g6fmzv5um5iodv9,-0.4121468961238861
cmksvphlx0dtymzv5sinqrtqi,-0.433466374874115
cmksvplh10gpomzv5b3zoji2f,-0.4066486060619354
cmksvphv20dzxmzv5knf27ly9,0.4138139486312866
cmksvpjjx0fbhmzv5zgsw5fys,-0.40763744711875916
cmksvplz00h9omzv5m4bjhqt6,-0.41986194252967834
cmksvpi8k0ecymzv57apvwoay,-0.43364816904067993
cmksvpi1m0e6jmzv5vtkcgmxl,-0.41569381952285767
cmksvpke70fzrmzv5a8nupwvs,0.42908719182014465
cmksvpis90exnmzv5yizvmgwr,-0.4204048216342926
cmksvpjd90f4lmzv5bkmto9g4,-0.4177531898021698
cmksvphop0dtzmzv5gjv6a1ie,-0.4746173322200775
cmksvpk8b0fu4mzv5w8ea9s35,-0.4069003760814667
cmksvpm4o0heimzv5sbz0b5uv,-0.41816094517707825
cmksvpln40gwdmzv5vctfii4y,-0.4082983136177063
cmksvpgen0dbtmzv5dru25f4l,-0.42626506090164185
cmksvpbw00avomzv53u0f1ha0,-0.4189149737358093
cmksvpg930d7omzv59hupg45m,-0.47622498869895935
cmksvpgsq0dkdmzv5terfplk3,-0.44160041213035583
cmksvpbk60andmzv5di59kfcn,-0.4708865284919739
cmksvpcmm0baymzv5c296fe9j,-0.42585739493370056
cmksvphd00doymzv5qyxjen5g,-0.4271274209022522
cmksvpec20c8zmzv5g1f2t5f4,-0.44919708371162415
cmksvpe6r0c4jmzv5azymaol8,-0.4095957577228546
cmksvpdq90brsmzv5yf2l9i0p,-0.41509658098220825
cmksvpc960b3amzv5o4a0o14y,0.4009610116481781
cmksvpcgi0b71mzv504nvsehm,-0.4036208987236023
cmksvpehc0cd6mzv5l9na1s9j,-0.45770686864852905
cmksvpe190c06mzv5ui5nn2pb,0.41284072399139404
cmksvpg3n0d49mzv5q2pbyg9r,-0.4475230276584625
cmksvpfs70cy4mzv5757s78u3,-0.4426251947879791
cmksvpfgv0cr3mzv5a6gyiunv,-0.42320600152015686
cmksvpes40cklmzv5uabtf722,-0.44396108388900757
cmksvpemk0cg5mzv5d71dgwpq,-0.4427576959133148
cmksvpdvk0bvpmzv5f0ttknqx,-0.44920995831489563
cmksvpgpy0dkcmzv5u9yfoo65,0.3967925012111664
cmksvpgk70dftmzv5c5lv8z3i,0.3972504138946533
cmksvpcsr0betmzv58v1sypme,0.4227920174598694
cmksvpczg0bj3mzv5rx2k3ikr,-0.42851722240448
cmksvpexe0cnqmzv5ofbj8rd4,-0.39733752608299255
cmksvpfn00cusmzv5e226m0iq,0.40867316722869873
cmksvpdka0bncmzv5eqybc8rh,0.5473681092262268
cmksvpc210azjmzv5ieoayfsm,0.4086264669895172
cmksvpbq00arpmzv58r2f1xvc,-0.40809109807014465
cmksvpfy80d0ymzv5g5c79djt,-0.44705405831336975
cmksvpa8e0a9vmzv5l8fpr41d,-0.4113292694091797
cmksvpatg0agzmzv5iamgpihw,-0.42468950152397156
cmksvp9sb0a1bmzv5zkboigjb,-0.4219720959663391
cmksvpanb0ae6mzv5u85w5u1y,-0.44368985295295715
cmksvpa180a57mzv5godyljz4,0.39416074752807617
cmksvpab10a9wmzv5owsqsh28,-0.4380893111228943
cmksvpbds0ak5mzv57fefphoo,-0.398175448179245
cmksvpaeg0a9xmzv5o9mbjyek,-0.42244964838027954
cmksvpah50a9ymzv5ff771ya8,-0.4094729721546173
cmksvp9ya0a56mzv5bsgjtx2e,-0.4294743537902832
cmksvp8yv09mamzv5k9bkhmio,-0.4842252731323242
cmksvp3i7066zmzv5ssh2s6sl,-0.44814521074295044
cmksvp3o706crmzv5at93cszu,-0.4508756399154663
cmksvp7mb08j0mzv525qel4v1,-0.5057018995285034
cmksvp5ty07m5mzv5z85wergv,-0.44153544306755066
cmksvp60r07q2mzv5vh6dicb2,-0.496732622385025
cmksvp6v8087amzv5xn9dm4au,-0.4980868995189667
cmksvp88s08yumzv5jco8f4j7,-0.44419384002685547
cmksvp4b206tamzv5x660yvec,-0.43601110577583313
cmksvp6h2081zmzv5iihotstp,-0.5139464139938354
cmksvp81u08timzv5ujudkbaq,-0.44414690136909485
cmksvp8sj09hamzv55nba3yh2,-0.4623776972293854
cmksvp3b9061lmzv545tfqumn,-0.4850539267063141
cmksvp4q6075jmzv550zp86xv,0.4930359423160553
cmksvp6ko0820mzv5364fiyc4,-0.44051745533943176
cmksvp63r07q3mzv5r1gg1px0,-0.4461327791213989
cmksvp43906n6mzv5000j3xul,-0.4614441394805908
cmksvp7ff08d2mzv58xi641ka,0.4979793131351471
cmksvp6ak07w4mzv5le6ige9m,0.4909129738807678
cmksvp5mv07gqmzv5nozv3368,0.4895685911178589
cmksvp5g707brmzv5gu9euheg,0.4887980818748474
cmksvp7s308o5mzv5dwr2i8ds,0.4953951835632324
cmksvp6s40879mzv5ln0brftj,0.48830050230026245
cmksvp9ka09rqmzv5hhyq6xzh,0.5580631494522095
cmksvp4ip06zcmzv5xt8z6bqe,-0.41927585005760193
cmksvp7y508thmzv5uri0wuet,0.49163421988487244
cmksvp3vg06i9mzv5jdmw257q,-0.4164149761199951
cmksvp4y607bqmzv5lppsh4t4,0.49676522612571716
cmksvp8m909azmzv51o1wehrv,0.4904017448425293
cmksvp8fi094vmzv5urmydc4n,-0.49349740147590637
cmksvoz4603axmzv5cz2f4h87,0.490899920463562
cmksvp1k704xgmzv5k0gvvj5g,0.497115820646286
cmksvp0wl04ajmzv5tldm6uv5,-0.4700803756713867
cmksvp1w5055hmzv597qcybqb,-0.4320366680622101
cmksvp23705djmzv5o2v56k3f,-0.42394211888313293
cmksvp13q04i2mzv5bx55pvif,-0.456386536359787
cmksvp36w061kmzv5oc70qrpw,-0.41698068380355835
cmksvozbv03iumzv58re9afj3,-0.4211459457874298
cmksvp1bb04psmzv5ieg3b46k,-0.40922054648399353
cmksvp0ns042zmzv55o44em75,-0.4600903391838074
cmksvozz103vhmzv5y6er7e44,-0.47178399562835693
cmksvp1si055gmzv5npevo22w,-0.46932253241539
cmksvozkr03qbmzv5nzvdsp99,-0.404739111661911
cmksvozqe03qcmzv5bocvq3mj,-0.46073612570762634
cmksvp2aq05llmzv5e5wata3f,-0.4056125283241272
cmksvp2jb05timzv5f1urra1f,-0.4367973208427429
cmksvoyqk0335mzv5bg2q8pps,-0.44341132044792175
cmksvoxgg029fmzv5i9tfm2jo,-0.45875898003578186
cmksvoxav029emzv5vp90qg7h,-0.4125846326351166
cmksvoyyj03awmzv5ji3fnjf3,0.49782854318618774
cmksvoy2t02fgmzv5qqbu3boa,-0.437076210975647
cmksvox57029dmzv5tghiyyfz,-0.4493267238140106
cmksvoy9w02ocmzv59yio3spk,0.508343517780304
cmksvoyij02x5mzv54cytjlv6,0.4912011921405792
cmksvouut0175mzv5jlbhvv9s,-0.4647083282470703
cmksvowo601vkmzv5rtpuac63,-0.4312177300453186
cmksvovyw01c4mzv5utayrh33,-0.4574965238571167
cmksvovru01c3mzv586eni5s2,-0.4462208151817322
cmksvowf701ogmzv52cw77fkt,-0.44729185104370117
cmksvow6f01hgmzv5g7siwe33,-0.4505973160266876
cmksvouh50126mzv56mfrz2c9,-0.45393455028533936
cmksvovkm01c2mzv591y1id7o,-0.4490044414997101
cmksvowx4022lmzv5duygbpq9,-0.44593697786331177
cmksvov2n01c1mzv5nkmqfnjz,-0.46457964181900024
cmksvoum40127mzv5e5ajti67,-0.45209723711013794
cmksvou9h00yemzv5ptu1x10j,0.535953938961029
cmksvora7003omzv5qobp351m,-0.44206351041793823
cmksvordk003pmzv5urvf2v4u,0.5213729739189148
cmksvou2d00pomzv521mo3iln,0.5614389181137085
cmksvosew00ixmzv58myhyx92,-0.4023696184158325
cmksvorn0003qmzv5r6rjyl1s,-0.42693889141082764
cmksvotof00j1mzv54z2wuv4e,0.5090103149414062
cmksvos0500b7mzv5tmc7q57r,0.4174603223800659
cmksvos7n00ivmzv5phd3jjl2,0.395218163728714
cmksvosau00iwmzv53ja74jv7,-0.4151562452316284
cmksvosu700iymzv5svs1pus6,-0.4151497185230255
cmksvoti400j0mzv516dnp4uk,0.4039061963558197
cmksvotde00izmzv5j0c8azgi,0.40682995319366455
cmksvotti00j2mzv5ypcg7vtp,0.40917810797691345
cmksvoqzt0000mzv5mz0psnmt,-0.5841103196144104
cmksvor75003nmzv5l1dhnymq,-0.4135296940803528
